cv eeslv value,ppasys,paosys,ecmoUnitFlow,ecmop1,left flow,caSys_O2sat,pcv,ppadia,ppaavg,ppcw
0.2,26.7629,43.1141,22.1419,-25.4913,2.952,99.9735,1.4284,26.4382,26.4872,26.4852
0.2098,26.7612,43.1123,22.1425,-25.4913,2.9523,99.9756,1.4296,26.4379,26.4869,26.4851
0.2196,26.7644,43.1147,22.1416,-25.49,2.9518,99.9731,1.4291,26.4375,26.4879,26.4859
0.2294,26.765,43.1137,22.1424,-25.4895,2.953,99.9722,1.4299,26.4369,26.4894,26.4843
0.2392,26.7611,43.1143,22.1429,-25.4924,2.9529,99.9753,1.4299,26.4374,26.4862,26.484
0.249,26.7619,43.112,22.1425,-25.4919,2.9531,99.9747,1.4306,26.4372,26.4882,26.487
0.2589,26.7647,43.1106,22.1427,-25.4919,2.9517,99.9733,1.4292,26.4384,26.4889,26.4838
0.2687,26.7639,43.1149,22.1423,-25.4909,2.9504,99.974,1.4296,26.4374,26.4877,26.4839
0.2785,26.776,43.347,22.1767,-25.4802,2.9555,99.9727,1.4381,26.4098,26.4618,26.4568
0.2883,26.7765,43.3478,22.176,-25.4808,2.9552,99.9739,1.4376,26.41,26.4628,26.4561
0.2981,26.7756,43.347,22.1761,-25.4789,2.9564,99.9731,1.437,26.4094,26.4611,26.4568
0.3079,26.8061,43.8721,22.244,-25.4548,2.9648,99.9708,1.4538,26.3468,26.4042,26.3891
0.3177,26.806,43.872,22.2445,-25.4535,2.9651,99.9733,1.4549,26.3461,26.4036,26.3901
0.3275,26.9655,46.467,22.5232,-25.3262,3.0016,99.9634,1.5349,26.0303,26.1127,26.0539
0.3373,26.9659,46.4666,22.5228,-25.3272,3.0002,99.9643,1.534,26.0288,26.1127,26.0532
0.3471,26.9644,46.4658,22.524,-25.3287,2.9981,99.9667,1.5343,26.0284,26.112,26.0527
0.357,27.0755,48.0454,22.604,-25.2589,3.0102,99.9639,1.585,25.8273,25.9325,25.8435
0.3668,27.0732,48.0461,22.6037,-25.2579,3.0104,99.9629,1.5837,25.8272,25.9354,25.8452
0.3766,27.3017,51.1565,22.6119,-25.124,3.0163,99.9663,1.6873,25.4143,25.5741,25.4131
0.3864,27.3035,51.156,22.6111,-25.128,3.0133,99.9659,1.6894,25.414,25.5732,25.4141
0.3962,27.303,51.1571,22.6104,-25.126,3.015,99.9668,1.6883,25.4145,25.5733,25.4142
0.406,27.4332,53.3407,22.6137,-25.0166,3.0151,99.9681,1.7623,25.1119,25.3152,25.1081
0.4158,27.4334,53.3407,22.6107,-25.0174,3.0156,99.9652,1.7614,25.1133,25.3146,25.1064
0.4256,27.5915,56.6335,22.5585,-24.8251,3.0105,99.9643,1.8757,24.6356,24.9108,24.6237
0.4354,27.592,56.6326,22.5603,-24.824,3.0087,99.9652,1.8756,24.6352,24.911,24.6244
0.4452,27.5928,56.6322,22.5592,-24.8253,3.011,99.9641,1.8752,24.6367,24.9124,24.6252
0.4551,27.6416,57.9862,22.5352,-24.742,3.0076,99.9638,1.9232,24.4348,24.7415,24.4229
0.4649,27.6401,57.9862,22.534,-24.7409,3.0071,99.9639,1.923,24.4355,24.7437,24.4228
0.4747,27.6407,57.9869,22.5339,-24.7415,3.0065,99.9625,1.9242,24.4344,24.7429,24.4228
0.4845,27.7122,60.3763,22.4926,-24.5939,3.0018,99.9612,2.0109,24.0804,24.442,24.0646
0.4943,27.7147,60.3764,22.4927,-24.5931,3.0029,99.9604,2.011,24.081,24.4414,24.0646
0.5041,27.742,61.1838,22.4866,-24.5544,2.9985,99.9622,2.0377,23.9652,24.3457,23.946
0.5139,27.7426,61.1836,22.4865,-24.5559,3.0006,99.9604,2.0386,23.9656,24.3457,23.9475
0.5237,27.7411,61.1846,22.4866,-24.5547,3.0008,99.9591,2.0378,23.9646,24.3446,23.9481
0.5335,27.799,63.6598,22.448,-24.425,2.9944,99.9569,2.1251,23.5997,24.0382,23.5793
0.5433,27.7988,63.6621,22.449,-24.4231,2.9948,99.9591,2.1244,23.6013,24.0405,23.5784
0.5532,27.8935,68.3794,22.3838,-24.2046,2.9847,99.9529,2.2891,22.9142,23.4637,22.8879
0.563,27.8932,68.383,22.3836,-24.2032,2.9849,99.9525,2.288,22.9129,23.4646,22.8916
0.5728,27.8914,68.3793,22.3846,-24.2048,2.9848,99.9528,2.2884,22.9126,23.4646,22.8885
0.5826,27.9411,70.6365,22.3507,-24.1088,2.9797,99.9513,2.3668,22.5905,23.1957,22.5648
0.5924,27.9415,70.6364,22.3517,-24.1102,2.981,99.9493,2.3666,22.5892,23.1965,22.5673
0.6022,27.9521,71.2854,22.3413,-24.0813,2.9776,99.9493,2.389,22.498,23.1177,22.4726
0.612,27.9537,71.2839,22.3399,-24.0817,2.9766,99.9503,2.389,22.497,23.1184,22.4725
0.6218,27.9543,71.2834,22.3427,-24.0834,2.978,99.9501,2.3902,22.4973,23.1172,22.4733
0.6316,28.0139,74.0843,22.3013,-23.9901,2.9721,99.9479,2.4796,22.1055,22.7941,22.0785
0.6414,28.0133,74.0844,22.298,-23.9914,2.9716,99.9465,2.4811,22.1059,22.7948,22.08
0.6513,28.0371,75.3088,22.2789,-23.9419,2.9688,99.9444,2.5199,21.9346,22.6544,21.9079
0.6611,28.0394,75.3083,22.2799,-23.9406,2.9676,99.9437,2.519,21.9367,22.6568,21.9084
0.6709,28.0388,75.3075,22.28,-23.9435,2.969,99.9454,2.5205,21.9351,22.6579,21.9083
0.6807,28.0823,77.4654,22.2433,-23.8286,2.961,99.9448,2.5892,21.6358,22.411,21.61
0.6905,28.083,77.4667,22.2409,-23.8307,2.9622,99.9423,2.589,21.6354,22.4088,21.6075
0.7003,28.106,78.6929,22.2199,-23.7627,2.9612,99.9428,2.6274,21.4638,22.271,21.4387
0.7101,28.1056,78.6939,22.2185,-23.7616,2.9598,99.9419,2.6285,21.4655,22.2713,21.4392
0.7199,28.105,78.692,22.2211,-23.7605,2.9601,99.9394,2.6281,21.4648,22.2702,21.4391
0.7297,28.1332,80.1327,22.192,-23.682,2.962,99.9392,2.6766,21.2662,22.106,21.2377
0.7395,28.1325,80.1332,22.1922,-23.6792,2.9609,99.9405,2.6755,21.2655,22.1071,21.2381
0.7493,28.1322,80.1327,22.1907,-23.681,2.9603,99.9396,2.6751,21.2661,22.1056,21.2397
0.7592,28.1465,81.0218,22.1764,-23.6297,2.9575,99.9403,2.7062,21.1408,22.0064,21.114
0.769,28.1466,81.0237,22.1763,-23.6302,2.961,99.9397,2.7053,21.1403,22.0029,21.1156
0.7788,28.1756,82.8833,22.1412,-23.5181,2.9527,99.9375,2.7673,20.8794,21.7912,20.8535
0.7886,28.176,82.8849,22.1412,-23.5192,2.9539,99.9348,2.7655,20.8807,21.7923,20.8541
0.7984,28.1767,82.8851,22.1418,-23.518,2.9539,99.9359,2.7642,20.8789,21.7912,20.8546
0.8082,28.2163,85.8589,22.0863,-23.333,2.9455,99.9323,2.8647,20.4623,21.4505,20.4374
0.818,28.2169,85.8596,22.0866,-23.334,2.9461,99.9325,2.8647,20.4607,21.4496,20.4382
0.8278,28.2445,88.0012,22.05,-23.2035,2.9409,99.9303,2.935,20.1611,21.2048,20.1378
0.8376,28.2436,88.0028,22.0496,-23.202,2.9399,99.9299,2.9349,20.1598,21.201,20.1357
0.8474,28.2429,88.0014,22.0471,-23.2028,2.9379,99.9327,2.9354,20.1582,21.2047,20.1371
0.8573,28.2535,88.7392,22.0349,-23.1586,2.938,99.9296,2.9605,20.0567,21.1179,20.0317
0.8671,28.2531,88.7398,22.0344,-23.1575,2.9385,99.931,2.9599,20.0567,21.1188,20.0337
0.8769,28.2736,90.8556,21.9944,-23.0253,2.9339,99.9263,3.0307,19.7562,20.8735,19.732
0.8867,28.2727,90.8579,21.9957,-23.0226,2.9321,99.9248,3.0323,19.7543,20.8739,19.7326
0.8965,28.273,90.8572,21.9988,-23.0256,2.931,99.9267,3.0327,19.7556,20.8717,19.7336
0.9063,28.2824,91.9069,21.9766,-22.9669,2.9303,99.9244,3.0685,19.6065,20.7504,19.585
0.9161,28.2832,91.9062,21.979,-22.9669,2.9292,99.9251,3.0673,19.605,20.7525,19.5842
0.9259,28.2938,93.6619,21.9458,-22.8929,2.9274,99.9223,3.1274,19.3547,20.5466,19.3354
0.9357,28.2961,93.6606,21.9476,-22.8902,2.9285,99.9215,3.1277,19.3566,20.5462,19.3361
0.9455,28.2963,93.6615,21.9484,-22.8896,2.928,99.9238,3.1256,19.3564,20.5447,19.3354
0.9554,28.3005,94.5439,21.9307,-22.843,2.9249,99.9216,3.1579,19.2303,20.4447,19.2106
0.9652,28.2995,94.5432,21.9307,-22.8427,2.9268,99.9215,3.1583,19.2305,20.4436,19.2096
0.975,28.3005,94.5432,21.9311,-22.8429,2.9253,99.9182,3.1582,19.2308,20.4422,19.2116
0.9848,28.3086,96.0738,21.9011,-22.7438,2.9234,99.9185,3.2098,19.0112,20.2654,18.9934
0.9946,28.3076,96.0729,21.8991,-22.7445,2.9245,99.9167,3.2118,19.0124,20.2652,18.9935
1.0044,28.313,97.2256,21.8835,-22.6813,2.9181,99.9147,3.2502,18.8463,20.1288,18.8284
1.0142,28.3113,97.2296,21.8822,-22.6818,2.9175,99.9151,3.2506,18.8465,20.1293,18.8291
1.024,28.3109,97.2281,21.8818,-22.6815,2.9202,99.9165,3.2498,18.846,20.1279,18.829
1.0338,28.3154,98.4557,21.8665,-22.6302,2.914,99.9144,3.2943,18.6679,19.9836,18.651
1.0436,28.3142,98.4557,21.8668,-22.6309,2.9127,99.9138,3.2949,18.6685,19.9835,18.653
1.0535,28.3144,99.655,21.8478,-22.5786,2.9119,99.9123,3.3366,18.4937,19.8405,18.4803
1.0633,28.3181,99.6562,21.848,-22.5774,2.9111,99.9115,3.3366,18.4938,19.8426,18.4793
1.0731,28.316,99.6563,21.8485,-22.5788,2.9109,99.9129,3.3385,18.4936,19.8405,18.4792
1.0829,28.3143,100.7778,21.8359,-22.5326,2.9108,99.912,3.3749,18.332,19.707,18.3213
1.0927,28.3164,100.7787,21.8328,-22.5333,2.9115,99.9111,3.3758,18.3329,19.7083,18.3197
1.1025,28.3137,101.5407,21.8241,-22.502,2.9092,99.9111,3.4049,18.2212,19.6192,18.2097
1.1123,28.3145,101.5391,21.8251,-22.5003,2.9119,99.9112,3.403,18.2212,19.6198,18.2114
1.1221,28.3155,101.5401,21.824,-22.4996,2.9106,99.9084,3.4039,18.2211,19.6195,18.2106
1.1319,28.3107,102.8197,21.8072,-22.4439,2.9106,99.9083,3.4504,18.0374,19.4679,18.0269
1.1417,28.3135,102.8182,21.8057,-22.4458,2.9076,99.9069,3.4497,18.0373,19.4672,18.0279
1.1516,28.309,103.9998,21.7854,-22.3885,2.9064,99.9048,3.4941,17.8661,19.3277,17.86
1.1614,28.3084,103.9988,21.7855,-22.3886,2.9072,99.904,3.4913,17.8642,19.3276,17.8605
1.1712,28.308,103.9971,21.7866,-22.3898,2.9057,99.9051,3.4929,17.866,19.3264,17.8576
1.181,28.3049,105.2579,21.7653,-22.3295,2.9018,99.9014,3.5399,17.6821,19.1763,17.6772
1.1908,28.3044,105.2568,21.7659,-22.3277,2.9043,99.9033,3.5383,17.6806,19.1774,17.6772
1.2006,28.3001,106.1667,21.7513,-22.2757,2.9007,99.9031,3.5721,17.5515,19.0671,17.5458
1.2104,28.2997,106.1676,21.7522,-22.2749,2.9002,99.9003,3.5717,17.5502,19.0688,17.5441
1.2202,28.3002,106.1676,21.7521,-22.2769,2.9028,99.9021,3.5726,17.5489,19.069,17.5447
1.23,28.2923,107.3494,21.7327,-22.2053,2.8964,99.8988,3.6131,17.3776,18.9272,17.3736
1.2398,28.2923,107.3513,21.7319,-22.2045,2.8997,99.899,3.614,17.3769,18.9257,17.3757
1.2496,28.2937,107.3521,21.7323,-22.2062,2.8983,99.8999,3.613,17.3763,18.9268,17.3746
1.2595,28.2822,109.0448,21.7086,-22.0869,2.8924,99.896,3.6764,17.1303,18.7222,17.1311
1.2693,28.282,109.0408,21.7076,-22.0876,2.8933,99.8954,3.6784,17.1306,18.7243,17.1313
1.2791,28.2732,110.1926,21.6892,-22.0124,2.8932,99.8956,3.7184,16.9601,18.5864,16.9657
1.2889,28.274,110.1926,21.6886,-22.0127,2.8909,99.8946,3.7216,16.9613,18.5855,16.966
1.2987,28.2721,110.1924,21.6889,-22.0157,2.8932,99.8932,3.7198,16.9599,18.5866,16.9656
1.3085,28.2661,110.9811,21.6759,-21.9656,2.8895,99.8933,3.7483,16.845,18.4924,16.8489
1.3183,28.2656,110.9828,21.6771,-21.9628,2.888,99.8914,3.7479,16.844,18.492,16.8494
1.3281,28.2602,111.7719,21.6645,-21.923,2.8884,99.8908,3.7768,16.7301,18.3979,16.7378
1.3379,28.2577,111.7733,21.6631,-21.9207,2.8881,99.8924,3.7786,16.7321,18.3971,16.735
1.3477,28.2574,111.7734,21.6626,-21.9239,2.8919,99.8912,3.7783,16.7296,18.3951,16.7348
1.3576,28.2516,112.2998,21.6563,-21.8939,2.8868,99.8926,3.7971,16.6517,18.3331,16.6586
1.3674,28.2532,112.3007,21.6551,-21.8957,2.8867,99.8902,3.7974,16.6511,18.332,16.6596
1.3772,28.2396,113.6142,21.6381,-21.8243,2.8827,99.8871,3.8475,16.4583,18.1745,16.4692
1.387,28.2371,113.6157,21.6364,-21.8231,2.883,99.8881,3.8453,16.4565,18.1759,16.4691
1.3968,28.2377,113.617,21.6387,-21.8233,2.8815,99.8874,3.8491,16.4596,18.1757,16.47
1.4066,28.2358,113.7603,21.6351,-21.8168,2.8836,99.8864,3.8553,16.4398,18.1578,16.4485
1.4164,28.2355,113.7589,21.6343,-21.8161,2.8829,99.8868,3.8539,16.4371,18.1566,16.4497
1.4262,28.2327,114.0258,21.6287,-21.8033,2.8808,99.8872,3.8642,16.3988,18.1252,16.412
1.436,28.2336,114.028,21.6307,-21.8038,2.8816,99.8866,3.8638,16.3978,18.1246,16.4112
1.4458,28.2332,114.0248,21.6301,-21.8042,2.8811,99.8869,3.8628,16.3981,18.1242,16.4093
1.4557,28.218,115.2025,21.6129,-21.7521,2.8771,99.8836,3.9077,16.2252,17.9818,16.2392
1.4655,28.217,115.2032,21.6143,-21.7516,2.8778,99.8846,3.9075,16.2258,17.9829,16.2386
1.4753,28.1804,117.646,21.5751,-21.6545,2.8722,99.8813,4.0017,15.8651,17.6886,15.8847
1.4851,28.1832,117.6451,21.5755,-21.6565,2.8727,99.8807,3.9998,15.8648,17.6896,15.8859
1.4949,28.182,117.6456,21.5763,-21.6563,2.8743,99.8792,4.0004,15.8641,17.6892,15.8866
1.5047,28.1649,118.643,21.5617,-21.609,2.8721,99.8776,4.0386,15.7195,17.5704,15.7415
1.5145,28.1654,118.6438,21.56,-21.6084,2.871,99.8783,4.0386,15.718,17.5684,15.7403
1.5243,28.1661,118.6443,21.5592,-21.6075,2.8719,99.8779,4.0407,15.7195,17.5692,15.7421
1.5341,28.1554,119.3296,21.5482,-21.5758,2.871,99.8762,4.0682,15.6199,17.4862,15.6436
1.5439,28.1568,119.3282,21.5494,-21.5759,2.8701,99.8755,4.0641,15.6182,17.4866,15.6426
1.5538,28.1511,119.6164,21.5463,-21.5598,2.8696,99.8772,4.0767,15.5742,17.4509,15.6015
1.5636,28.1511,119.6162,21.5458,-21.5593,2.8699,99.8759,4.0784,15.5763,17.4502,15.601
1.5734,28.1506,119.6174,21.5464,-21.5616,2.8704,99.8752,4.0781,15.5761,17.452,15.6005
1.5832,28.1324,120.5413,21.5297,-21.503,2.8701,99.8751,4.113,15.4393,17.3405,15.4686
1.593,28.134,120.5399,21.5303,-21.5034,2.8705,99.8755,4.1126,15.4408,17.3402,15.4692
1.6028,28.1205,121.2165,21.5198,-21.4613,2.8691,99.8744,4.1392,15.3411,17.2596,15.3704
1.6126,28.1222,121.2157,21.5195,-21.4627,2.8695,99.8738,4.1373,15.3409,17.2581,15.3713
1.6224,28.121,121.2161,21.5215,-21.4592,2.8699,99.8731,4.1375,15.3399,17.2584,15.3706
1.6322,28.1109,121.8296,21.5098,-21.419,2.8694,99.8713,4.1631,15.2505,17.1833,15.281
1.642,28.1106,121.8317,21.5094,-21.4199,2.8688,99.8734,4.1634,15.2524,17.183,15.2812
1.6519,28.0968,122.5359,21.4965,-21.3732,2.8671,99.8708,4.1913,15.1473,17.1009,15.1771
1.6617,28.0961,122.5349,21.4981,-21.3726,2.8656,99.8718,4.1922,15.1469,17.099,15.1793
1.6715,28.0959,122.536,21.4966,-21.3733,2.8677,99.871,4.1887,15.1477,17.0994,15.1788
1.6813,28.0794,123.3735,21.4832,-21.3148,2.8639,99.8702,4.2237,15.0236,17.0014,15.0592
1.6911,28.0804,123.3717,21.4842,-21.3144,2.8613,99.8708,4.2236,15.0254,16.9981,15.0603
1.7009,28.0686,123.9111,21.4762,-21.2775,2.8609,99.8684,4.2441,14.9445,16.9343,14.9809
1.7107,28.07,123.9111,21.475,-21.2781,2.8607,99.8694,4.2454,14.945,16.9343,14.9811
1.7205,28.0692,123.9125,21.4751,-21.2783,2.8602,99.8671,4.2433,14.9462,16.9347,14.9827
1.7303,28.052,124.6528,21.4652,-21.2297,2.8612,99.8681,4.274,14.8365,16.8453,14.8755
1.7401,28.0519,124.6526,21.4665,-21.2295,2.859,99.8657,4.2719,14.8376,16.8462,14.8756
1.7499,28.0503,124.6515,21.4669,-21.2288,2.8625,99.8638,4.2738,14.8391,16.8452,14.8737
1.7598,28.0417,125.0625,21.4603,-21.2151,2.8599,99.8651,4.291,14.7761,16.7942,14.8156
1.7696,28.0414,125.0611,21.4608,-21.2128,2.8596,99.8646,4.2896,14.7767,16.7947,14.8148
1.7794,28.0288,125.6663,21.4518,-21.2131,2.8605,99.8642,4.3141,14.6882,16.7235,14.7302
1.7892,28.0286,125.6664,21.4524,-21.214,2.8602,99.8638,4.313,14.6899,16.7226,14.7295
1.799,28.0268,125.666,21.4525,-21.2127,2.8612,99.8639,4.3143,14.6882,16.7245,14.7313
1.8088,28.0284,125.669,21.4551,-21.213,2.8611,99.8642,4.3142,14.6889,16.7263,14.7291
1.8186,28.0287,125.6655,21.4531,-21.216,2.8598,99.8637,4.314,14.6878,16.7224,14.7294
1.8284,28.0114,126.3301,21.4434,-21.1816,2.8589,99.8636,4.3385,14.5919,16.6432,14.6366
1.8382,28.011,126.3293,21.4447,-21.181,2.8588,99.8641,4.3403,14.5914,16.6427,14.6359
1.848,28.0122,126.3291,21.4449,-21.1798,2.8595,99.8638,4.3418,14.5919,16.6441,14.6367
1.8579,27.9891,127.2992,21.4287,-21.1403,2.8567,99.8607,4.3769,14.4513,16.5273,14.4985
1.8677,27.9876,127.3003,21.4288,-21.1409,2.8562,99.8616,4.3777,14.4506,16.5287,14.4973
1.8775,27.9442,129.0157,21.4044,-21.0494,2.8519,99.8566,4.4455,14.2042,16.3233,14.2542
1.8873,27.9463,129.0155,21.4024,-21.0508,2.8516,99.8559,4.4452,14.2028,16.3232,14.2547
1.8971,27.9447,129.0145,21.4048,-21.0511,2.8507,99.8561,4.4449,14.2016,16.325,14.254
1.9069,27.9107,130.3431,21.382,-20.9718,2.8514,99.8544,4.4985,14.0108,16.165,14.0672
1.9167,27.9121,130.3445,21.3807,-20.9718,2.85,99.8539,4.5005,14.01,16.1664,14.0657
1.9265,27.907,130.5274,21.3789,-20.9603,2.8517,99.8521,4.5061,13.9813,16.1466,14.0398
1.9363,27.9081,130.5253,21.38,-20.9608,2.8489,99.8548,4.5062,13.9853,16.1443,14.0403
1.9461,27.9087,130.5255,21.3795,-20.9584,2.8483,99.8545,4.5048,13.9853,16.1457,14.0395
1.956,27.9073,130.5249,21.3813,-20.9579,2.85,99.855,4.5058,13.983,16.145,14.0394
1.9658,27.9071,130.5259,21.3803,-20.958,2.8482,99.8545,4.5044,13.9832,16.1469,14.0418
1.9756,27.8892,131.1778,21.368,-20.9048,2.8495,99.8522,4.5308,13.8909,16.0671,13.9496
1.9854,27.8903,131.1768,21.3679,-20.9051,2.85,99.8532,4.5304,13.89,16.0683,13.9481
1.9952,27.889,131.1776,21.3676,-20.9055,2.8505,99.8513,4.5323,13.8922,16.0692,13.9495
2.005,27.8852,131.3408,21.3637,-20.8921,2.851,99.8519,4.536,13.866,16.0491,13.9267
2.0148,27.8859,131.3369,21.3657,-20.8918,2.8513,99.851,4.5376,13.8662,16.0487,13.9268
2.0246,27.8843,131.3378,21.3658,-20.8897,2.8498,99.8519,4.5383,13.866,16.0489,13.928
2.0344,27.8686,131.8979,21.3559,-20.8426,2.8498,99.8511,4.5604,13.7829,15.9837,13.845
2.0442,27.8686,131.8979,21.3549,-20.8414,2.8502,99.8513,4.5625,13.783,15.9807,13.8473
2.0541,27.8533,132.4508,21.3448,-20.8145,2.8475,99.8517,4.5815,13.7042,15.9176,13.7667
2.0639,27.852,132.4507,21.3458,-20.8155,2.8495,99.8516,4.5823,13.704,15.9155,13.7689
2.0737,27.8523,132.4523,21.3451,-20.8149,2.8475,99.8491,4.5831,13.7034,15.9147,13.7687
2.0835,27.8314,133.2569,21.3317,-20.7908,2.8416,99.8494,4.6167,13.5893,15.8197,13.6525
2.0933,27.8289,133.257,21.3323,-20.7918,2.842,99.8486,4.6135,13.5877,15.821,13.6519
2.1031,27.8179,133.6419,21.3214,-20.7707,2.8398,99.8484,4.6313,13.5349,15.7747,13.5991
2.1129,27.8171,133.643,21.3227,-20.7684,2.8406,99.8485,4.6304,13.5331,15.7747,13.5994
2.1227,27.8163,133.6416,21.3229,-20.7699,2.8409,99.8507,4.6324,13.5317,15.7748,13.5995
2.1325,27.8033,134.1486,21.3139,-20.7272,2.8422,99.8479,4.6503,13.4611,15.7162,13.5295
2.1423,27.801,134.1506,21.3155,-20.7248,2.8395,99.8478,4.6519,13.4615,15.7147,13.5293
2.1522,27.7923,134.504,21.3078,-20.6932,2.8418,99.8456,4.6667,13.41,15.6733,13.4808
2.162,27.7897,134.5033,21.3092,-20.6913,2.841,99.8465,4.6665,13.4099,15.6746,13.4787
2.1718,27.7913,134.5011,21.3092,-20.692,2.8403,99.847,4.6645,13.4078,15.6739,13.4793
2.1816,27.7728,135.0979,21.3,-20.6438,2.8397,99.8449,4.6889,13.3253,15.6054,13.3962
2.1914,27.7738,135.0993,21.3002,-20.6414,2.8385,99.8454,4.689,13.3262,15.6048,13.3946
2.2012,27.7735,135.1572,21.2981,-20.6396,2.8378,99.8446,4.6915,13.3147,15.5974,13.3877
2.211,27.7722,135.1599,21.2978,-20.6411,2.8392,99.8476,4.6924,13.3173,15.596,13.3873
2.2208,27.7713,135.1589,21.2989,-20.6399,2.8409,99.8459,4.6917,13.3168,15.5965,13.3888
2.2306,27.7582,135.6471,21.292,-20.6124,2.8396,99.8445,4.7113,13.2464,15.54,13.3203
2.2404,27.757,135.646,21.29,-20.6118,2.8417,99.8437,4.7124,13.2484,15.5395,13.3186
2.2503,27.7383,136.2755,21.2805,-20.5781,2.8367,99.8432,4.7358,13.1581,15.4678,13.2364
2.2601,27.7379,136.2727,21.2807,-20.5782,2.8376,99.8437,4.7359,13.1594,15.4648,13.2333
2.2699,27.7365,136.2735,21.2806,-20.5768,2.8363,99.8423,4.7373,13.1566,15.4651,13.2344
2.2797,27.6894,137.7806,21.2579,-20.5177,2.8334,99.8408,4.7949,12.9453,15.2925,13.0271
2.2895,27.6876,137.7829,21.2546,-20.5161,2.8309,99.8394,4.7981,12.9451,15.2933,13.026
2.2993,27.6863,137.7818,21.2549,-20.5174,2.8333,99.8396,4.7956,12.9446,15.2938,13.0259
2.3091,27.6668,138.3727,21.2444,-20.4857,2.8321,99.8379,4.8198,12.8621,15.2246,12.9461
2.3189,27.669,138.3728,21.2456,-20.4864,2.8303,99.8377,4.8206,12.8606,15.2244,12.9481
2.3287,27.6543,138.7684,21.2374,-20.4689,2.8291,99.8378,4.8337,12.8068,15.1791,12.893
2.3385,27.6555,138.7661,21.2369,-20.4676,2.829,99.8369,4.8362,12.8085,15.1784,12.8926
2.3483,27.654,138.7674,21.2366,-20.4697,2.8293,99.8374,4.8348,12.8088,15.1788,12.8931
2.3582,27.6547,138.844,21.2358,-20.464,2.8312,99.8375,4.8391,12.7976,15.17,12.8811
2.368,27.6537,138.8414,21.236,-20.4638,2.8297,99.8372,4.8395,12.7968,15.1698,12.8817
2.3778,27.643,139.1339,21.233,-20.4314,2.8294,99.8395,4.8506,12.758,15.1366,12.8418
2.3876,27.642,139.1352,21.2312,-20.4326,2.83,99.838,4.8517,12.7558,15.1385,12.8435
2.3974,27.6417,139.1334,21.2328,-20.4332,2.8299,99.837,4.8516,12.7563,15.1389,12.8446
2.4072,27.6322,139.5105,21.2252,-20.4131,2.8302,99.8364,4.8673,12.703,15.094,12.7916
2.417,27.6321,139.511,21.225,-20.4101,2.8291,99.8366,4.8652,12.7026,15.0943,12.7921
2.4268,27.6127,140.0246,21.2141,-20.4001,2.8291,99.8344,4.886,12.6357,15.0354,12.7219
2.4366,27.6123,140.0242,21.2176,-20.4011,2.8288,99.8361,4.8856,12.6337,15.0355,12.7218
2.4464,27.6104,140.0255,21.2152,-20.3988,2.8299,99.8357,4.8857,12.6334,15.0353,12.7215
2.4563,27.5994,140.3912,21.2114,-20.3793,2.8284,99.8341,4.9009,12.5817,14.9941,12.6727
2.4661,27.5994,140.3888,21.2105,-20.3776,2.8301,99.8337,4.9014,12.5807,14.9945,12.6732
2.4759,27.5844,140.8134,21.2031,-20.3295,2.8305,99.8335,4.9194,12.5231,14.944,12.6153
2.4857,27.5817,140.9031,21.2025,-20.3249,2.8276,99.8324,4.9217,12.5106,14.9375,12.6039
2.4955,27.5803,140.9019,21.2016,-20.3245,2.829,99.8329,4.9223,12.508,14.935,12.6042
2.5053,27.5683,141.2803,21.1965,-20.3024,2.8275,99.8316,4.9341,12.4584,14.8936,12.5512
2.5151,27.5671,141.2802,21.1943,-20.3043,2.8274,99.8332,4.9373,12.4578,14.8929,12.5506
2.5249,27.5678,141.3214,21.195,-20.3027,2.8254,99.8322,4.9385,12.4534,14.8878,12.5472
2.5347,27.5499,141.807,21.186,-20.2944,2.8235,99.8331,4.9566,12.3865,14.8344,12.481
2.5445,27.5468,141.8652,21.1882,-20.2894,2.8215,99.8324,4.9609,12.3777,14.8253,12.4757
2.5544,27.5481,141.8968,21.1858,-20.2892,2.8199,99.8334,4.9605,12.3741,14.8225,12.4706
2.5642,27.5346,142.2097,21.1803,-20.2694,2.8208,99.8313,4.9719,12.3307,14.7882,12.4279
2.574,27.534,142.2495,21.1762,-20.2667,2.8192,99.8308,4.9739,12.3253,14.7832,12.4226
2.5838,27.5187,142.6845,21.1734,-20.2241,2.8211,99.8285,4.992,12.2667,14.736,12.3661
2.5936,27.51,142.9077,21.1691,-20.2036,2.8195,99.8294,5.0005,12.2358,14.7107,12.3367
2.6034,27.506,142.9844,21.1678,-20.2004,2.8181,99.8287,5.0027,12.2264,14.7012,12.3273
2.6132,27.5068,142.9825,21.1695,-20.1979,2.8212,99.8271,5.0034,12.2259,14.7022,12.3273
2.623,27.5025,143.09,21.1676,-20.1999,2.8207,99.8268,5.0086,12.2107,14.6907,12.3153
2.6328,27.4975,143.2517,21.1646,-20.2001,2.8194,99.8267,5.0147,12.1892,14.6705,12.2894
2.6426,27.4911,143.3782,21.1629,-20.198,2.8205,99.8315,5.0181,12.1716,14.6583,12.2738
2.6525,27.4898,143.4576,21.1612,-20.2006,2.8202,99.8292,5.0227,12.1621,14.6507,12.265
2.6623,27.4877,143.4962,21.1604,-20.1958,2.8211,99.8271,5.0239,12.1559,14.6465,12.2607
2.6721,27.479,143.7298,21.1575,-20.1734,2.8191,99.8303,5.0327,12.1254,14.619,12.227
2.6819,27.4605,144.2392,21.1473,-20.1092,2.8204,99.8275,5.0518,12.0555,14.5636,12.164
2.6917,27.4591,144.2576,21.1478,-20.1076,2.8206,99.8283,5.0555,12.0541,14.5597,12.1596
2.7015,27.4567,144.3803,21.145,-20.1004,2.8195,99.8267,5.0598,12.036,14.548,12.1436
2.7113,27.4546,144.3825,21.1433,-20.0982,2.8189,99.8271,5.055,12.0367,14.5486,12.1438
2.7211,27.4575,144.3807,21.1444,-20.1016,2.8185,99.8268,5.06,12.0364,14.5466,12.1428
2.7309,27.4328,144.9815,21.1339,-20.1004,2.8207,99.8253,5.082,11.9575,14.4795,12.0653
2.7407,27.4324,144.982,21.1352,-20.0999,2.8216,99.824,5.0835,11.9572,14.483,12.0651
2.7506,27.4278,145.0861,21.1311,-20.0918,2.8203,99.8247,5.0857,11.9448,14.4739,12.0558
2.7604,27.4278,145.0868,21.1312,-20.0906,2.8196,99.825,5.0868,11.9477,14.4738,12.0532
2.7702,27.4298,145.0878,21.1324,-20.0921,2.82,99.8237,5.0873,11.9461,14.4727,12.0534
2.78,27.42,145.5057,21.1242,-20.0417,2.819,99.8242,5.0895,11.9202,14.4541,12.0313
2.7898,27.4212,145.5052,21.1242,-20.0401,2.8201,99.8236,5.0907,11.9203,14.4541,12.0334
2.7996,27.4202,145.5052,21.1253,-20.042,2.8205,99.8238,5.0888,11.9205,14.4541,12.0312
2.8094,27.41,145.8416,21.1189,-20.0168,2.8151,99.8242,5.0997,11.8892,14.4283,12.0017
2.8192,27.4102,145.8399,21.1193,-20.0187,2.8171,99.8216,5.0984,11.8882,14.428,12.0027
2.829,27.4011,146.1112,21.113,-20.018,2.8136,99.8229,5.1111,11.8523,14.3988,11.9667
2.8388,27.4022,146.1126,21.1134,-20.0173,2.8144,99.8207,5.1091,11.8538,14.4005,11.9646
2.8486,27.4005,146.1132,21.1113,-20.0189,2.8122,99.8208,5.1106,11.852,14.3982,11.9663
2.8585,27.3853,146.4802,21.1075,-19.995,2.8131,99.8203,5.1251,11.8042,14.3602,11.9204
2.8683,27.3876,146.4809,21.1079,-19.9947,2.8147,99.8217,5.1241,11.8048,14.3585,11.9193
2.8781,27.374,146.8249,21.0996,-19.9749,2.8102,99.819,5.1388,11.7522,14.3173,11.8706
2.8879,27.3728,146.8229,21.0989,-19.9783,2.8116,99.8216,5.1378,11.7517,14.3174,11.8701
2.8977,27.373,146.823,21.098,-19.9776,2.8124,99.8195,5.1401,11.7535,14.317,11.8695
2.9075,27.3444,147.447,21.0884,-19.9369,2.811,99.8163,5.1712,11.6516,14.2325,11.7701
2.9173,27.3419,147.4464,21.0871,-19.9365,2.812,99.8185,5.1731,11.6517,14.232,11.77
2.9271,27.3278,147.8306,21.0819,-19.9172,2.8111,99.8168,5.1882,11.6003,14.1886,11.718
2.9369,27.3294,147.8278,21.0816,-19.915,2.808,99.8187,5.1866,11.5998,14.1903,11.7199
2.9467,27.3301,147.8287,21.0815,-19.9165,2.8113,99.8177,5.187,11.6009,14.1896,11.7195
2.9566,27.3127,148.1817,21.0744,-19.8906,2.8102,99.8186,5.2044,11.5467,14.1458,11.6652
2.9664,27.3139,148.1829,21.077,-19.8906,2.809,99.8177,5.2042,11.5459,14.1447,11.6657
2.9762,27.3064,148.476,21.0691,-19.8859,2.8114,99.8203,5.209,11.5247,14.1308,11.6476
2.986,27.3077,148.4755,21.0714,-19.8856,2.8101,99.8164,5.2096,11.5249,14.1293,11.6469
2.9958,27.3048,148.4755,21.0718,-19.8856,2.8108,99.8208,5.2083,11.5264,14.1288,11.6483
3.0056,27.2945,148.7949,21.0646,-19.8635,2.8099,99.821,5.2212,11.484,14.0975,11.608
3.0154,27.2957,148.794,21.0649,-19.8645,2.8104,99.8171,5.2215,11.4856,14.0959,11.6087
3.0252,27.2754,149.1444,21.0588,-19.8253,2.8095,99.8168,5.2406,11.4211,14.042,11.5468
3.035,27.2739,149.1453,21.0596,-19.825,2.8096,99.8195,5.2415,11.4239,14.0446,11.5485
3.0448,27.2761,149.1459,21.059,-19.8272,2.8105,99.818,5.2396,11.4236,14.0436,11.5473
3.0547,27.2654,149.3524,21.0535,-19.8086,2.8086,99.8187,5.2504,11.3886,14.0138,11.5127
3.0645,27.2668,149.3534,21.0543,-19.8088,2.808,99.8189,5.2516,11.3904,14.0156,11.5148
3.0743,27.2656,149.3531,21.0544,-19.8092,2.8107,99.8204,5.2515,11.3878,14.0141,11.5142
3.0841,27.2575,149.5716,21.0508,-19.8125,2.8106,99.8155,5.2593,11.3622,13.9907,11.4872
3.0939,27.2592,149.5703,21.0522,-19.8103,2.8105,99.8182,5.2596,11.3614,13.9926,11.486
3.1037,27.254,149.6088,21.0493,-19.809,2.8089,99.8172,5.2613,11.3571,13.9888,11.4833
3.1135,27.2553,149.6096,21.0512,-19.8075,2.8114,99.8181,5.2619,11.3563,13.9904,11.4815
3.1233,27.2546,149.6093,21.0497,-19.8071,2.8091,99.8201,5.2632,11.3565,13.9883,11.4838
3.1331,27.2427,149.9319,21.0453,-19.7873,2.8078,99.8175,5.2745,11.3151,13.9541,11.4414
3.1429,27.2422,149.9319,21.0447,-19.7886,2.8097,99.818,5.2752,11.3153,13.9525,11.4449
3.1528,27.2256,150.4449,21.0359,-19.7621,2.8065,99.8171,5.2916,11.2574,13.9073,11.3889
3.1626,27.2262,150.4448,21.0356,-19.7625,2.8057,99.8168,5.2937,11.2566,13.909,11.3876
3.1724,27.2237,150.4449,21.0364,-19.7641,2.8044,99.8171,5.2916,11.2577,13.9095,11.3871
3.1822,27.1987,151.2941,21.0214,-19.7134,2.8016,99.8157,5.3159,11.1695,13.8371,11.3034
3.192,27.1982,151.2934,21.0222,-19.7157,2.8029,99.8163,5.3183,11.1693,13.8378,11.3039
3.2018,27.1821,151.6842,21.016,-19.6867,2.799,99.8173,5.3312,11.1199,13.7986,11.2554
3.2116,27.1835,151.6856,21.0142,-19.6848,2.8019,99.8163,5.3313,11.1203,13.7969,11.2562
3.2214,27.1818,151.687,21.016,-19.6867,2.801,99.816,5.3314,11.1198,13.7972,11.2557
3.2312,27.1775,151.8063,21.0135,-19.6761,2.8016,99.8149,5.3373,11.1047,13.7857,11.2405
3.241,27.1755,151.8049,21.0139,-19.6776,2.8024,99.8137,5.3374,11.104,13.7832,11.2409
3.2509,27.1725,151.9148,21.0107,-19.6714,2.7992,99.8138,5.3403,11.0909,13.7745,11.226
3.2607,27.1728,151.9138,21.0123,-19.6713,2.8007,99.8144,5.342,11.0897,13.7742,11.2278
3.2705,27.1738,151.9145,21.0121,-19.6718,2.8,99.8155,5.3388,11.091,13.7735,11.2272
3.2803,27.1457,152.2943,21.0049,-19.6182,2.7996,99.8127,5.3648,11.0177,13.7119,11.1533
3.2901,27.1465,152.2956,21.0036,-19.6184,2.8005,99.8145,5.3657,11.0199,13.7106,11.1546
3.2999,27.146,152.2947,21.0032,-19.6166,2.8005,99.8136,5.366,11.0189,13.7126,11.156
3.3097,27.1392,152.4413,21.0006,-19.6069,2.7998,99.8134,5.3695,10.9958,13.6902,11.1313
3.3195,27.1383,152.4401,20.9997,-19.607,2.7996,99.8152,5.3699,10.9965,13.6915,11.1319
3.3293,27.129,152.7338,20.9971,-19.6002,2.8,99.8124,5.3839,10.9568,13.6581,11.0952
3.3391,27.1249,152.734,20.9973,-19.5993,2.7999,99.8115,5.3841,10.9553,13.6597,11.0944
3.3489,27.126,152.734,20.9962,-19.5996,2.8006,99.8116,5.3852,10.9554,13.6595,11.0935
3.3588,27.1153,153.0147,20.9923,-19.5969,2.7994,99.8107,5.3943,10.9198,13.6302,11.06
3.3686,27.115,153.0156,20.9937,-19.5943,2.8019,99.8089,5.3936,10.9219,13.6305,11.0597
3.3784,27.1005,153.3701,20.9864,-19.586,2.8001,99.8097,5.4086,10.8781,13.5945,11.0194
3.3882,27.1017,153.3706,20.9871,-19.584,2.7997,99.8061,5.4068,10.879,13.5946,11.0185
3.398,27.1001,153.3697,20.9866,-19.5837,2.8018,99.8094,5.4072,10.8785,13.5956,11.02
3.4078,27.0901,153.6295,20.984,-19.5699,2.8002,99.8077,5.417,10.8473,13.569,10.9888
3.4176,27.0897,153.6307,20.9809,-19.5674,2.7984,99.8108,5.4188,10.8473,13.5677,10.9897
3.4274,27.076,153.9674,20.9769,-19.5251,2.7999,99.8116,5.4304,10.806,13.5335,10.9456
3.4372,27.0763,153.9662,20.9749,-19.5255,2.8002,99.8095,5.429,10.8044,13.536,10.9473
3.447,27.0754,153.9679,20.9768,-19.5251,2.7999,99.8101,5.4313,10.8038,13.5341,10.9469
3.4569,27.0679,154.1739,20.9715,-19.5069,2.7986,99.8108,5.4387,10.7801,13.514,10.923
3.4667,27.0685,154.176,20.9719,-19.5077,2.8014,99.8105,5.4389,10.7784,13.5124,10.9235
3.4765,27.0524,154.5153,20.9652,-19.4975,2.7988,99.8108,5.452,10.7376,13.4798,10.8817
3.4863,27.0535,154.5139,20.9683,-19.4978,2.8004,99.8105,5.4502,10.7368,13.4794,10.883
3.4961,27.0528,154.5134,20.9678,-19.498,2.7982,99.8116,5.4525,10.7356,13.4798,10.8821
3.5059,27.0484,154.6235,20.9647,-19.4964,2.7987,99.8108,5.4563,10.7232,13.4692,10.8688
3.5157,27.0483,154.6214,20.9666,-19.4947,2.8,99.8109,5.4572,10.7235,13.4686,10.8682
3.5255,27.0309,155.0004,20.9585,-19.4882,2.7926,99.8082,5.4697,10.6793,13.4311,10.8271
3.5353,27.0323,154.9979,20.9579,-19.4868,2.7924,99.8118,5.4685,10.6796,13.4306,10.8249
3.5451,27.0329,154.9991,20.9564,-19.4861,2.7955,99.8111,5.47,10.6797,13.4323,10.8247
3.555,27.0228,155.2127,20.9538,-19.4663,2.7911,99.8098,5.4764,10.6535,13.4102,10.7995
3.5648,27.0241,155.2119,20.9554,-19.4668,2.7938,99.8102,5.4778,10.6551,13.4101,10.8008
3.5746,27.0254,155.2133,20.9538,-19.4644,2.7926,99.8065,5.4747,10.6534,13.4113,10.8006
3.5844,27.01,155.5832,20.9493,-19.4198,2.7895,99.8089,5.4918,10.6093,13.3722,10.758
3.5942,27.0081,155.5847,20.9475,-19.4192,2.7922,99.8082,5.491,10.6088,13.3738,10.7599
3.604,27.0047,155.6884,20.9456,-19.41,2.7908,99.8059,5.4951,10.5979,13.3622,10.7464
3.6138,27.0024,155.6868,20.9468,-19.4094,2.7905,99.8067,5.4963,10.5982,13.366,10.7472
3.6236,27.0035,155.6865,20.9472,-19.409,2.7895,99.8068,5.4959,10.5964,13.3628,10.7459
3.6334,26.9927,155.9698,20.9402,-19.4055,2.7912,99.8044,5.5071,10.5633,13.3365,10.7141
3.6432,26.9928,155.9679,20.9393,-19.4066,2.791,99.8054,5.5048,10.5633,13.3353,10.7138
3.6531,26.9903,156.0294,20.9401,-19.4028,2.7905,99.8041,5.5086,10.5557,13.3306,10.7071
3.6629,26.9887,156.0307,20.9398,-19.4032,2.7901,99.8026,5.5068,10.5579,13.3304,10.7067
3.6727,26.9908,156.0304,20.9421,-19.4022,2.7911,99.8048,5.5083,10.5557,13.3316,10.7063
3.6825,26.9887,156.0817,20.9392,-19.399,2.7898,99.8033,5.5104,10.5484,13.3257,10.7009
3.6923,26.9877,156.0814,20.9397,-19.3995,2.7895,99.8051,5.5105,10.5518,13.3256,10.7009
3.7021,26.9721,156.4749,20.9316,-19.3786,2.7908,99.8023,5.5247,10.5051,13.2889,10.6559
3.7119,26.9717,156.4759,20.9327,-19.3789,2.7918,99.8004,5.5252,10.5054,13.2864,10.6586
3.7217,26.9725,156.4758,20.9318,-19.3785,2.7902,99.8028,5.5231,10.5054,13.2875,10.6577
3.7315,26.9342,157.3421,20.9178,-19.3223,2.7906,99.8006,5.5558,10.4037,13.2061,10.5609
3.7413,26.9356,157.3421,20.9181,-19.3236,2.7888,99.7999,5.5544,10.4036,13.2058,10.5607
3.7512,26.9241,157.6634,20.9121,-19.3048,2.7898,99.8004,5.5674,10.3673,13.1759,10.5254
3.761,26.9224,157.6624,20.9123,-19.3099,2.79,99.7997,5.5662,10.3674,13.1749,10.5231
3.7708,26.9244,157.6638,20.9124,-19.3072,2.7887,99.7991,5.5661,10.3673,13.175,10.5251
3.7806,26.9209,157.7313,20.9106,-19.3038,2.7885,99.8008,5.5692,10.36,13.1671,10.5164
3.7904,26.9201,157.7334,20.9127,-19.3038,2.7916,99.7991,5.5695,10.359,13.1671,10.5183
3.8002,26.9161,157.82,20.9107,-19.2965,2.7919,99.7988,5.5718,10.3486,13.162,10.5088
3.81,26.9155,157.8184,20.9105,-19.2963,2.7896,99.7996,5.5731,10.3499,13.1605,10.5074
3.8198,26.9167,157.8203,20.9096,-19.2981,2.7888,99.8009,5.5738,10.35,13.1612,10.5063
3.8296,26.9071,158.0605,20.906,-19.2945,2.7907,99.8011,5.5807,10.3213,13.139,10.4793
3.8394,26.9046,158.06,20.9063,-19.2968,2.789,99.7999,5.5816,10.3227,13.1385,10.4812
3.8492,26.9069,158.0611,20.9059,-19.2944,2.7918,99.8002,5.5809,10.3211,13.1374,10.4813
3.8591,26.9029,158.1094,20.9057,-19.2915,2.7906,99.7998,5.5804,10.3171,13.1353,10.4762
3.8689,26.9044,158.109,20.9053,-19.2903,2.7894,99.8012,5.5826,10.3174,13.1322,10.4746
3.8787,26.8938,158.3675,20.904,-19.2741,2.7898,99.7993,5.5922,10.2891,13.11,10.4493
3.8885,26.8932,158.3651,20.9024,-19.2746,2.7896,99.8025,5.5907,10.2895,13.11,10.4463
3.8983,26.8939,158.3678,20.9036,-19.2742,2.7904,99.8017,5.5932,10.2884,13.1082,10.4458
3.9081,26.8714,158.9011,20.8931,-19.2236,2.7883,99.8011,5.6114,10.2254,13.0575,10.3863
3.9179,26.8695,158.9014,20.8931,-19.2213,2.7899,99.7997,5.6123,10.2263,13.0589,10.3864
3.9277,26.8622,159.1233,20.8909,-19.206,2.7876,99.8018,5.621,10.2005,13.0382,10.3625
3.9375,26.8613,159.1222,20.8899,-19.2082,2.7882,99.8005,5.6206,10.2006,13.0388,10.3624
3.9473,26.8609,159.1232,20.8904,-19.2054,2.7881,99.8025,5.6206,10.202,13.0379,10.364
3.9572,26.8582,159.2035,20.8891,-19.201,2.7875,99.8,5.623,10.1905,13.0302,10.3545
3.967,26.8568,159.2056,20.8893,-19.2014,2.7892,99.7996,5.6233,10.1914,13.0303,10.3551
3.9768,26.8447,159.5206,20.8841,-19.1946,2.7805,99.7992,5.6324,10.1563,13.0019,10.3205
3.9866,26.8434,159.5207,20.8859,-19.196,2.7801,99.7983,5.6341,10.157,13.0021,10.3219
3.9964,26.8462,159.5189,20.8829,-19.1959,2.783,99.7983,5.6338,10.1559,13.0032,10.3212
4.0062,26.8439,159.5214,20.8834,-19.1954,2.7815,99.7986,5.6335,10.1565,13.0011,10.32
4.016,26.8453,159.5208,20.8833,-19.1947,2.7818,99.7999,5.6333,10.1561,13.002,10.3194
4.0258,26.8354,159.7535,20.8805,-19.1785,2.7803,99.7981,5.6413,10.1307,12.9823,10.2949
4.0356,26.8345,159.7529,20.8805,-19.1791,2.7819,99.7987,5.6413,10.1324,12.9795,10.2946
4.0454,26.8355,159.7531,20.8807,-19.1779,2.7825,99.7972,5.6443,10.1307,12.9807,10.2972
4.0553,26.8137,160.2411,20.874,-19.1252,2.7812,99.795,5.6587,10.0778,12.9381,10.2441
4.0651,26.8131,160.2398,20.8737,-19.1253,2.7815,99.7949,5.6597,10.0778,12.938,10.2442
4.0749,26.8137,160.2431,20.8748,-19.1243,2.7801,99.7967,5.657,10.0786,12.9374,10.2445
4.0847,26.8095,160.3094,20.8724,-19.122,2.7804,99.796,5.6614,10.07,12.9301,10.2378
4.0945,26.813,160.3071,20.8727,-19.1239,2.7821,99.7963,5.6613,10.0701,12.9305,10.2354
4.1043,26.8056,160.4519,20.8708,-19.1128,2.7807,99.7957,5.665,10.0549,12.9177,10.2203
4.1141,26.8053,160.4511,20.8709,-19.1148,2.7804,99.7944,5.665,10.0543,12.9167,10.2221
4.1239,26.8063,160.4525,20.8714,-19.1114,2.779,99.7961,5.665,10.0566,12.9187,10.2221
4.1337,26.8018,160.5427,20.8687,-19.1093,2.7805,99.7954,5.6692,10.045,12.9108,10.2115
4.1435,26.8014,160.544,20.8704,-19.1118,2.7802,99.7952,5.6689,10.0433,12.9112,10.2101
4.1534,26.774,161.1937,20.8591,-19.1051,2.7806,99.796,5.6919,9.9732,12.8516,10.1443
4.1632,26.7755,161.1939,20.8619,-19.1034,2.7829,99.7968,5.693,9.9758,12.8513,10.1439
4.173,26.7761,161.1933,20.8597,-19.1022,2.7793,99.7972,5.6923,9.975,12.8513,10.142
4.1828,26.7755,161.2315,20.86,-19.1001,2.7804,99.7949,5.6943,9.9685,12.8474,10.1388
4.1926,26.7729,161.2313,20.8592,-19.1,2.7806,99.7939,5.6929,9.9709,12.8487,10.1409
4.2024,26.7647,161.4247,20.857,-19.101,2.7809,99.7962,5.7011,9.9489,12.8307,10.1199
4.2122,26.7635,161.4231,20.8566,-19.1018,2.7803,99.7949,5.6999,9.9494,12.8313,10.1193
4.222,26.7657,161.4218,20.8566,-19.1008,2.7808,99.7958,5.6999,9.9479,12.8302,10.1174
4.2318,26.7646,161.4207,20.858,-19.1016,2.7797,99.7962,5.698,9.9498,12.8307,10.1203
4.2416,26.765,161.4216,20.8574,-19.1024,2.7789,99.7953,5.6985,9.949,12.832,10.1198
4.2515,26.7463,161.8844,20.8509,-19.0956,2.7806,99.7973,5.7169,9.8971,12.7884,10.0692
4.2613,26.7469,161.8856,20.8502,-19.0957,2.7808,99.7947,5.7189,9.8991,12.7901,10.0698
4.2711,26.7454,161.8858,20.8497,-19.0954,2.7784,99.7966,5.716,9.8952,12.79,10.0699
4.2809,26.7439,161.9412,20.8495,-19.0919,2.7801,99.7965,5.72,9.894,12.7841,10.0652
4.2907,26.7445,161.9415,20.8504,-19.0917,2.7802,99.7944,5.7188,9.8915,12.7843,10.0645
4.3005,26.7304,162.2757,20.8465,-19.0759,2.7801,99.793,5.731,9.8541,12.7537,10.0302
4.3103,26.73,162.2748,20.8459,-19.0791,2.7796,99.7975,5.7297,9.8558,12.7551,10.0303
4.3201,26.7299,162.2753,20.8456,-19.0754,2.7788,99.7968,5.7311,9.8563,12.7549,10.0303
4.3299,26.7301,162.2758,20.8461,-19.0761,2.7804,99.7953,5.7297,9.8575,12.7511,10.0285
4.3397,26.7304,162.2764,20.844,-19.0756,2.7793,99.7952,5.7321,9.8551,12.7542,10.0301
4.3495,26.7296,162.2748,20.8448,-19.0778,2.7782,99.7981,5.732,9.8549,12.7542,10.0311
4.3594,26.7016,162.9541,20.8342,-19.0206,2.7789,99.7943,5.7542,9.7824,12.6967,9.9594
4.3692,26.7012,162.9553,20.8355,-19.0215,2.7793,99.7925,5.7539,9.7838,12.6945,9.9609
4.379,26.7013,162.9545,20.8351,-19.0212,2.7795,99.7934,5.7541,9.784,12.6952,9.9597
4.3888,26.7022,162.9548,20.8347,-19.0215,2.7773,99.7944,5.7544,9.7853,12.696,9.9592
4.3986,26.6994,162.9551,20.8365,-19.0201,2.7787,99.7921,5.7533,9.7851,12.6961,9.9604
4.4084,26.6908,163.2313,20.8315,-19.0046,2.7792,99.7931,5.7617,9.7555,12.6716,9.9323
4.4182,26.6915,163.2325,20.8316,-19.0036,2.7792,99.7932,5.7636,9.7547,12.6719,9.9313
4.428,26.6895,163.232,20.8311,-19.005,2.7776,99.7929,5.7658,9.7534,12.6723,9.9303
4.4378,26.6892,163.2312,20.83,-19.0044,2.7792,99.7921,5.764,9.7567,12.6717,9.9319
4.4476,26.6908,163.2297,20.8326,-19.004,2.7804,99.792,5.7633,9.7556,12.6723,9.9323
4.4575,26.6678,163.7415,20.825,-18.9906,2.7787,99.7933,5.7786,9.7033,12.6272,9.8799
4.4673,26.669,163.7401,20.8243,-18.9914,2.7791,99.7909,5.7813,9.7017,12.6277,9.881
4.4771,26.6691,163.7403,20.8247,-18.9898,2.7786,99.7933,5.7802,9.7024,12.6284,9.8806
4.4869,26.6707,163.7403,20.8249,-18.9893,2.7804,99.7916,5.7804,9.7024,12.6281,9.8811
4.4967,26.6683,163.7421,20.8237,-18.9911,2.7781,99.793,5.7802,9.7036,12.6274,9.8817
4.5065,26.6571,163.9957,20.8201,-18.9753,2.7793,99.7921,5.7873,9.6765,12.6072,9.8553
4.5163,26.6574,163.9958,20.8215,-18.9761,2.7764,99.7917,5.7903,9.6749,12.6086,9.8572
4.5261,26.6582,163.9964,20.8217,-18.9743,2.7771,99.7914,5.7896,9.6752,12.6059,9.8571
4.5359,26.6591,163.9955,20.8223,-18.9768,2.7763,99.791,5.7904,9.6783,12.6075,9.8571
4.5457,26.6574,163.9979,20.8205,-18.9748,2.7788,99.7923,5.7891,9.6751,12.6055,9.8555
4.5556,26.6456,164.3147,20.8169,-18.9339,2.775,99.7916,5.8009,9.6436,12.5801,9.8246
4.5654,26.6434,164.3128,20.816,-18.9343,2.7734,99.7917,5.8004,9.6451,12.5804,9.8246
4.5752,26.6458,164.3152,20.8173,-18.936,2.7729,99.7904,5.7999,9.6428,12.5805,9.8258
4.585,26.6462,164.3151,20.8169,-18.9344,2.7754,99.7912,5.7998,9.6447,12.5811,9.824
4.5948,26.6467,164.3162,20.8166,-18.9322,2.7733,99.7921,5.799,9.6438,12.5814,9.8246
4.6046,26.6443,164.3133,20.8172,-18.9324,2.7727,99.7914,5.8002,9.643,12.5809,9.8249
4.6144,26.641,164.4093,20.816,-18.9308,2.7729,99.7932,5.8027,9.6344,12.571,9.8146
4.6242,26.6397,164.4088,20.8133,-18.9314,2.7726,99.7917,5.8033,9.635,12.5717,9.8129
4.634,26.6409,164.4098,20.8158,-18.9301,2.7725,99.7911,5.8031,9.6338,12.573,9.8145
4.6438,26.6417,164.4085,20.8141,-18.9329,2.7726,99.7915,5.8033,9.633,12.5738,9.8149
4.6537,26.6398,164.408,20.8143,-18.9311,2.7736,99.7915,5.8034,9.6332,12.5727,9.8147
4.6635,26.6242,164.8563,20.8082,-18.9108,2.7719,99.7913,5.8173,9.5891,12.5347,9.7739
4.6733,26.623,164.8574,20.8082,-18.9099,2.7702,99.7901,5.8178,9.588,12.5364,9.7718
4.6831,26.6241,164.8573,20.8071,-18.9105,2.7713,99.7912,5.8185,9.5883,12.5363,9.7714
4.6929,26.6223,164.8583,20.8074,-18.913,2.771,99.7903,5.8179,9.5883,12.5349,9.773
4.7027,26.6199,164.994,20.8065,-18.9054,2.7715,99.7896,5.8205,9.5767,12.5252,9.7605
4.7125,26.5943,165.5647,20.7979,-18.9046,2.7721,99.7908,5.8421,9.5193,12.4783,9.7043
4.7223,26.5943,165.5639,20.7992,-18.9069,2.7713,99.7877,5.8407,9.5177,12.4775,9.7042
4.7321,26.5939,165.5626,20.797,-18.9049,2.7713,99.7906,5.8403,9.5178,12.4816,9.7041
4.7419,26.5938,165.5652,20.7991,-18.9055,2.7705,99.7904,5.8404,9.52,12.4782,9.7042
4.7518,26.5813,165.8249,20.7938,-18.8928,2.7722,99.7902,5.8489,9.4951,12.4581,9.6791
4.7616,26.5827,165.823,20.7944,-18.8918,2.771,99.7896,5.8484,9.4942,12.4561,9.6786
4.7714,26.5843,165.8229,20.7932,-18.8908,2.77,99.7904,5.8487,9.4932,12.4563,9.6802
4.7812,26.5834,165.8238,20.7945,-18.8917,2.7683,99.7908,5.8493,9.4935,12.4556,9.6811
4.791,26.5832,165.8234,20.7946,-18.8905,2.77,99.7885,5.848,9.4934,12.4567,9.6798
4.8008,26.5591,166.4415,20.7847,-18.8709,2.7696,99.7871,5.8686,9.4339,12.4069,9.621
4.8106,26.5589,166.4413,20.7849,-18.8716,2.771,99.7887,5.8692,9.434,12.4057,9.6194
4.8204,26.5586,166.4423,20.7868,-18.8697,2.7706,99.7871,5.87,9.4319,12.4082,9.6206
4.8302,26.5579,166.4379,20.7856,-18.8711,2.7707,99.7879,5.8678,9.4315,12.4074,9.6192
4.84,26.5572,166.4406,20.7858,-18.872,2.7706,99.788,5.8676,9.4342,12.4067,9.6213
4.8498,26.5592,166.4402,20.7856,-18.8704,2.7694,99.7896,5.8695,9.4329,12.4069,9.62
4.8597,26.557,166.4924,20.7835,-18.8685,2.7692,99.7884,5.8689,9.4298,12.4027,9.6156
4.8695,26.5561,166.4905,20.7864,-18.8676,2.77,99.7898,5.8682,9.4277,12.4054,9.6163
4.8793,26.5541,166.4902,20.7831,-18.8668,2.7699,99.7881,5.8698,9.4283,12.4025,9.6171
4.8891,26.5567,166.4909,20.7855,-18.8673,2.7714,99.7887,5.87,9.4288,12.4026,9.6147
4.8989,26.5553,166.4908,20.7852,-18.8692,2.7708,99.7899,5.8673,9.4279,12.4029,9.6169
4.9087,26.5237,167.3187,20.7723,-18.8156,2.7701,99.786,5.8979,9.3476,12.3368,9.5381
4.9185,26.5239,167.3196,20.7733,-18.8137,2.7709,99.7855,5.8962,9.3487,12.3375,9.5364
4.9283,26.5237,167.3187,20.775,-18.8148,2.7686,99.7875,5.8956,9.3475,12.3356,9.5383
4.9381,26.5217,167.3185,20.7732,-18.8133,2.7693,99.7866,5.8973,9.3464,12.3367,9.5383
4.9479,26.5237,167.3193,20.7743,-18.8135,2.7704,99.7855,5.8966,9.3479,12.3364,9.5379
4.9578,26.5229,167.3181,20.7731,-18.8152,2.7691,99.7864,5.8964,9.3483,12.3357,9.5388
4.9676,26.523,167.32,20.7747,-18.8146,2.7698,99.7879,5.8981,9.3496,12.3353,9.538
4.9774,26.522,167.3198,20.7727,-18.815,2.7699,99.7868,5.8969,9.3479,12.3369,9.5383
4.9872,26.5211,167.3183,20.7759,-18.8136,2.7698,99.7868,5.8963,9.3491,12.3392,9.5376
4.997,26.5232,167.317,20.7734,-18.8146,2.771,99.7872,5.8954,9.3483,12.3378,9.5386
5.0068,26.5074,167.7313,20.7676,-18.789,2.7682,99.7874,5.9088,9.3102,12.3049,9.5005
5.0166,26.5071,167.7311,20.77,-18.7884,2.7685,99.7859,5.9092,9.3104,12.3039,9.5015
5.0264,26.5065,167.7298,20.7696,-18.7872,2.7689,99.7856,5.91,9.3087,12.3037,9.5025
5.0362,26.506,167.7314,20.7685,-18.7861,2.772,99.7856,5.9111,9.3105,12.3068,9.5021
5.046,26.5083,167.7308,20.7668,-18.7871,2.7706,99.7855,5.91,9.3082,12.3059,9.501
5.0559,26.5001,167.8666,20.7665,-18.7775,2.7693,99.7873,5.913,9.2967,12.2935,9.49
5.0657,26.5001,167.8653,20.766,-18.7788,2.7693,99.7869,5.9127,9.2933,12.294,9.4885
5.0755,26.5025,167.8652,20.7645,-18.7785,2.7701,99.7857,5.9138,9.2974,12.2952,9.4888
5.0853,26.5012,167.8632,20.7659,-18.7797,2.7699,99.7861,5.9132,9.297,12.2955,9.4899
5.0951,26.5013,167.8673,20.7675,-18.7802,2.7693,99.7873,5.9138,9.2967,12.2953,9.4898
5.1049,26.4807,168.3879,20.759,-18.7423,2.7691,99.7872,5.9317,9.2485,12.2552,9.4424
5.1147,26.4793,168.386,20.7618,-18.7399,2.7685,99.7877,5.9293,9.2481,12.2561,9.4431
5.1245,26.481,168.3882,20.7582,-18.741,2.77,99.7865,5.9325,9.2475,12.2549,9.4425
5.1343,26.4827,168.3861,20.7598,-18.7416,2.7696,99.7868,5.931,9.2485,12.2568,9.4446
5.1441,26.4802,168.3871,20.7587,-18.7415,2.7692,99.7859,5.9309,9.2479,12.2554,9.4413
5.154,26.465,168.8126,20.7544,-18.7215,2.7703,99.7878,5.9436,9.2084,12.2219,9.4047
5.1638,26.4592,168.9522,20.7532,-18.7129,2.7693,99.7858,5.9474,9.1959,12.2106,9.3923
5.1736,26.4576,168.9516,20.7519,-18.7104,2.7701,99.7867,5.949,9.1942,12.2121,9.3925
5.1834,26.4584,168.9541,20.7525,-18.712,2.7673,99.7854,5.947,9.1959,12.2124,9.3921
5.1932,26.4587,168.9533,20.7523,-18.7119,2.7677,99.7874,5.946,9.1955,12.2109,9.3922
5.203,26.4586,168.9524,20.7523,-18.7098,2.7693,99.7854,5.9463,9.197,12.2115,9.3919
5.2128,26.4576,169.0068,20.7513,-18.7089,2.7706,99.7874,5.95,9.192,12.2096,9.3886
5.2226,26.4566,169.0058,20.7504,-18.707,2.769,99.7869,5.9473,9.19,12.2074,9.3882
5.2324,26.4592,169.0047,20.7521,-18.7077,2.768,99.7859,5.949,9.1917,12.2076,9.3884
5.2422,26.4572,169.0058,20.7537,-18.707,2.7687,99.7858,5.949,9.1893,12.2081,9.3867
5.2521,26.4402,169.4314,20.7446,-18.6977,2.7692,99.7863,5.9611,9.1512,12.1763,9.3505
5.2619,26.4373,169.489,20.7443,-18.6943,2.77,99.7872,5.9638,9.1458,12.1711,9.3434
5.2717,26.4367,169.4893,20.7448,-18.694,2.7678,99.7872,5.9638,9.1464,12.17,9.3446
5.2815,26.4368,169.4888,20.7466,-18.6949,2.7695,99.7862,5.9657,9.146,12.1711,9.3439
5.2913,26.4376,169.4901,20.745,-18.6939,2.7693,99.7864,5.9635,9.1454,12.1704,9.3424
5.3011,26.4335,169.5292,20.7439,-18.6925,2.7704,99.7849,5.9662,9.1422,12.1681,9.3424
5.3109,26.4365,169.5291,20.7444,-18.6922,2.7679,99.7871,5.967,9.1441,12.168,9.3408
5.3207,26.4354,169.5284,20.7447,-18.6933,2.7698,99.7878,5.9636,9.1428,12.1686,9.3416
5.3305,26.4356,169.5295,20.7447,-18.6941,2.7697,99.7848,5.9655,9.1423,12.1688,9.3412
5.3403,26.4357,169.5296,20.7459,-18.6931,2.7701,99.7854,5.9655,9.1439,12.1673,9.3403
5.3502,26.4201,169.9467,20.739,-18.6713,2.7688,99.7857,5.9765,9.1041,12.1369,9.3034
5.36,26.4184,169.9479,20.7389,-18.6736,2.7655,99.7877,5.9789,9.1036,12.1381,9.3038
5.3698,26.4206,169.9501,20.7372,-18.6737,2.7655,99.7882,5.9768,9.1042,12.1394,9.3028
5.3796,26.4205,169.9495,20.7402,-18.6724,2.7686,99.7856,5.9783,9.1064,12.1376,9.3038
5.3894,26.419,169.9494,20.7383,-18.6722,2.7669,99.787,5.9774,9.105,12.1386,9.3043
5.3992,26.4189,169.9494,20.7396,-18.6734,2.7665,99.7858,5.9769,9.1056,12.1377,9.3042
5.409,26.3938,170.5881,20.7326,-18.6268,2.7622,99.7864,5.998,9.0478,12.0899,9.2492
5.4188,26.3946,170.5887,20.7318,-18.6275,2.7623,99.7878,5.9987,9.0476,12.0918,9.2493
5.4286,26.3952,170.5859,20.7327,-18.6262,2.7639,99.7863,5.9972,9.0481,12.091,9.2473
5.4384,26.3937,170.5869,20.7317,-18.6261,2.7627,99.7867,5.9974,9.0463,12.0906,9.249
5.4482,26.3951,170.588,20.7325,-18.6268,2.765,99.7854,5.9975,9.0469,12.0891,9.2493
5.4581,26.382,170.9299,20.7286,-18.6102,2.7606,99.785,6.0053,9.0169,12.0657,9.2194
5.4679,26.3821,170.9291,20.7269,-18.6098,2.7602,99.788,6.0085,9.017,12.0669,9.219
5.4777,26.3806,170.9281,20.7284,-18.6111,2.761,99.7858,6.0085,9.017,12.0647,9.2208
5.4875,26.3801,170.9275,20.7269,-18.6094,2.761,99.7844,6.0088,9.0158,12.0656,9.2209
5.4973,26.3795,170.9285,20.7267,-18.6115,2.7618,99.7863,6.0074,9.015,12.0648,9.2197
5.5071,26.3749,171.1175,20.7231,-18.6025,2.761,99.7853,6.013,8.9987,12.0534,9.2051
5.5169,26.3729,171.1158,20.7257,-18.6025,2.7583,99.7855,6.0157,8.9978,12.0526,9.2037
5.5267,26.3731,171.1163,20.7256,-18.6026,2.7605,99.7845,6.0138,8.9998,12.0515,9.2026
5.5365,26.3737,171.1172,20.7244,-18.6035,2.7608,99.7834,6.0125,9.001,12.0512,9.204
5.5463,26.3739,171.1159,20.7237,-18.6026,2.7589,99.7832,6.0122,8.9983,12.0527,9.2039
5.5562,26.3651,171.3805,20.7216,-18.5995,2.7604,99.7813,6.0227,8.9766,12.0326,9.1812
5.566,26.3642,171.3805,20.7197,-18.5998,2.7603,99.7833,6.0203,8.9764,12.0324,9.1819
5.5758,26.3632,171.3794,20.7214,-18.5981,2.7578,99.7829,6.0198,8.9769,12.0317,9.1811
5.5856,26.365,171.3812,20.7203,-18.599,2.7605,99.7855,6.0228,8.9779,12.0314,9.1798
5.5954,26.3629,171.3808,20.7204,-18.5993,2.7611,99.7847,6.0213,8.9778,12.0325,9.1804
5.6052,26.3533,171.5994,20.7181,-18.5977,2.7614,99.7833,6.0259,8.9586,12.0179,9.1622
5.615,26.3553,171.6005,20.7179,-18.5992,2.7611,99.7831,6.0264,8.9565,12.0168,9.1648
5.6248,26.355,171.5991,20.7183,-18.5981,2.7614,99.7837,6.0272,8.9567,12.0166,9.1629
5.6346,26.3548,171.6002,20.7201,-18.5988,2.7595,99.7827,6.028,8.9556,12.0177,9.164
5.6444,26.3543,171.6024,20.7197,-18.599,2.7589,99.7836,6.0279,8.9599,12.0167,9.1637
5.6543,26.3415,171.9358,20.7123,-18.5911,2.7598,99.7814,6.0396,8.9296,11.9934,9.1355
5.6641,26.343,171.9334,20.7124,-18.5895,2.7581,99.7828,6.0379,8.929,11.9949,9.1374
5.6739,26.341,171.9359,20.7147,-18.5915,2.7611,99.782,6.0378,8.9285,11.9942,9.1354
5.6837,26.3421,171.9351,20.7136,-18.5917,2.7585,99.7827,6.0364,8.9303,11.9961,9.1351
5.6935,26.3417,171.9349,20.7149,-18.5898,2.7599,99.78,6.0374,8.9285,11.9944,9.1353
5.7033,26.3338,172.1535,20.711,-18.5733,2.7604,99.7808,6.0446,8.9107,11.9792,9.1181
5.7131,26.3318,172.1509,20.7125,-18.5734,2.7598,99.779,6.0432,8.9097,11.9782,9.118
5.7229,26.3351,172.1518,20.711,-18.5727,2.7601,99.7818,6.0444,8.9123,11.9792,9.1174
5.7327,26.3325,172.1537,20.7108,-18.5731,2.7619,99.7815,6.0445,8.9107,11.9796,9.1158
5.7425,26.3321,172.1529,20.711,-18.5752,2.7591,99.7801,6.0437,8.9104,11.978,9.1174
5.7524,26.3218,172.4866,20.7063,-18.5283,2.7606,99.7801,6.0523,8.8847,11.9529,9.0922
5.7622,26.3201,172.4868,20.7067,-18.5308,2.7587,99.7771,6.0518,8.8843,11.9562,9.0904
5.772,26.3217,172.4881,20.7061,-18.529,2.7594,99.7767,6.0529,8.8843,11.9551,9.0923
5.7818,26.3187,172.4849,20.7059,-18.5293,2.7612,99.7788,6.0525,8.8825,11.9561,9.0919
5.7916,26.3225,172.4868,20.7057,-18.5283,2.7603,99.778,6.0525,8.8844,11.9567,9.0918
5.8014,26.3169,172.5805,20.7052,-18.5247,2.76,99.7769,6.0574,8.8768,11.9498,9.0825
5.8112,26.3156,172.5811,20.7047,-18.5263,2.7591,99.7783,6.0549,8.8748,11.9495,9.0844
5.821,26.3177,172.5797,20.7045,-18.5245,2.7607,99.7774,6.0571,8.8751,11.9491,9.0838
5.8308,26.318,172.5805,20.7036,-18.5248,2.7596,99.7791,6.0553,8.876,11.9502,9.0826
5.8406,26.3178,172.5817,20.7042,-18.5249,2.759,99.7784,6.0542,8.8752,11.9471,9.083
5.8505,26.3067,172.8658,20.7018,-18.5101,2.7598,99.7777,6.064,8.8535,11.9295,9.0601
5.8603,26.3093,172.8679,20.7021,-18.5088,2.7595,99.7781,6.0633,8.8529,11.9326,9.062
5.8701,26.3056,172.8688,20.7007,-18.5092,2.7607,99.7788,6.0649,8.8514,11.9285,9.0603
5.8799,26.3051,172.8667,20.7025,-18.5101,2.7603,99.7783,6.0629,8.8533,11.9304,9.0601
5.8897,26.3066,172.8669,20.7008,-18.5083,2.7598,99.7773,6.0636,8.8517,11.9301,9.0634
5.8995,26.3067,172.8671,20.702,-18.5088,2.7621,99.7763,6.0634,8.8514,11.9291,9.0619
5.9093,26.2884,173.3752,20.6961,-18.5096,2.7602,99.778,6.0771,8.8104,11.897,9.0208
5.9191,26.288,173.3768,20.6946,-18.5083,2.7621,99.7779,6.0781,8.8097,11.8954,9.0225
5.9289,26.2878,173.3768,20.6962,-18.5095,2.759,99.778,6.0774,8.8108,11.895,9.0218
5.9387,26.2897,173.3746,20.6955,-18.5106,2.7587,99.7767,6.0777,8.8088,11.8954,9.0189
5.9485,26.2867,173.3766,20.6961,-18.5085,2.7594,99.7774,6.0788,8.8094,11.8964,9.0213
5.9584,26.2816,173.5425,20.6932,-18.4992,2.7598,99.7762,6.0847,8.7971,11.8854,9.0074
5.9682,26.2807,173.5425,20.6945,-18.5005,2.7606,99.7772,6.0819,8.799,11.8842,9.0077
5.978,26.2814,173.5429,20.6975,-18.4989,2.7595,99.7785,6.0825,8.7958,11.8835,9.0049
5.9878,26.2831,173.5399,20.6935,-18.4973,2.7595,99.7775,6.0831,8.7953,11.8843,9.0078
5.9976,26.2815,173.5421,20.6946,-18.4982,2.7592,99.7771,6.0846,8.7963,11.8855,9.0077
6.0074,26.269,173.8837,20.6897,-18.4835,2.7586,99.777,6.0905,8.7691,11.8614,8.9822
6.0172,26.2701,173.8845,20.6879,-18.4844,2.7599,99.778,6.0922,8.7684,11.8618,8.9815
6.027,26.2688,173.8838,20.6901,-18.4834,2.7611,99.7779,6.0923,8.7691,11.8637,8.9806
6.0368,26.2705,173.885,20.6882,-18.4836,2.7598,99.7778,6.0925,8.7682,11.8637,8.9812
6.0466,26.2725,173.8835,20.6906,-18.4842,2.7605,99.7778,6.0918,8.7685,11.8614,8.9821
6.0565,26.2657,173.9615,20.6877,-18.4806,2.759,99.7773,6.0941,8.7616,11.8557,8.9739
6.0663,26.2661,173.9633,20.689,-18.4798,2.7593,99.778,6.0944,8.7621,11.8574,8.9766
6.0761,26.2662,173.9658,20.6878,-18.4811,2.7594,99.7764,6.0941,8.7628,11.8583,8.9738
6.0859,26.2675,173.964,20.6885,-18.4811,2.7593,99.7778,6.0949,8.7639,11.8568,8.9743
6.0957,26.2657,173.961,20.6897,-18.4801,2.7617,99.7775,6.0945,8.761,11.8574,8.9751
6.1055,26.2387,174.7309,20.6786,-18.4285,2.7591,99.7781,6.1148,8.7003,11.807,8.9157
6.1153,26.2388,174.7314,20.6808,-18.4293,2.7624,99.7774,6.1145,8.7008,11.8072,8.9141
6.1251,26.24,174.7327,20.6803,-18.4282,2.7606,99.7801,6.1151,8.701,11.8067,8.9166
6.1349,26.2408,174.7319,20.6798,-18.4296,2.7605,99.7804,6.1163,8.7007,11.806,8.914
6.1447,26.2388,174.732,20.6807,-18.4304,2.7595,99.7793,6.1145,8.7016,11.8046,8.9159
6.1546,26.2388,174.7313,20.6801,-18.4295,2.7594,99.7787,6.1143,8.7005,11.8075,8.9173
6.1644,26.2378,174.7321,20.6812,-18.4297,2.7597,99.7785,6.1147,8.6999,11.8057,8.9162
6.1742,26.2377,174.7308,20.6787,-18.4292,2.7606,99.7787,6.1146,8.7007,11.8064,8.9164
6.184,26.2392,174.7316,20.6784,-18.4284,2.7595,99.778,6.1142,8.7002,11.8073,8.9159
6.1938,26.2395,174.731,20.6802,-18.428,2.7602,99.7768,6.1141,8.7017,11.8072,8.916
6.2036,26.222,175.1905,20.6742,-18.4089,2.7606,99.7774,6.1272,8.6651,11.7762,8.8829
6.2134,26.2213,175.1911,20.6732,-18.4073,2.7607,99.7775,6.1284,8.6655,11.7782,8.8828
6.2232,26.2227,175.1908,20.6724,-18.4066,2.7593,99.778,6.1279,8.6649,11.7756,8.8811
6.233,26.2236,175.1924,20.6743,-18.4076,2.7616,99.7788,6.1293,8.6667,11.7777,8.8813
6.2428,26.2221,175.1916,20.6736,-18.4077,2.7608,99.7783,6.1276,8.6661,11.778,8.8817
6.2527,26.2222,175.1911,20.6736,-18.4083,2.7608,99.7787,6.1274,8.666,11.778,8.8811
6.2625,26.2215,175.1916,20.6736,-18.4071,2.7598,99.7777,6.1292,8.6632,11.7767,8.8814
6.2723,26.2237,175.1931,20.6749,-18.4089,2.7605,99.7779,6.1281,8.6649,11.7764,8.8812
6.2821,26.2229,175.1907,20.6749,-18.4078,2.7592,99.778,6.1272,8.6648,11.7761,8.8802
6.2919,26.222,175.1908,20.6733,-18.4077,2.757,99.7766,6.1272,8.6646,11.7796,8.8812
6.3017,26.2041,175.7164,20.6685,-18.4027,2.7585,99.7785,6.143,8.6241,11.7433,8.8427
6.3115,26.2042,175.717,20.6676,-18.404,2.7597,99.7788,6.1425,8.6263,11.7436,8.8428
6.3213,26.2037,175.7156,20.6672,-18.4023,2.76,99.7796,6.1418,8.6244,11.7435,8.8427
6.3311,26.203,175.7173,20.6659,-18.4007,2.7592,99.7779,6.1405,8.625,11.7438,8.8429
6.3409,26.2059,175.7172,20.6706,-18.4008,2.7604,99.7783,6.141,8.6244,11.7432,8.8417
6.3508,26.2011,175.7857,20.6665,-18.3983,2.7612,99.7769,6.1453,8.6189,11.7391,8.837
6.3606,26.2031,175.786,20.6662,-18.3989,2.761,99.7788,6.1441,8.6202,11.7399,8.8367
6.3704,26.2009,175.7867,20.6671,-18.3993,2.7586,99.7771,6.1436,8.6188,11.7404,8.8365
6.3802,26.2026,175.7842,20.6662,-18.3989,2.7587,99.7783,6.1442,8.6178,11.7376,8.8373
6.39,26.2008,175.786,20.6672,-18.3985,2.7568,99.7789,6.1452,8.6184,11.7388,8.8377
6.3998,26.2005,175.7856,20.6669,-18.3986,2.7601,99.7784,6.1442,8.6179,11.7385,8.836
6.4096,26.1919,176.0809,20.6636,-18.3857,2.7572,99.7793,6.1519,8.5949,11.7214,8.8148
6.4194,26.1892,176.0822,20.6636,-18.3855,2.7586,99.778,6.1512,8.5957,11.7207,8.8144
6.4292,26.1902,176.08,20.6637,-18.3844,2.7576,99.7773,6.154,8.5958,11.7188,8.8154
6.439,26.1904,176.0813,20.6654,-18.3844,2.7579,99.7783,6.1513,8.5969,11.7191,8.8139
6.4488,26.1907,176.0817,20.6637,-18.3853,2.7575,99.7767,6.151,8.5957,11.7209,8.8143
6.4587,26.1908,176.0822,20.6623,-18.3865,2.7584,99.7765,6.151,8.5966,11.7206,8.814
6.4685,26.1892,176.0802,20.6635,-18.3858,2.7572,99.7774,6.1521,8.596,11.7229,8.8171
6.4783,26.1909,176.0822,20.6647,-18.3832,2.7586,99.7776,6.1522,8.5961,11.7205,8.8156
6.4881,26.1887,176.0815,20.6652,-18.3833,2.7579,99.7778,6.1515,8.5965,11.7195,8.8153
6.4979,26.1898,176.0831,20.6634,-18.3865,2.7598,99.7782,6.1537,8.5951,11.7208,8.8138
6.5077,26.1624,176.8844,20.6525,-18.3273,2.7534,99.7743,6.1718,8.5354,11.6727,8.7568
6.5175,26.1626,176.881,20.6515,-18.3272,2.7527,99.7751,6.1739,8.5364,11.6691,8.7561
6.5273,26.1609,176.8821,20.653,-18.3283,2.752,99.7759,6.1737,8.5363,11.6703,8.7563
6.5371,26.1617,176.8826,20.6544,-18.3263,2.7517,99.7773,6.174,8.537,11.6694,8.7572
6.5469,26.161,176.8805,20.653,-18.3259,2.753,99.7761,6.1733,8.5374,11.6725,8.7567
6.5568,26.161,176.881,20.6539,-18.3281,2.7532,99.7763,6.1743,8.5353,11.6706,8.7562
6.5666,26.1617,176.8809,20.6558,-18.3279,2.7533,99.7753,6.173,8.5349,11.6699,8.7566
6.5764,26.1644,176.884,20.6507,-18.3257,2.7525,99.7743,6.1715,8.5378,11.6702,8.7566
6.5862,26.1628,176.8812,20.652,-18.3281,2.753,99.7749,6.1733,8.5358,11.672,8.7541
6.596,26.1611,176.8799,20.6545,-18.3278,2.7509,99.777,6.1735,8.535,11.6708,8.757
6.6058,26.1525,177.1686,20.6502,-18.3142,2.7506,99.7753,6.1819,8.5135,11.6556,8.7373
6.6156,26.1521,177.169,20.6492,-18.3166,2.7508,99.7748,6.1817,8.5157,11.6516,8.7387
6.6254,26.1506,177.1689,20.651,-18.315,2.7513,99.775,6.1819,8.5162,11.6549,8.736
6.6352,26.1529,177.1668,20.6506,-18.3141,2.7498,99.7748,6.1788,8.5165,11.6534,8.7361
6.645,26.1531,177.1685,20.6487,-18.314,2.7504,99.7757,6.1798,8.5144,11.6548,8.7383
6.6549,26.1525,177.1698,20.6495,-18.3139,2.7517,99.7756,6.1803,8.5139,11.6555,8.7369
6.6647,26.1524,177.1689,20.6515,-18.3133,2.7525,99.7752,6.1796,8.5162,11.655,8.7375
6.6745,26.1521,177.1674,20.6508,-18.3135,2.7509,99.7743,6.1791,8.5151,11.6536,8.7375
6.6843,26.1513,177.1686,20.6522,-18.3149,2.7506,99.7751,6.1817,8.5138,11.6542,8.7354
6.6941,26.1523,177.1686,20.6523,-18.3129,2.7514,99.7741,6.1807,8.514,11.6545,8.7373
6.7039,26.1294,177.8318,20.6421,-18.3056,2.7517,99.7735,6.1981,8.4655,11.6134,8.6896
6.7137,26.1318,177.833,20.6433,-18.3054,2.7495,99.7735,6.1967,8.4661,11.6146,8.6901
6.7235,26.1296,177.8323,20.6429,-18.306,2.7518,99.7719,6.1983,8.47,11.6132,8.6894
6.7333,26.1301,177.8349,20.6443,-18.3041,2.7498,99.7727,6.1974,8.4666,11.6155,8.6904
6.7431,26.1292,177.8314,20.6417,-18.3049,2.7505,99.7736,6.1967,8.4671,11.6141,8.6875
6.753,26.1278,177.8321,20.6433,-18.3067,2.752,99.7734,6.1985,8.4664,11.6138,8.6899
6.7628,26.1304,177.8326,20.6435,-18.3058,2.7499,99.773,6.1983,8.4651,11.6137,8.6896
6.7726,26.1284,177.8332,20.6445,-18.3054,2.7506,99.7719,6.1975,8.4658,11.615,8.6895
6.7824,26.1293,177.8319,20.6429,-18.3075,2.7501,99.7733,6.1981,8.4654,11.6151,8.6889
6.7922,26.1279,177.8347,20.6441,-18.3066,2.7522,99.7741,6.1976,8.4665,11.6128,8.6912
6.802,26.1162,178.2286,20.6377,-18.2999,2.7489,99.7729,6.2087,8.438,11.5906,8.664
6.8118,26.1153,178.2284,20.638,-18.298,2.7487,99.7738,6.2084,8.4369,11.5903,8.6629
6.8216,26.1159,178.2309,20.6384,-18.297,2.7532,99.7739,6.2051,8.4371,11.5921,8.6621
6.8314,26.1162,178.2278,20.638,-18.299,2.7501,99.7749,6.2088,8.4374,11.5889,8.6607
6.8412,26.115,178.2283,20.6379,-18.2974,2.7496,99.7734,6.207,8.4363,11.5913,8.6633
6.8511,26.1142,178.2304,20.6391,-18.2969,2.7512,99.773,6.2061,8.4378,11.5913,8.662
6.8609,26.1179,178.2287,20.6385,-18.2959,2.7515,99.7741,6.2074,8.4365,11.5925,8.6616
6.8707,26.1159,178.2304,20.6382,-18.2978,2.7514,99.7736,6.2069,8.4375,11.5921,8.6629
6.8805,26.1157,178.2282,20.6389,-18.2966,2.7515,99.7735,6.2096,8.4371,11.5892,8.6624
6.8903,26.1145,178.2305,20.639,-18.2984,2.7502,99.7727,6.2066,8.4381,11.5919,8.6616
6.9001,26.0939,178.8545,20.6318,-18.2901,2.7491,99.775,6.2238,8.396,11.5547,8.6195
6.9099,26.095,178.8542,20.634,-18.2903,2.7495,99.7766,6.2227,8.3925,11.5569,8.6194
6.9197,26.0944,178.8562,20.6312,-18.2911,2.7504,99.7768,6.2239,8.3909,11.5543,8.6174
6.9295,26.0961,178.8548,20.6315,-18.2916,2.7499,99.7765,6.2226,8.3954,11.5543,8.6203
6.9393,26.0948,178.8554,20.6311,-18.2918,2.7502,99.7768,6.2232,8.3946,11.5533,8.6202
6.9491,26.0927,178.855,20.632,-18.2893,2.75,99.7773,6.2239,8.3926,11.5547,8.6193
6.959,26.0927,178.8558,20.6301,-18.2917,2.7507,99.7767,6.2237,8.393,11.553,8.6179
6.9688,26.0934,178.8563,20.6303,-18.2911,2.7494,99.7763,6.2239,8.3929,11.5544,8.6182
6.9786,26.0932,178.8533,20.6308,-18.2903,2.7501,99.7752,6.2231,8.3906,11.5539,8.6207
6.9884,26.0938,178.8553,20.6307,-18.2888,2.7486,99.7758,6.2231,8.3939,11.5543,8.6195
6.9982,26.0932,178.8541,20.6314,-18.2907,2.7511,99.7764,6.2252,8.3919,11.5531,8.6195
7.008,26.0824,179.1823,20.6301,-18.2742,2.7496,99.7761,6.2319,8.3698,11.5329,8.5965
7.0178,26.0833,179.1824,20.6271,-18.2769,2.7522,99.7766,6.2305,8.3698,11.5368,8.595
7.0276,26.0818,179.1824,20.6293,-18.2752,2.7509,99.7747,6.2318,8.3712,11.5333,8.5972
7.0374,26.0841,179.183,20.6281,-18.2755,2.7501,99.7759,6.2324,8.3724,11.5349,8.5979
7.0472,26.0829,179.1838,20.6302,-18.2765,2.7505,99.7757,6.229,8.3686,11.5351,8.5969
7.0571,26.0834,179.1836,20.6281,-18.2755,2.7494,99.7765,6.2331,8.3687,11.5365,8.5975
7.0669,26.0825,179.1814,20.6289,-18.2755,2.751,99.776,6.2312,8.3711,11.5356,8.5952
7.0767,26.0824,179.1835,20.6277,-18.2776,2.7507,99.7744,6.233,8.3695,11.5356,8.5973
7.0865,26.0829,179.1831,20.6291,-18.2767,2.7504,99.7759,6.2294,8.369,11.5356,8.5992
7.0963,26.0823,179.183,20.6292,-18.2772,2.7485,99.7755,6.2322,8.3705,11.5346,8.5967
7.1061,26.0661,179.704,20.6225,-18.2361,2.7502,99.7756,6.2429,8.334,11.5052,8.5621
7.1159,26.0642,179.7054,20.6233,-18.2345,2.7501,99.7748,6.2454,8.3343,11.5061,8.5617
7.1257,26.0647,179.705,20.6225,-18.2326,2.7511,99.7754,6.2434,8.3337,11.5061,8.5633
7.1355,26.0663,179.7052,20.6227,-18.2365,2.7493,99.776,6.2453,8.3343,11.5045,8.5626
7.1453,26.0662,179.7046,20.6232,-18.2351,2.75,99.7748,6.2444,8.3341,11.5065,8.5629
7.1552,26.0651,179.7044,20.6215,-18.2352,2.75,99.776,6.2439,8.3325,11.5074,8.566
7.165,26.0648,179.7043,20.6232,-18.236,2.7512,99.7769,6.2444,8.3342,11.5068,8.5638
7.1748,26.0661,179.7063,20.6233,-18.2342,2.7495,99.7742,6.2443,8.3334,11.5067,8.5637
7.1846,26.0646,179.7055,20.6238,-18.2358,2.7504,99.7756,6.2421,8.3346,11.5063,8.5641
7.1944,26.0663,179.7056,20.6232,-18.2347,2.7501,99.7759,6.2435,8.3337,11.5056,8.5614
7.2042,26.0485,180.1937,20.6185,-18.2126,2.75,99.7739,6.2551,8.3004,11.4787,8.5294
7.214,26.0495,180.1936,20.6175,-18.2137,2.7493,99.776,6.2555,8.3005,11.4777,8.5324
7.2238,26.0485,180.1932,20.6188,-18.2145,2.7509,99.7742,6.2551,8.301,11.4789,8.532
7.2336,26.0478,180.1924,20.6191,-18.2131,2.747,99.7751,6.257,8.3019,11.4783,8.5319
7.2434,26.0474,180.193,20.6198,-18.2132,2.7484,99.7738,6.2566,8.2999,11.4785,8.5304
7.2533,26.049,180.1919,20.6181,-18.2127,2.7513,99.7738,6.253,8.301,11.4783,8.5312
7.2631,26.0496,180.1928,20.6177,-18.2141,2.7519,99.7766,6.2554,8.2994,11.4779,8.5326
7.2729,26.0484,180.1919,20.6185,-18.213,2.7475,99.7742,6.2552,8.3007,11.4793,8.5318
7.2827,26.0496,180.1912,20.6182,-18.2148,2.7508,99.774,6.2546,8.3023,11.48,8.5309
7.2925,26.049,180.1931,20.6178,-18.2125,2.7497,99.7765,6.2553,8.3014,11.4784,8.5307
7.3023,26.0324,180.7032,20.6132,-18.2068,2.7503,99.7729,6.2685,8.268,11.4516,8.4997
7.3121,26.0306,180.7033,20.6121,-18.206,2.7487,99.7736,6.2664,8.2695,11.4513,8.4987
7.3219,26.0338,180.7021,20.6141,-18.204,2.7494,99.7745,6.2699,8.2663,11.4529,8.4999
7.3317,26.0334,180.7033,20.6131,-18.2061,2.7483,99.7745,6.2665,8.267,11.451,8.4992
7.3415,26.033,180.7031,20.6142,-18.2053,2.7506,99.7748,6.268,8.2688,11.4523,8.4991
7.3514,26.0324,180.7038,20.6135,-18.2058,2.7502,99.7729,6.2694,8.2696,11.451,8.4986
7.3612,26.0331,180.7017,20.6139,-18.2069,2.7519,99.7749,6.2683,8.2674,11.4513,8.5006
7.371,26.0333,180.7036,20.6138,-18.2046,2.7498,99.7751,6.2687,8.2694,11.4528,8.4972
7.3808,26.0334,180.7025,20.6134,-18.2045,2.7496,99.7733,6.2678,8.2674,11.4494,8.4982
7.3906,26.0326,180.7025,20.6131,-18.2058,2.7482,99.7741,6.2695,8.2661,11.45,8.4992
7.4004,26.0245,180.9605,20.6117,-18.2034,2.7495,99.7731,6.2735,8.2519,11.4376,8.4831
7.4102,26.0252,180.9579,20.6103,-18.203,2.7504,99.7741,6.275,8.2504,11.4372,8.4828
7.42,26.0243,180.9589,20.61,-18.2043,2.751,99.773,6.2744,8.2512,11.438,8.4853
7.4298,26.0255,180.9579,20.6123,-18.2053,2.7487,99.7742,6.2759,8.2525,11.4382,8.4836
7.4396,26.0247,180.958,20.6123,-18.2026,2.7507,99.773,6.273,8.252,11.4386,8.484
7.4494,26.0238,180.9577,20.6122,-18.2041,2.7503,99.7752,6.2729,8.2518,11.4396,8.4837
7.4593,26.024,180.9575,20.6093,-18.2049,2.7513,99.7758,6.2739,8.2517,11.4379,8.4829
7.4691,26.0241,180.9579,20.6101,-18.2038,2.7508,99.7739,6.2741,8.2516,11.4362,8.4825
7.4789,26.0237,180.9579,20.6114,-18.2045,2.7508,99.7734,6.2738,8.2495,11.438,8.4827
7.4887,26.0252,180.9593,20.6133,-18.2034,2.749,99.7743,6.274,8.2521,11.437,8.4838
7.4985,26.0245,180.959,20.6113,-18.2036,2.7497,99.7741,6.2744,8.2509,11.4364,8.4836
7.5083,26.008,181.4942,20.6072,-18.1967,2.7495,99.7727,6.2864,8.2139,11.409,8.4503
7.5181,26.0068,181.4935,20.6042,-18.1966,2.751,99.7738,6.2843,8.2146,11.4081,8.449
7.5279,26.0064,181.4932,20.608,-18.1954,2.7504,99.7732,6.2875,8.2153,11.4102,8.4505
7.5377,26.0079,181.4946,20.6058,-18.1952,2.7493,99.7715,6.2875,8.2155,11.408,8.4479
7.5475,26.0083,181.4938,20.6053,-18.197,2.7512,99.7711,6.2879,8.2162,11.4095,8.4498
7.5574,26.0083,181.4919,20.6057,-18.1967,2.7496,99.7733,6.2874,8.2165,11.4087,8.4481
7.5672,26.0082,181.4923,20.6051,-18.1944,2.7504,99.7722,6.2869,8.2155,11.4095,8.4483
7.577,26.0061,181.4938,20.6084,-18.1938,2.7488,99.7731,6.285,8.2162,11.4074,8.448
7.5868,26.0085,181.4932,20.6073,-18.1958,2.7514,99.7729,6.2856,8.2161,11.4094,8.4483
7.5966,26.0067,181.4936,20.6065,-18.1965,2.749,99.7726,6.288,8.2164,11.4087,8.448
7.6064,25.9973,181.7772,20.6039,-18.1885,2.7501,99.7713,6.2928,8.1977,11.3925,8.4316
7.6162,26.0,181.778,20.6045,-18.187,2.7489,99.7736,6.2941,8.1982,11.3949,8.4315
7.626,25.9966,181.7749,20.6039,-18.1871,2.7497,99.7712,6.2935,8.1985,11.3933,8.4321
7.6358,25.9969,181.7768,20.6025,-18.1871,2.7498,99.7735,6.2938,8.1984,11.3939,8.4322
7.6456,25.9981,181.7788,20.6043,-18.1869,2.7485,99.7722,6.2913,8.1973,11.393,8.4301
7.6555,25.9961,181.775,20.6033,-18.1875,2.7512,99.771,6.2933,8.1963,11.3934,8.4307
7.6653,25.9997,181.7774,20.6042,-18.1846,2.7501,99.7735,6.2937,8.1988,11.3934,8.4319
7.6751,25.9981,181.778,20.6049,-18.1865,2.7484,99.7721,6.2933,8.1981,11.397,8.4315
7.6849,25.9984,181.7746,20.604,-18.1863,2.7502,99.7704,6.2949,8.2007,11.3939,8.4299
7.6947,25.9983,181.7772,20.6036,-18.1855,2.7489,99.7705,6.2921,8.197,11.3928,8.4333
7.7045,25.9848,182.1864,20.6006,-18.1718,2.751,99.7698,6.3015,8.1729,11.3736,8.4076
7.7143,25.9848,182.1882,20.6006,-18.1712,2.7502,99.7703,6.3026,8.1717,11.3719,8.4049
7.7241,25.9858,182.1866,20.6003,-18.1714,2.7485,99.772,6.3033,8.1735,11.3739,8.407
7.7339,25.9853,182.1865,20.6001,-18.1707,2.7503,99.7713,6.3027,8.1731,11.3726,8.4071
7.7437,25.9842,182.1872,20.5981,-18.1725,2.75,99.7706,6.3023,8.1722,11.3746,8.4061
7.7536,25.9872,182.1857,20.5995,-18.172,2.7497,99.7708,6.3024,8.173,11.3728,8.4071
7.7634,25.9847,182.1848,20.6006,-18.1717,2.7508,99.7701,6.3024,8.1714,11.3738,8.4057
7.7732,25.984,182.1857,20.6004,-18.1705,2.7502,99.7727,6.3025,8.1709,11.3728,8.4077
7.783,25.9856,182.187,20.6011,-18.1716,2.7507,99.7721,6.3013,8.1713,11.3731,8.4064
7.7928,25.9854,182.1855,20.6,-18.1721,2.7514,99.7719,6.3028,8.1713,11.3732,8.4066
7.8026,25.9595,182.9927,20.5918,-18.1286,2.7485,99.7699,6.3193,8.1219,11.3304,8.3582
7.8124,25.961,182.9932,20.5917,-18.126,2.7505,99.7694,6.3198,8.1213,11.3313,8.3591
7.8222,25.9624,182.9945,20.5947,-18.1278,2.7497,99.7693,6.3184,8.1205,11.3328,8.3583
7.832,25.961,182.9931,20.5949,-18.1261,2.7481,99.7685,6.3199,8.1201,11.3333,8.3579
7.8418,25.9621,182.9911,20.5913,-18.1282,2.7512,99.7686,6.3188,8.122,11.3331,8.358
7.8517,25.9602,182.9918,20.5937,-18.1249,2.7515,99.7706,6.3196,8.1226,11.3296,8.3601
7.8615,25.9611,182.9936,20.5943,-18.1285,2.7495,99.7698,6.3206,8.122,11.3333,8.3569
7.8713,25.9597,182.9935,20.591,-18.1283,2.7508,99.7687,6.3217,8.1203,11.3324,8.3597
7.8811,25.9582,182.9951,20.5926,-18.1269,2.7517,99.7683,6.3215,8.1205,11.3314,8.3585
7.8909,25.9601,182.9935,20.5941,-18.1275,2.7495,99.7699,6.3206,8.1221,11.3311,8.3593
7.9007,25.9404,183.6665,20.5876,-18.1035,2.7464,99.7689,6.3356,8.0817,11.2984,8.3189
7.9105,25.939,183.6688,20.5861,-18.1015,2.748,99.7685,6.3346,8.0789,11.2977,8.3171
7.9203,25.9388,183.6675,20.5867,-18.1027,2.7492,99.7681,6.3371,8.0807,11.2967,8.3182
7.9301,25.9395,183.6665,20.5869,-18.1015,2.746,99.7696,6.3368,8.0808,11.298,8.3183
7.9399,25.9389,183.6655,20.5858,-18.1025,2.7473,99.7676,6.3343,8.0799,11.2992,8.3196
7.9497,25.937,183.6672,20.5881,-18.1017,2.7471,99.766,6.3338,8.0814,11.2984,8.318
7.9596,25.9406,183.6679,20.5882,-18.1004,2.7483,99.7685,6.3371,8.0805,11.2979,8.3176
7.9694,25.9387,183.6662,20.5855,-18.1028,2.7454,99.7677,6.3347,8.08,11.2987,8.3192
7.9792,25.9402,183.6654,20.5879,-18.1055,2.7485,99.7701,6.3359,8.0807,11.2967,8.3175
7.989,25.9393,183.6693,20.5859,-18.104,2.7459,99.7699,6.3359,8.0796,11.2977,8.3197
7.9988,25.9376,183.6678,20.5875,-18.1027,2.7458,99.7689,6.3362,8.0799,11.2961,8.3195
8.0086,25.9308,183.9211,20.5855,-18.0941,2.7477,99.7652,6.3402,8.0638,11.2866,8.3057
8.0184,25.9331,183.9194,20.5855,-18.0934,2.7469,99.7674,6.3416,8.065,11.2841,8.303
8.0282,25.9303,183.9204,20.5844,-18.0952,2.7459,99.7669,6.3409,8.065,11.2872,8.3045
8.038,25.9307,183.9167,20.5854,-18.0932,2.7474,99.769,6.342,8.0641,11.2863,8.3043
8.0478,25.9318,183.9172,20.585,-18.0924,2.7463,99.7683,6.3414,8.0655,11.2863,8.3049
8.0577,25.9315,183.9201,20.5862,-18.093,2.748,99.7685,6.3406,8.064,11.2862,8.305
8.0675,25.9303,183.918,20.5843,-18.0934,2.7463,99.7672,6.3402,8.0636,11.2845,8.304
8.0773,25.9312,183.9176,20.5824,-18.0942,2.7455,99.7674,6.3415,8.0645,11.2845,8.3032
8.0871,25.931,183.9194,20.5848,-18.093,2.7468,99.7675,6.3396,8.064,11.2838,8.3049
8.0969,25.9339,183.9199,20.5853,-18.0921,2.7456,99.7686,6.3396,8.0649,11.2864,8.3042
8.1067,25.9229,184.2876,20.5823,-18.0929,2.7427,99.767,6.3493,8.0436,11.2668,8.2836
8.1165,25.9214,184.2876,20.5811,-18.0917,2.742,99.7664,6.3486,8.0412,11.2664,8.2838
8.1263,25.9204,184.287,20.5818,-18.095,2.7425,99.7698,6.3488,8.0442,11.268,8.2837
8.1361,25.9192,184.2868,20.5835,-18.0956,2.7433,99.7668,6.3476,8.0435,11.2674,8.2822
8.1459,25.9224,184.2892,20.5813,-18.0935,2.7431,99.7673,6.3493,8.0427,11.2689,8.2823
8.1558,25.9228,184.2879,20.5812,-18.0934,2.7422,99.7672,6.3481,8.0433,11.27,8.2824
8.1656,25.9223,184.2883,20.5834,-18.0938,2.7416,99.7667,6.3488,8.0421,11.2652,8.2829
8.1754,25.9215,184.2881,20.5815,-18.0931,2.741,99.7683,6.3493,8.0439,11.2686,8.2844
8.1852,25.9207,184.2862,20.5805,-18.0931,2.7433,99.7669,6.3489,8.0442,11.2687,8.2827
8.195,25.9208,184.2879,20.5828,-18.0937,2.7423,99.7672,6.3474,8.0449,11.2666,8.2831
8.2048,25.9154,184.5192,20.5817,-18.0946,2.7413,99.7674,6.3537,8.03,11.2551,8.27
8.2146,25.9134,184.5185,20.5776,-18.0954,2.7412,99.7677,6.3526,8.029,11.2548,8.2699
8.2244,25.9133,184.5176,20.5807,-18.0958,2.7402,99.7659,6.3536,8.0286,11.2568,8.2721
8.2342,25.9147,184.5169,20.5794,-18.0946,2.7433,99.7666,6.3541,8.0312,11.2567,8.2729
8.244,25.9149,184.5188,20.5789,-18.0922,2.7413,99.7669,6.3542,8.0286,11.2556,8.2717
8.2539,25.9131,184.5167,20.5812,-18.0946,2.7393,99.7657,6.3543,8.0289,11.2561,8.2702
8.2637,25.913,184.5188,20.5801,-18.0931,2.7398,99.7656,6.3539,8.0283,11.2572,8.2692
8.2735,25.9128,184.5187,20.581,-18.0932,2.7415,99.7662,6.3545,8.03,11.2564,8.2695
8.2833,25.9153,184.5183,20.5773,-18.0945,2.7428,99.7675,6.3541,8.0289,11.2566,8.2686
8.2931,25.9133,184.5187,20.581,-18.0935,2.7408,99.7661,6.3547,8.0288,11.2568,8.2712
8.3029,25.8997,184.9992,20.5751,-18.0865,2.7408,99.7654,6.3646,8.0023,11.235,8.2446
8.3127,25.901,184.9988,20.5749,-18.086,2.7407,99.7653,6.3645,8.0046,11.2341,8.2438
8.3225,25.9009,184.9988,20.578,-18.0863,2.7407,99.7662,6.3633,8.0011,11.2346,8.2427
8.3323,25.901,184.9985,20.5763,-18.0885,2.7398,99.7647,6.3623,8.0021,11.2345,8.2424
8.3421,25.9006,184.9991,20.5749,-18.0863,2.7417,99.7668,6.3643,8.0025,11.2332,8.2457
8.352,25.9006,184.9968,20.5753,-18.0856,2.7423,99.7639,6.3654,8.002,11.2348,8.2433
8.3618,25.8995,185.0003,20.5744,-18.086,2.7415,99.7645,6.3633,8.0035,11.2339,8.244
8.3716,25.9007,185.0001,20.5751,-18.0876,2.7384,99.766,6.3637,8.0012,11.2338,8.2433
8.3814,25.9005,184.9991,20.5744,-18.0884,2.7399,99.7663,6.366,8.0025,11.2321,8.2435
8.3912,25.9003,184.9988,20.5742,-18.0869,2.7413,99.7651,6.3632,8.0004,11.2319,8.2442
8.401,25.8888,185.383,20.5738,-18.0646,2.74,99.765,6.3706,7.9801,11.2147,8.2208
8.4108,25.8888,185.3841,20.5718,-18.0649,2.7388,99.7655,6.3718,7.9794,11.2153,8.2219
8.4206,25.8898,185.3832,20.5717,-18.0661,2.7392,99.7659,6.3712,7.9797,11.2155,8.2224
8.4304,25.8893,185.3837,20.571,-18.0677,2.7394,99.7674,6.3722,7.9799,11.2146,8.2226
8.4402,25.8882,185.3824,20.5733,-18.0656,2.7389,99.7665,6.3709,7.9809,11.2164,8.2226
8.4501,25.8904,185.3838,20.5717,-18.0643,2.741,99.765,6.3741,7.9803,11.2158,8.2213
8.4599,25.8889,185.3823,20.5719,-18.0644,2.7415,99.7677,6.3703,7.9807,11.2169,8.2228
8.4697,25.888,185.3837,20.5695,-18.0664,2.7398,99.765,6.3723,7.9795,11.2156,8.2223
8.4795,25.8897,185.3842,20.5721,-18.065,2.7401,99.7645,6.3719,7.9817,11.2156,8.2233
8.4893,25.8879,185.383,20.5723,-18.064,2.7408,99.7656,6.3712,7.9807,11.2149,8.2247
8.4991,25.889,185.3826,20.5727,-18.0651,2.7391,99.7672,6.3705,7.9798,11.2147,8.2244
8.5089,25.876,185.8121,20.5679,-18.022,2.7397,99.7675,6.3796,7.9561,11.198,8.1988
8.5187,25.8796,185.8104,20.5702,-18.0246,2.7396,99.7697,6.381,7.9571,11.1981,8.1999
8.5285,25.8761,185.8108,20.5689,-18.0234,2.7399,99.7684,6.3803,7.9541,11.1962,8.2
8.5383,25.8776,185.8111,20.5695,-18.0234,2.7408,99.7705,6.381,7.9556,11.1973,8.1975
8.5481,25.8767,185.8092,20.5667,-18.0221,2.7399,99.7669,6.3798,7.9563,11.1973,8.2002
8.558,25.8762,185.811,20.5681,-18.0231,2.74,99.7705,6.3806,7.9555,11.1958,8.1987
8.5678,25.8762,185.8103,20.5692,-18.0215,2.7401,99.7672,6.3786,7.9558,11.1967,8.1984
8.5776,25.8777,185.8103,20.5676,-18.0224,2.7419,99.7675,6.3792,7.9547,11.1967,8.1985
8.5874,25.8763,185.81,20.5682,-18.0226,2.7402,99.7672,6.3805,7.955,11.1956,8.1986
8.5972,25.8755,185.8103,20.5679,-18.0232,2.7388,99.7667,6.3796,7.9543,11.1963,8.2008
8.607,25.8702,186.0911,20.5658,-18.0082,2.7411,99.7687,6.3869,7.9394,11.1844,8.1855
8.6168,25.8688,186.0905,20.5662,-18.0082,2.74,99.7694,6.3859,7.9402,11.1836,8.1847
8.6266,25.869,186.0905,20.5657,-18.0088,2.7414,99.7688,6.3867,7.9397,11.1823,8.1851
8.6364,25.8688,186.0916,20.5663,-18.0072,2.7401,99.7678,6.3858,7.9428,11.1833,8.1848
8.6462,25.871,186.0912,20.5662,-18.0084,2.7389,99.7693,6.3856,7.9399,11.183,8.1828
8.6561,25.8697,186.0911,20.5661,-18.0075,2.7399,99.7684,6.3887,7.9405,11.184,8.1857
8.6659,25.8676,186.0927,20.5646,-18.0074,2.7405,99.7673,6.3866,7.9403,11.1852,8.1844
8.6757,25.8679,186.0902,20.5662,-18.0077,2.7404,99.7689,6.386,7.9412,11.1838,8.1846
8.6855,25.8698,186.0905,20.5663,-18.0067,2.7403,99.7679,6.3865,7.9393,11.1831,8.1836
8.6953,25.8682,186.0917,20.5645,-18.0085,2.7401,99.7677,6.385,7.9416,11.1838,8.1851
8.7051,25.8544,186.5805,20.5598,-18.0022,2.7419,99.7642,6.3961,7.914,11.1604,8.1561
8.7149,25.8556,186.5787,20.5628,-18.0018,2.7404,99.7659,6.3967,7.9112,11.1616,8.1573
8.7247,25.8543,186.5798,20.5625,-18.001,2.7422,99.7649,6.396,7.912,11.1616,8.1579
8.7345,25.8554,186.5782,20.5616,-18.0022,2.7394,99.7662,6.3949,7.9143,11.1607,8.1567
8.7443,25.8549,186.5802,20.5613,-18.0029,2.7408,99.7651,6.397,7.9142,11.1597,8.1579
8.7542,25.8537,186.5804,20.5621,-18.0019,2.7401,99.765,6.3959,7.913,11.161,8.1592
8.764,25.8543,186.5779,20.5612,-18.001,2.7409,99.765,6.3954,7.9137,11.162,8.1564
8.7738,25.8535,186.5791,20.5603,-18.0028,2.7391,99.7673,6.3974,7.9122,11.1614,8.1551
8.7836,25.8555,186.5791,20.5624,-18.0018,2.7398,99.7651,6.3982,7.9146,11.1624,8.1573
8.7934,25.8547,186.5793,20.5619,-18.0013,2.7379,99.7651,6.3951,7.9135,11.1614,8.1573
8.8032,25.8476,186.8232,20.5604,-18.0012,2.7395,99.7628,6.4019,7.9001,11.1496,8.1471
8.813,25.8492,186.8239,20.5591,-18.0027,2.7385,99.7642,6.4011,7.8995,11.1489,8.1458
8.8228,25.8465,186.8225,20.5585,-18.0016,2.7391,99.7648,6.4017,7.8994,11.1497,8.1444
8.8326,25.848,186.8247,20.5586,-18.0015,2.7416,99.7645,6.4017,7.8984,11.1495,8.1441
8.8424,25.8477,186.8235,20.5589,-18.0024,2.7403,99.7652,6.4006,7.899,11.151,8.1459
8.8523,25.8461,186.8233,20.5595,-18.0018,2.7391,99.7663,6.4017,7.8993,11.1494,8.1451
8.8621,25.8493,186.8256,20.5583,-18.0,2.7387,99.7653,6.4004,7.8994,11.1497,8.1456
8.8719,25.8485,186.8248,20.5581,-18.0026,2.7424,99.7633,6.4011,7.9,11.1498,8.1475
8.8817,25.8465,186.8243,20.5593,-18.0023,2.7392,99.7658,6.4009,7.8984,11.1502,8.1454
8.8915,25.8471,186.8231,20.5587,-18.0015,2.7419,99.7644,6.403,7.8992,11.1515,8.147
8.9013,25.8371,187.1933,20.5555,-18.0006,2.7405,99.7674,6.4088,7.8802,11.1345,8.1281
8.9111,25.8379,187.193,20.5552,-18.0004,2.7416,99.7672,6.4075,7.8803,11.1345,8.1266
8.9209,25.8371,187.1936,20.5587,-17.9974,2.7409,99.7665,6.4085,7.8813,11.1342,8.1275
8.9307,25.8385,187.1919,20.5557,-18.0009,2.7394,99.7653,6.4071,7.8786,11.136,8.1258
8.9405,25.8376,187.1934,20.5562,-18.0005,2.7397,99.7669,6.4101,7.8802,11.1339,8.1277
8.9504,25.8329,187.3658,20.5576,-17.9922,2.7404,99.7677,6.4126,7.8695,11.1278,8.1175
8.9602,25.8321,187.366,20.5543,-17.9934,2.7389,99.7672,6.4112,7.8696,11.127,8.1166
8.97,25.8326,187.3679,20.5543,-17.9917,2.7396,99.7676,6.4125,7.871,11.1264,8.1177
8.9798,25.8315,187.3667,20.5556,-17.9915,2.7399,99.7642,6.4129,7.8707,11.1271,8.118
8.9896,25.8318,187.3662,20.5541,-17.9937,2.739,99.7662,6.4123,7.8712,11.1264,8.1178
8.9994,25.8324,187.3659,20.5553,-17.9928,2.7412,99.7666,6.4129,7.8715,11.126,8.1174
9.0092,25.8316,187.426,20.5544,-17.9902,2.7377,99.7664,6.4153,7.8683,11.1243,8.113
9.019,25.8319,187.4282,20.5544,-17.9903,2.7403,99.7672,6.4136,7.8677,11.1244,8.1149
9.0288,25.8316,187.4279,20.5552,-17.9917,2.7391,99.7669,6.4126,7.8673,11.1244,8.1125
9.0386,25.83,187.426,20.5549,-17.9913,2.7404,99.7674,6.4133,7.8711,11.1243,8.117
9.0484,25.8308,187.4248,20.5549,-17.9924,2.7407,99.7678,6.4115,7.8688,11.1241,8.1139
9.0583,25.8248,187.6858,20.5529,-17.978,2.7403,99.7649,6.419,7.8555,11.1123,8.1035
9.0681,25.8249,187.6876,20.5527,-17.9788,2.7407,99.7691,6.4181,7.8547,11.1136,8.1033
9.0779,25.825,187.6854,20.5523,-17.9777,2.7405,99.768,6.4184,7.8542,11.1141,8.1017
9.0877,25.8238,187.6857,20.5532,-17.9773,2.741,99.7678,6.4197,7.8525,11.1129,8.1023
9.0975,25.8245,187.6853,20.5532,-17.9769,2.7409,99.7673,6.4182,7.8535,11.1097,8.1007
9.1073,25.8211,187.8428,20.5537,-17.9722,2.7406,99.7676,6.4223,7.8464,11.1059,8.0937
9.1171,25.8195,187.8425,20.55,-17.9716,2.7395,99.7671,6.4211,7.8491,11.1043,8.0931
9.1269,25.8208,187.8432,20.5512,-17.9697,2.7394,99.767,6.4213,7.8449,11.1061,8.0945
9.1367,25.8192,187.8401,20.5512,-17.9724,2.7423,99.769,6.4208,7.8461,11.1068,8.0923
9.1465,25.8196,187.8436,20.5523,-17.9702,2.7412,99.7684,6.4209,7.8453,11.105,8.0939
9.1564,25.8033,188.4128,20.5468,-17.921,2.7389,99.766,6.4326,7.8176,11.0816,8.0647
9.1662,25.805,188.4166,20.5475,-17.9223,2.7412,99.7667,6.4327,7.8165,11.082,8.0658
9.176,25.8044,188.4177,20.5476,-17.9214,2.7394,99.7675,6.4325,7.8152,11.0818,8.0643
9.1858,25.8044,188.4163,20.5471,-17.9213,2.7384,99.7673,6.4322,7.8141,11.0826,8.0641
9.1956,25.8038,188.4148,20.5473,-17.9227,2.7416,99.7665,6.4313,7.8181,11.0826,8.0664
9.2054,25.7994,188.5756,20.5463,-17.9096,2.7399,99.7677,6.4348,7.8084,11.0763,8.0579
9.2152,25.8011,188.5756,20.5468,-17.9106,2.7407,99.7659,6.4371,7.8061,11.0752,8.0586
9.225,25.8006,188.5767,20.5465,-17.9113,2.7403,99.7672,6.4342,7.8074,11.0757,8.0585
9.2348,25.7993,188.5766,20.5448,-17.9114,2.7399,99.7666,6.4328,7.808,11.0757,8.0586
9.2446,25.7995,188.5759,20.5443,-17.9107,2.7385,99.7672,6.4336,7.8079,11.0756,8.057
9.2545,25.7948,188.7229,20.5441,-17.9014,2.7411,99.7674,6.4364,7.7996,11.0683,8.0503
9.2643,25.7969,188.7228,20.5451,-17.902,2.7374,99.7642,6.4373,7.8017,11.0696,8.0506
9.2741,25.7967,188.7232,20.5437,-17.9019,2.7398,99.7653,6.4381,7.7998,11.0692,8.0501
9.2839,25.7962,188.721,20.5449,-17.9018,2.7383,99.7662,6.4372,7.801,11.068,8.0489
9.2937,25.7953,188.7239,20.5441,-17.9037,2.7391,99.765,6.4403,7.8005,11.0726,8.0508
9.3035,25.7931,188.7657,20.5438,-17.9016,2.7381,99.7668,6.4405,7.7976,11.0678,8.0487
9.3133,25.7954,188.7671,20.5439,-17.8997,2.7414,99.7638,6.439,7.7975,11.0665,8.0492
9.3231,25.795,188.7654,20.5447,-17.9022,2.7412,99.7659,6.4387,7.7988,11.0673,8.0482
9.3329,25.7946,188.7659,20.5446,-17.8999,2.7403,99.7651,6.4381,7.7985,11.066,8.0479
9.3427,25.7938,188.7674,20.5433,-17.9016,2.7384,99.766,6.4382,7.7986,11.067,8.0476
9.3526,25.7906,188.9174,20.5434,-17.9014,2.7407,99.7681,6.4411,7.7907,11.0625,8.0418
9.3624,25.7915,188.9171,20.5433,-17.9008,2.7392,99.769,6.441,7.7917,11.0611,8.0411
9.3722,25.7908,188.9153,20.5417,-17.901,2.7408,99.7681,6.4407,7.7903,11.0612,8.0391
9.382,25.7909,188.9158,20.543,-17.9011,2.7406,99.7664,6.4423,7.7915,11.0615,8.0414
9.3918,25.7918,188.9138,20.5428,-17.9016,2.7412,99.7681,6.4427,7.7905,11.0616,8.0406
9.4016,25.7886,189.0103,20.5446,-17.8998,2.7406,99.7669,6.4442,7.7854,11.0579,8.0358
9.4114,25.7893,189.01,20.5422,-17.9009,2.7398,99.7653,6.4419,7.7866,11.0588,8.0362
9.4212,25.7897,189.0094,20.5431,-17.9011,2.7385,99.7675,6.4445,7.7851,11.0592,8.0348
9.431,25.7869,189.0068,20.5428,-17.9002,2.7388,99.7664,6.4433,7.7867,11.0569,8.036
9.4408,25.7887,189.0083,20.5437,-17.9008,2.7406,99.7661,6.4411,7.784,11.0593,8.036
9.4507,25.7811,189.2576,20.5414,-17.8999,2.7412,99.7618,6.448,7.7731,11.0471,8.023
9.4605,25.7821,189.2563,20.5416,-17.8997,2.7412,99.7637,6.449,7.7731,11.047,8.0264
9.4703,25.7804,189.2554,20.5407,-17.9,2.7399,99.7629,6.4471,7.7735,11.0474,8.0238
9.4801,25.7823,189.2554,20.5407,-17.9011,2.7411,99.7617,6.447,7.7748,11.0487,8.0257
9.4899,25.7809,189.2563,20.5416,-17.8996,2.7388,99.7623,6.4479,7.7738,11.0491,8.0247
9.4997,25.7826,189.2573,20.5414,-17.9024,2.7394,99.7614,6.4473,7.7738,11.0486,8.0248
9.5095,25.7782,189.3433,20.5395,-17.8979,2.7382,99.7622,6.4499,7.7697,11.0444,8.0207
9.5193,25.78,189.3427,20.5411,-17.8984,2.739,99.761,6.4499,7.7697,11.0439,8.0195
9.5291,25.7776,189.3459,20.5406,-17.9001,2.7393,99.7618,6.4487,7.7691,11.0442,8.0198
9.5389,25.7806,189.3454,20.5397,-17.8974,2.7381,99.7626,6.4489,7.7707,11.0432,8.0213
9.5487,25.7795,189.3449,20.5401,-17.8997,2.7391,99.7614,6.45,7.7694,11.0439,8.0212
9.5586,25.7744,189.5462,20.5374,-17.9005,2.7399,99.7659,6.4534,7.7609,11.0346,8.0117
9.5684,25.7751,189.5473,20.5401,-17.8994,2.7396,99.7643,6.4556,7.7598,11.0357,8.0115
9.5782,25.774,189.5481,20.5386,-17.9003,2.7381,99.7649,6.4517,7.7592,11.0353,8.0119
9.588,25.7754,189.5466,20.5388,-17.9007,2.739,99.7632,6.4538,7.759,11.0363,8.0108
9.5978,25.7743,189.5469,20.5379,-17.9004,2.7384,99.7648,6.4543,7.7596,11.0352,8.0099
9.6076,25.7701,189.6455,20.5384,-17.8991,2.7418,99.7635,6.4545,7.7549,11.031,8.0068
9.6174,25.7705,189.6466,20.5391,-17.8998,2.7408,99.7644,6.455,7.7539,11.0325,8.0066
9.6272,25.7712,189.6477,20.5379,-17.8991,2.7383,99.7635,6.4549,7.7543,11.0305,8.0057
9.637,25.7728,189.6473,20.5383,-17.8996,2.7401,99.7653,6.4569,7.7548,11.0318,8.006
9.6468,25.7723,189.6467,20.5402,-17.8994,2.7409,99.7622,6.4551,7.7526,11.0306,8.0074
9.6567,25.7669,189.8375,20.536,-17.8986,2.7412,99.7663,6.4595,7.745,11.0254,7.9969
9.6665,25.7656,189.8409,20.5364,-17.8993,2.7425,99.7663,6.4587,7.7445,11.0242,7.9981
9.6763,25.7672,189.8376,20.5374,-17.8996,2.7414,99.7634,6.4595,7.7445,11.0242,7.9974
9.6861,25.7654,189.8392,20.5383,-17.8988,2.7403,99.7672,6.4595,7.745,11.0244,7.9984
9.6959,25.7677,189.8401,20.5367,-17.9018,2.7389,99.7655,6.4587,7.7457,11.0237,7.9981
9.7057,25.7567,190.2155,20.5319,-17.8993,2.7406,99.7665,6.4651,7.7253,11.0096,7.9807
9.7155,25.7553,190.2151,20.5347,-17.8991,2.7419,99.7668,6.4654,7.7284,11.0099,7.9785
9.7253,25.7572,190.2172,20.535,-17.9001,2.7405,99.7663,6.465,7.7252,11.0104,7.9807
9.7351,25.7563,190.2147,20.5356,-17.8981,2.7377,99.7676,6.4648,7.7263,11.008,7.9809
9.7449,25.7579,190.2169,20.5337,-17.8996,2.7409,99.7661,6.4646,7.7262,11.0114,7.9793
9.7548,25.7541,190.3575,20.5327,-17.9005,2.7381,99.7667,6.4675,7.719,11.0016,7.9718
9.7646,25.7537,190.3579,20.5327,-17.9002,2.7404,99.7659,6.47,7.7199,11.0026,7.9731
9.7744,25.7514,190.3581,20.532,-17.8991,2.741,99.7667,6.4684,7.7195,11.0053,7.9729
9.7842,25.7533,190.3592,20.534,-17.8982,2.7421,99.7666,6.469,7.7201,11.0053,7.9739
9.794,25.7532,190.3601,20.534,-17.8989,2.7387,99.767,6.4679,7.719,11.0033,7.9736
9.8038,25.7521,190.4268,20.533,-17.9008,2.741,99.7667,6.47,7.7158,11.0001,7.9705
9.8136,25.7498,190.4263,20.5314,-17.8995,2.7392,99.7681,6.4703,7.7153,11.0003,7.9688
9.8234,25.7495,190.426,20.5326,-17.8998,2.74,99.7659,6.4708,7.7174,11.0019,7.9689
9.8332,25.7494,190.4275,20.5312,-17.899,2.7419,99.7674,6.4692,7.7162,11.004,7.9692
9.843,25.7514,190.4255,20.5322,-17.901,2.7404,99.7689,6.4674,7.7157,11.0005,7.9703
9.8529,25.749,190.5974,20.5303,-17.9016,2.7382,99.7687,6.4734,7.7082,10.9939,7.9621
9.8627,25.7482,190.5955,20.5316,-17.9004,2.7393,99.7665,6.4727,7.7075,10.9933,7.9636
9.8725,25.7466,190.5986,20.5329,-17.9003,2.739,99.7681,6.4722,7.7083,10.9933,7.9626
9.8823,25.7468,190.596,20.532,-17.8984,2.7392,99.7654,6.4715,7.7087,10.9941,7.9626
9.8921,25.7473,190.5986,20.5309,-17.9001,2.7409,99.7685,6.4728,7.7094,10.9944,7.9635
9.9019,25.7454,190.7074,20.5312,-17.8996,2.7384,99.7671,6.475,7.7051,10.9919,7.9562
9.9117,25.7433,190.7087,20.5312,-17.899,2.7394,99.767,6.4738,7.703,10.9895,7.9561
9.9215,25.7461,190.7068,20.5307,-17.8999,2.7399,99.7665,6.4736,7.7034,10.9891,7.958
9.9313,25.742,190.7069,20.5325,-17.8976,2.7377,99.7652,6.4754,7.7027,10.989,7.9568
9.9411,25.7443,190.7095,20.5318,-17.8996,2.7394,99.7649,6.473,7.7041,10.9901,7.9583
9.951,25.7419,190.8367,20.5303,-17.9004,2.7411,99.768,6.4764,7.695,10.9843,7.9501
9.9608,25.7412,190.8362,20.5302,-17.9002,2.7391,99.7683,6.4776,7.6991,10.9855,7.9538
9.9706,25.7407,190.8381,20.5291,-17.8993,2.7398,99.7677,6.4747,7.6974,10.9856,7.9512
9.9804,25.7417,190.8396,20.5299,-17.901,2.7386,99.7677,6.475,7.6994,10.9867,7.9527
9.9902,25.7405,190.8405,20.5295,-17.901,2.7401,99.7674,6.4776,7.6981,10.986,7.9516
10.0,25.7402,190.8364,20.529,-17.9007,2.7417,99.7661,6.4776,7.698,10.9842,7.9522
