cv heartrate value,svl,svr,left flow,ecmoUnitFlow,pcv,ppasys,paodia,ecmop1,ppadia,ecmop2
40.0,79.267,79.3213,2.8886,21.5379,4.9609,24.9446,77.9855,-20.6152,12.9105,165.0527
40.1702,79.2849,79.2899,2.8859,21.532,4.971,24.9495,78.0009,-20.6165,12.8877,165.0549
40.3403,79.2517,79.3313,2.8676,21.5205,4.9844,24.9382,78.0118,-20.6158,12.9,165.0383
40.5105,79.2711,79.3134,2.8826,21.544,4.9742,24.9545,77.9957,-20.6355,12.9,165.0425
40.6807,79.2763,79.3147,2.8664,21.5253,4.976,24.9457,77.969,-20.6171,12.9067,165.0551
40.8509,79.2758,79.2998,2.8664,21.5316,4.9648,24.9603,77.9915,-20.6225,12.8951,165.0448
41.021,79.278,79.3089,2.8677,21.5299,4.9678,24.9373,77.9885,-20.6398,12.905,165.0367
41.1912,79.2726,79.3224,2.8598,21.5227,4.9769,24.9554,77.9773,-20.6269,12.8912,165.0533
41.3614,79.272,79.3196,2.8736,21.5309,4.9646,24.9532,77.9839,-20.6457,12.8853,165.0577
41.5315,79.29,79.3073,2.8712,21.5196,4.9542,24.9601,77.9979,-20.6228,12.917,165.0364
41.7017,79.2693,79.3296,2.8685,21.5341,4.961,24.9413,77.986,-20.6193,12.9031,165.0708
41.8719,79.261,79.3147,2.8731,21.5319,4.9802,24.9404,77.9813,-20.6298,12.8851,165.0344
42.042,79.2638,79.3133,2.8671,21.534,4.9788,24.9276,77.9839,-20.6301,12.8966,165.0527
42.2122,79.2622,79.3082,2.868,21.5392,4.9814,24.9549,77.9981,-20.6099,12.9048,165.0529
42.3824,79.2596,79.3108,2.8948,21.5413,4.9739,24.9443,77.9885,-20.6385,12.9176,165.0497
42.5526,78.6522,78.7012,2.8755,21.5026,5.0056,24.806,79.4469,-20.5795,12.7754,166.2149
42.7227,78.6336,78.683,2.8694,21.4919,4.9965,24.8012,79.4693,-20.5874,12.7808,166.2271
42.8929,78.6368,78.6843,2.8784,21.5016,4.9949,24.8045,79.4757,-20.6033,12.8165,166.2364
43.0631,78.6447,78.6841,2.867,21.477,4.9975,24.8093,79.4407,-20.5794,12.7873,166.2249
43.2332,78.6484,78.6977,2.8631,21.4907,4.9914,24.7961,79.4325,-20.5925,12.7894,166.2354
43.4034,78.6449,78.6927,2.8724,21.5048,4.9808,24.8037,79.4258,-20.5904,12.7835,166.2166
43.5736,78.6406,78.7042,2.8788,21.4829,4.9804,24.8013,79.4448,-20.5905,12.785,166.2383
43.7437,78.6609,78.6714,2.8745,21.492,4.9941,24.8059,79.4642,-20.5912,12.777,166.2435
43.9139,78.6349,78.6776,2.8694,21.5005,5.0017,24.8107,79.4493,-20.5712,12.7883,166.2397
44.0841,78.632,78.6778,2.8698,21.4998,5.0042,24.8018,79.4416,-20.5975,12.7818,166.2192
44.2543,78.6433,78.6945,2.8682,21.4813,4.9942,24.7992,79.4385,-20.5875,12.8052,166.2353
44.4244,78.6381,78.6831,2.8808,21.4758,4.9978,24.8148,79.4169,-20.5954,12.7799,166.2468
44.5946,78.6367,78.6879,2.883,21.4926,4.9887,24.7906,79.4289,-20.594,12.8004,166.2394
44.7648,78.6471,78.6958,2.8693,21.4945,4.9904,24.8122,79.4484,-20.5877,12.7863,166.2346
44.9349,78.6469,78.691,2.8619,21.4989,4.9981,24.8025,79.4541,-20.5976,12.7876,166.2505
45.1051,77.9675,78.0603,2.863,21.46,5.0145,24.6475,80.9205,-20.5531,12.6717,167.435
45.2753,77.992,78.062,2.8664,21.4454,5.0031,24.6314,80.9289,-20.5491,12.6764,167.4322
45.4454,77.9872,78.0713,2.8513,21.473,5.0194,24.6394,80.9192,-20.5252,12.6729,167.4158
45.6156,77.9997,78.0761,2.8624,21.4476,5.023,24.6484,80.9156,-20.5448,12.6602,167.4342
45.7858,77.9742,78.0702,2.8516,21.4701,5.0204,24.6634,80.9131,-20.5329,12.6581,167.4305
45.956,77.9853,78.0608,2.8707,21.469,5.0101,24.6442,80.9198,-20.536,12.6719,167.4276
46.1261,77.9811,78.0805,2.8612,21.4722,5.0156,24.6448,80.9255,-20.5465,12.6777,167.4331
46.2963,78.002,78.0656,2.8445,21.4605,5.0081,24.6484,80.9248,-20.5331,12.6696,167.4217
46.4665,77.9904,78.0719,2.8605,21.4527,5.0341,24.6573,80.9028,-20.5519,12.6692,167.449
46.6366,77.9716,78.0702,2.8561,21.4627,5.0189,24.6572,80.915,-20.5529,12.6627,167.4159
46.8068,77.9907,78.0607,2.8677,21.4394,5.0145,24.65,80.9206,-20.5332,12.6701,167.4172
46.977,77.9759,78.0619,2.8543,21.4753,5.019,24.637,80.932,-20.5612,12.6812,167.4202
47.1471,77.6694,77.7461,2.865,21.4399,5.0467,24.579,81.6141,-20.5238,12.6148,167.9943
47.3173,77.6576,77.7447,2.8668,21.4442,5.0379,24.5608,81.6243,-20.511,12.6036,167.9821
47.4875,77.6674,77.7359,2.8652,21.4569,5.0308,24.5776,81.62,-20.5117,12.5871,167.9911
47.6577,76.6544,76.8541,2.8484,21.3853,5.0788,24.3361,83.7278,-20.431,12.4318,169.6989
47.8278,76.6636,76.8506,2.8718,21.3875,5.0695,24.3273,83.7521,-20.4008,12.4404,169.7082
47.998,76.6459,76.8591,2.8381,21.3776,5.0687,24.3074,83.7298,-20.4146,12.435,169.6799
48.1682,76.6572,76.8463,2.851,21.3893,5.0733,24.3227,83.7248,-20.4347,12.4312,169.6788
48.3383,76.6519,76.848,2.852,21.3787,5.07,24.3006,83.7473,-20.4055,12.4151,169.7035
48.5085,76.6585,76.8234,2.8445,21.3774,5.0747,24.3178,83.7363,-20.3951,12.4401,169.6807
48.6787,76.6633,76.8477,2.8608,21.4023,5.0823,24.3033,83.7584,-20.4061,12.4436,169.6969
48.8488,76.6633,76.8649,2.8646,21.3995,5.0929,24.2984,83.7594,-20.3841,12.4176,169.6947
49.019,76.6701,76.8393,2.8575,21.4021,5.0827,24.3299,83.7352,-20.425,12.4527,169.6933
49.1892,76.6707,76.8263,2.8457,21.372,5.0742,24.2988,83.7296,-20.4135,12.4323,169.7143
49.3594,76.6555,76.837,2.8414,21.4083,5.0799,24.3365,83.7522,-20.4032,12.4425,169.6957
49.5295,76.0459,76.2299,2.8596,21.3819,5.1011,24.1892,85.0036,-20.3306,12.3294,170.6805
49.6997,76.0348,76.2432,2.8597,21.3652,5.0966,24.1755,84.9975,-20.3489,12.3272,170.6935
49.8699,76.0587,76.2348,2.856,21.3718,5.0836,24.1804,85.0075,-20.3434,12.3247,170.697
50.04,75.9434,76.1057,2.8536,21.3643,5.1012,24.1373,85.2523,-20.3412,12.2958,170.8763
50.2102,75.9317,76.1038,2.8515,21.345,5.1056,24.1355,85.2573,-20.3395,12.3161,170.8871
50.3804,75.933,76.1206,2.8613,21.3291,5.121,24.13,85.2532,-20.3325,12.3161,170.8684
50.5506,75.9212,76.1223,2.8533,21.343,5.0983,24.147,85.2503,-20.3317,12.2874,170.8756
50.7207,75.9351,76.1089,2.8523,21.3617,5.102,24.1519,85.2254,-20.3391,12.3225,170.8653
50.8909,75.9475,76.1203,2.8552,21.3575,5.1092,24.15,85.2642,-20.3194,12.3111,170.8991
51.0611,75.9104,76.1219,2.8502,21.3628,5.1078,24.1322,85.2336,-20.3361,12.3091,170.9093
51.2312,75.9306,76.1336,2.8415,21.3455,5.1067,24.1399,85.2672,-20.3142,12.314,170.9022
51.4014,75.9401,76.126,2.852,21.3424,5.0956,24.1411,85.2389,-20.3473,12.3133,170.8741
51.5716,75.9465,76.1148,2.8425,21.3553,5.0989,24.1448,85.2598,-20.3335,12.3149,170.9141
51.7417,75.9531,76.1249,2.8251,21.3608,5.0944,24.1416,85.2493,-20.3348,12.3138,170.8987
51.9119,75.939,76.1077,2.8528,21.3672,5.1111,24.14,85.2598,-20.3237,12.309,170.8964
52.0821,75.2088,75.2773,2.839,21.3192,5.1387,23.9598,86.7402,-20.2322,12.2002,172.0568
52.2523,75.2169,75.2702,2.8215,21.3297,5.1363,23.9495,86.7429,-20.2333,12.2091,172.0715
52.4224,75.2089,75.2817,2.8458,21.3155,5.141,23.9659,86.7448,-20.24,12.1811,172.0714
52.5926,74.8168,74.8582,2.8401,21.302,5.154,23.8608,87.4923,-20.2119,12.1417,172.6448
52.7628,74.8324,74.84,2.8531,21.2867,5.1528,23.8603,87.4759,-20.2078,12.1162,172.6746
52.9329,74.8271,74.8393,2.823,21.3139,5.146,23.842,87.4902,-20.2071,12.1461,172.6539
53.1031,74.8211,74.8438,2.8315,21.3143,5.1594,23.8512,87.4926,-20.2195,12.1332,172.6601
53.2733,74.8279,74.8384,2.821,21.3037,5.1621,23.867,87.4906,-20.1977,12.1305,172.653
53.4434,74.8344,74.8371,2.8198,21.2982,5.1462,23.8615,87.5105,-20.2127,12.1206,172.6503
53.6136,74.8286,74.8572,2.8407,21.3139,5.157,23.8894,87.4967,-20.1985,12.1617,172.6446
53.7838,74.8322,74.8479,2.8425,21.3021,5.1553,23.8446,87.482,-20.2136,12.1272,172.6514
53.954,74.8342,74.8495,2.8318,21.2878,5.1588,23.8608,87.4931,-20.1872,12.1383,172.6521
54.1241,74.784,74.8047,2.845,21.3174,5.1697,23.859,87.5461,-20.2099,12.1361,172.7102
54.2943,74.7813,74.8252,2.8292,21.3083,5.1609,23.8477,87.5527,-20.2081,12.1399,172.7181
54.4645,74.8068,74.7931,2.8634,21.3072,5.14,23.8402,87.5591,-20.1993,12.1456,172.7179
54.6346,74.4997,74.5137,2.8315,21.2843,5.1739,23.7818,88.0859,-20.1919,12.1047,173.0997
54.8048,74.5032,74.5056,2.8479,21.2666,5.1652,23.7731,88.0819,-20.1995,12.0928,173.1201
54.975,74.5104,74.533,2.852,21.2766,5.1584,23.7948,88.0688,-20.2181,12.0922,173.079
55.1451,74.4785,74.4755,2.8353,21.2672,5.1721,23.7575,88.1272,-20.1832,12.0885,173.1459
55.3153,74.4868,74.4689,2.8508,21.2642,5.1701,23.7732,88.1583,-20.2088,12.0921,173.1365
55.4855,74.4767,74.4843,2.8453,21.2709,5.1816,23.7842,88.1456,-20.1985,12.0773,173.146
55.6557,74.2391,74.2503,2.8434,21.2715,5.1705,23.7208,88.5822,-20.1302,12.0409,173.4481
55.8258,74.2211,74.2469,2.8372,21.2727,5.1932,23.6976,88.5885,-20.1342,12.0451,173.4571
55.996,74.2157,74.2289,2.8499,21.2667,5.1799,23.7018,88.6075,-20.1384,12.0542,173.4686
56.1662,74.2444,74.2341,2.856,21.2743,5.1907,23.7231,88.6017,-20.1343,12.0622,173.4425
56.3363,74.2187,74.2305,2.8514,21.2652,5.1939,23.7292,88.5947,-20.1506,12.0482,173.4572
56.5065,74.0284,74.0522,2.8478,21.274,5.2009,23.6781,88.9774,-20.1004,12.0166,173.7398
56.6767,74.0173,74.0364,2.8246,21.2596,5.1909,23.6603,88.9721,-20.1108,12.0301,173.7404
56.8468,74.0158,74.0496,2.8497,21.2303,5.1789,23.6527,88.9634,-20.1076,12.0153,173.7424
57.017,73.3947,73.4187,2.8468,21.2252,5.2,23.5519,90.0717,-20.039,11.9465,174.5988
57.1872,73.3967,73.4334,2.8284,21.2283,5.2113,23.5471,90.061,-20.0126,11.9571,174.6163
57.3574,73.4015,73.4432,2.8397,21.2256,5.1993,23.5622,90.0776,-20.0227,11.9585,174.6073
57.5275,73.2698,73.268,2.8363,21.2175,5.2182,23.6093,90.3036,-20.0361,11.9321,174.7859
57.6977,73.2611,73.2781,2.8526,21.2037,5.212,23.6133,90.3062,-20.0318,11.934,174.7914
57.8679,73.2704,73.2787,2.8305,21.2367,5.2237,23.6011,90.3119,-20.0375,11.9369,174.7988
58.038,73.1853,73.169,2.8136,21.2131,5.2163,23.7473,90.4842,-20.0247,11.9398,174.9479
58.2082,73.1689,73.1806,2.827,21.2051,5.2166,23.7432,90.4976,-20.0266,11.9344,174.9434
58.3784,73.1522,73.1635,2.836,21.2145,5.2272,23.744,90.4809,-20.0237,11.9254,174.9438
58.5485,72.924,72.9295,2.8293,21.2056,5.2081,23.6841,90.8937,-20.0254,11.8989,175.2231
58.7187,72.9168,72.9479,2.8221,21.1931,5.2139,23.687,90.9036,-20.0156,11.914,175.2197
58.8889,72.9204,72.9293,2.8238,21.2052,5.2319,23.6934,90.8954,-20.0152,11.9069,175.2406
59.0591,72.8281,72.8447,2.8297,21.1751,5.1895,24.0675,91.0235,-20.0402,11.9295,175.3645
59.2292,72.857,72.8582,2.812,21.1799,5.192,24.0786,91.0175,-20.0327,11.9276,175.3552
59.3994,72.8309,72.8482,2.826,21.1745,5.2193,24.0856,91.0427,-20.0125,11.9168,175.3854
59.5696,72.6524,72.6789,2.8296,21.1798,5.1061,25.7067,91.3255,-20.1134,12.0301,175.7258
59.7397,72.6486,72.6591,2.8225,21.1829,5.1321,25.7047,91.3047,-20.1089,12.0195,175.7345
59.9099,72.6645,72.6664,2.8293,21.1866,5.116,25.6944,91.3194,-20.0892,12.0288,175.7207
60.0801,72.459,72.4701,2.8113,21.1709,5.1289,25.6411,91.6281,-20.0872,12.013,175.9671
60.2503,72.4621,72.4691,2.8189,21.1813,5.1302,25.6531,91.6256,-20.1053,11.9993,175.9564
60.4204,72.4444,72.4554,2.8119,21.1673,5.1262,25.6439,91.6164,-20.0741,11.9914,175.9742
60.5906,72.1245,72.1091,2.8085,21.1605,5.2403,23.9057,92.2074,-19.9599,11.8483,176.2343
60.7608,72.1316,72.122,2.8213,21.1627,5.2513,23.8948,92.2305,-19.9388,11.8421,176.2234
60.9309,72.1258,72.119,2.8213,21.1534,5.2326,23.9121,92.2023,-19.9606,11.8459,176.2304
61.1011,71.9805,71.9656,2.8335,21.1419,5.2706,23.5184,92.4502,-19.925,11.7902,176.3563
61.2713,71.978,71.98,2.8301,21.1547,5.2444,23.5284,92.4392,-19.9297,11.7963,176.3641
61.4414,71.9826,71.9831,2.8258,21.1599,5.2721,23.5173,92.435,-19.9253,11.8023,176.3557
61.6116,71.6587,71.6777,2.8122,21.1369,5.2966,23.2099,92.935,-19.9126,11.7457,176.6747
61.7818,71.6937,71.676,2.8082,21.1367,5.2741,23.1932,92.928,-19.8972,11.741,176.674
61.952,71.6689,71.6753,2.8093,21.1444,5.2787,23.2019,92.9179,-19.9041,11.738,176.6762
62.1221,71.5896,71.6185,2.828,21.1335,5.2949,23.1843,93.0656,-19.8894,11.7476,176.7562
62.2923,71.5924,71.5979,2.806,21.1444,5.2934,23.1804,93.062,-19.8841,11.7527,176.774
62.4625,71.6,71.5674,2.8179,21.1408,5.2832,23.1782,93.0695,-19.8905,11.7373,176.7819
62.6326,71.4288,71.4321,2.8137,21.1221,5.3198,23.1352,93.3165,-19.8602,11.7259,176.9859
62.8028,71.429,71.4317,2.8271,21.1259,5.3048,23.1352,93.2885,-19.8586,11.7245,176.9605
62.973,71.4181,71.4266,2.8317,21.1433,5.2888,23.1536,93.3045,-19.8339,11.7218,176.9792
63.1431,71.4378,71.4373,2.8144,21.138,5.2945,23.1471,93.3057,-19.8407,11.726,176.9679
63.3133,71.4339,71.4292,2.8343,21.1243,5.2907,23.1351,93.3036,-19.8511,11.7254,176.9805
63.4835,71.4424,71.4399,2.8005,21.1307,5.2953,23.1473,93.2984,-19.8558,11.7135,176.967
63.6537,71.4479,71.4289,2.8187,21.1547,5.3069,23.1317,93.3011,-19.8472,11.7234,176.9579
63.8238,71.4344,71.4485,2.8152,21.1407,5.285,23.1417,93.3127,-19.8429,11.7112,176.9552
63.994,71.4435,71.4171,2.8201,21.1312,5.308,23.1499,93.3256,-19.8458,11.7257,176.9677
64.1642,71.4335,71.4191,2.8306,21.1434,5.2938,23.1185,93.3018,-19.8515,11.7118,176.9748
64.3343,71.4097,71.4322,2.8183,21.1438,5.3004,23.1293,93.3208,-19.8494,11.7243,176.9637
64.5045,71.3428,71.3278,2.826,21.142,5.2923,23.1082,93.4462,-19.8356,11.7124,177.0722
64.6747,71.3559,71.3304,2.8183,21.1255,5.306,23.1246,93.452,-19.8492,11.7207,177.0637
64.8448,71.3313,71.3426,2.8239,21.1351,5.3023,23.1123,93.4706,-19.851,11.7201,177.0727
65.015,71.3058,71.2857,2.8181,21.1294,5.3372,23.0695,93.5148,-19.8294,11.7149,177.107
65.1852,71.2953,71.2747,2.8283,21.1322,5.3217,23.0768,93.514,-19.8357,11.7122,177.1056
65.3554,71.2691,71.279,2.8406,21.1488,5.3175,23.074,93.5094,-19.8444,11.7001,177.1294
65.5255,70.8988,70.8786,2.8291,21.1175,5.3342,22.9735,94.0805,-19.8068,11.6819,177.5378
65.6957,70.8945,70.8791,2.8231,21.1086,5.331,22.9923,94.0913,-19.8026,11.6766,177.5357
65.8659,70.8979,70.8896,2.8156,21.1133,5.3231,22.9795,94.0783,-19.8106,11.6902,177.5294
66.036,70.3383,70.3523,2.8163,21.1134,5.3311,22.8769,94.8221,-19.7685,11.638,178.0623
66.2062,70.3422,70.3596,2.7949,21.1234,5.3389,22.8843,94.7976,-19.7633,11.6469,178.0721
66.3764,70.357,70.3562,2.8112,21.1062,5.3381,22.8648,94.8226,-19.7594,11.6478,178.0515
66.5465,69.1643,69.1673,2.8044,21.0582,5.375,22.6492,96.4338,-19.6883,11.5807,179.2437
66.7167,69.162,69.1873,2.8106,21.0702,5.3827,22.6455,96.4442,-19.7002,11.5833,179.2375
66.8869,69.168,69.1601,2.8135,21.049,5.3861,22.6432,96.4593,-19.6758,11.5689,179.2362
67.0571,69.1668,69.1696,2.809,21.0544,5.3798,22.6407,96.4145,-19.6611,11.5567,179.2381
67.2272,69.1544,69.1545,2.8088,21.0622,5.3805,22.6474,96.4468,-19.6867,11.5752,179.2541
67.3974,69.1692,69.1778,2.811,21.0707,5.388,22.6754,96.4344,-19.6971,11.5658,179.2424
67.5676,69.1128,69.0947,2.7888,21.067,5.3811,22.5872,96.5276,-19.6755,11.5646,179.2979
67.7377,69.0977,69.1047,2.7981,21.0495,5.4109,22.6005,96.523,-19.682,11.5708,179.3016
67.9079,69.1091,69.0914,2.7949,21.0435,5.3821,22.5875,96.526,-19.674,11.5519,179.3238
68.0781,68.8944,68.8985,2.7974,21.0545,5.397,22.5683,96.7722,-19.6575,11.5425,179.4885
68.2482,68.9109,68.9071,2.8022,21.0377,5.401,22.5411,96.7714,-19.6668,11.5278,179.4857
68.4184,68.9165,68.9277,2.8011,21.0476,5.406,22.5601,96.7653,-19.6569,11.5309,179.4814
68.5886,68.4991,68.496,2.816,21.0383,5.4018,22.4592,97.3179,-19.6414,11.5401,179.8647
68.7588,68.4891,68.4955,2.7857,21.0393,5.4139,22.479,97.3118,-19.6382,11.5192,179.8585
68.9289,68.5138,68.4878,2.8033,21.0435,5.4091,22.4805,97.3083,-19.6362,11.5419,179.8525
69.0991,67.6746,67.6662,2.7991,21.0038,5.4363,22.3464,98.3477,-19.5841,11.4697,180.5908
69.2693,67.6711,67.6832,2.7989,20.999,5.437,22.3464,98.3465,-19.5891,11.493,180.5862
69.4394,67.6804,67.6548,2.8199,21.0139,5.4161,22.3327,98.3418,-19.569,11.4981,180.6108
69.6096,67.6765,67.6833,2.8196,21.0141,5.4099,22.3167,98.3338,-19.5632,11.4749,180.6151
69.7798,67.6901,67.6785,2.7974,21.0016,5.4242,22.3183,98.3452,-19.5797,11.4969,180.5982
69.9499,67.6891,67.6624,2.7931,20.9911,5.4153,22.3302,98.3443,-19.5769,11.4807,180.5985
70.1201,67.6707,67.6631,2.796,21.007,5.4209,22.3327,98.3505,-19.5696,11.4686,180.5904
70.2903,67.6819,67.6907,2.8006,21.0039,5.4272,22.3415,98.3471,-19.5444,11.4773,180.5957
70.4605,67.6779,67.6808,2.7918,21.016,5.4313,22.3232,98.3356,-19.5612,11.4804,180.6115
70.6306,67.6849,67.6715,2.8168,21.0226,5.4369,22.3386,98.3486,-19.5566,11.4905,180.604
70.8008,67.6671,67.6912,2.7997,21.0171,5.414,22.3214,98.3446,-19.5884,11.4863,180.5881
70.971,67.6916,67.6636,2.8007,21.0128,5.4491,22.3377,98.3411,-19.5445,11.4716,180.6063
71.1411,67.4911,67.5065,2.8062,20.9975,5.4253,22.2951,98.5363,-19.549,11.4693,180.7397
71.3113,67.515,67.5122,2.7932,20.9978,5.4401,22.3064,98.5606,-19.5506,11.4586,180.7396
71.4815,67.5206,67.5144,2.7989,20.9781,5.4473,22.3057,98.55,-19.5435,11.469,180.738
71.6517,67.3634,67.3508,2.8085,21.0002,5.4407,22.2807,98.7547,-19.5401,11.4602,180.8571
71.8218,67.3609,67.3405,2.7835,20.9918,5.4331,22.2681,98.732,-19.5555,11.49,180.8664
71.992,67.3719,67.3568,2.7869,20.9855,5.4249,22.2859,98.7499,-19.5383,11.4825,180.8661
72.1622,67.3597,67.3499,2.7991,21.0003,5.4346,22.2719,98.7264,-19.518,11.4852,180.8711
72.3323,67.3751,67.3489,2.8073,20.9953,5.4478,22.2814,98.7442,-19.5555,11.472,180.8478
72.5025,66.2607,66.2461,2.7927,20.9421,5.4711,22.076,99.9787,-19.4514,11.4372,181.7271
72.6727,66.2405,66.2463,2.8028,20.934,5.471,22.0837,99.9871,-19.4581,11.4282,181.7181
72.8428,66.2411,66.2426,2.7893,20.9263,5.4756,22.0974,99.999,-19.4459,11.4129,181.7188
73.013,66.2425,66.2635,2.7773,20.938,5.4776,22.0926,100.0047,-19.4492,11.4203,181.7227
73.1832,66.2579,66.2365,2.7884,20.9458,5.4559,22.0975,100.0109,-19.4329,11.4303,181.7263
73.3534,66.255,66.2506,2.798,20.9493,5.4814,22.1028,99.9913,-19.4512,11.4246,181.731
73.5235,66.133,66.1582,2.7811,20.9305,5.4816,22.0809,100.1157,-19.4268,11.4146,181.8048
73.6937,66.1278,66.1229,2.7934,20.9404,5.4964,22.0669,100.1111,-19.4325,11.4223,181.7929
73.8639,66.138,66.1167,2.8142,20.941,5.4654,22.0958,100.1333,-19.4478,11.4176,181.7943
74.034,65.9363,65.9345,2.7938,20.9364,5.4585,22.0459,100.3513,-19.4217,11.4112,181.9593
74.2042,65.9299,65.9427,2.7935,20.9349,5.4961,22.0374,100.358,-19.4099,11.4093,181.9523
74.3744,65.9489,65.9431,2.7945,20.9247,5.488,22.0305,100.3479,-19.4296,11.4232,181.9596
74.5445,65.9335,65.9297,2.7853,20.9272,5.479,22.0234,100.3278,-19.4202,11.421,181.9457
74.7147,65.9409,65.9364,2.7715,20.9226,5.463,22.0483,100.3245,-19.433,11.4236,181.9413
74.8849,65.9192,65.9384,2.7795,20.9412,5.469,22.0507,100.3393,-19.4079,11.4188,181.969
75.0551,65.2869,65.2886,2.7955,20.9128,5.4995,21.9414,101.0349,-19.3549,11.3774,182.4032
75.2252,65.2798,65.2706,2.7928,20.8907,5.4812,21.9415,101.0048,-19.3732,11.391,182.3927
75.3954,65.2946,65.2992,2.7949,20.9194,5.4984,21.9434,101.0149,-19.367,11.3806,182.3993
75.5656,65.2989,65.293,2.7999,20.9314,5.5003,21.9591,101.0175,-19.3545,11.3956,182.4058
75.7357,65.2777,65.2845,2.7867,20.9131,5.509,21.9569,101.0059,-19.3715,11.3833,182.3941
75.9059,65.266,65.2782,2.7807,20.9128,5.4965,21.9601,101.0079,-19.3677,11.3783,182.4096
76.0761,65.1565,65.1529,2.791,20.8973,5.5009,21.9318,101.1623,-19.3396,11.3874,182.4896
76.2462,65.1588,65.1504,2.7968,20.8943,5.4841,21.9359,101.1639,-19.3703,11.3852,182.4899
76.4164,65.1673,65.1529,2.7929,20.8985,5.5029,21.9156,101.1625,-19.3548,11.3802,182.4861
76.5866,65.1637,65.167,2.7796,20.9036,5.5216,21.9298,101.1498,-19.3691,11.3941,182.5128
76.7568,65.1639,65.1473,2.7877,20.9034,5.5033,21.934,101.1631,-19.3622,11.3807,182.4906
76.9269,65.1449,65.1537,2.7923,20.9172,5.5012,21.9308,101.1422,-19.3515,11.3744,182.4982
77.0971,65.1578,65.1492,2.7787,20.9092,5.5003,21.929,101.149,-19.3631,11.3748,182.5153
77.2673,65.1596,65.1438,2.797,20.9343,5.5015,21.9481,101.1419,-19.3741,11.3865,182.4959
77.4374,65.1506,65.1325,2.7723,20.903,5.4958,21.9275,101.1726,-19.3923,11.3866,182.4977
77.6076,63.8435,63.8395,2.7941,20.8716,5.5216,21.7609,102.4363,-19.2481,11.3324,183.2794
77.7778,63.8321,63.8328,2.7933,20.8531,5.5129,21.7428,102.4145,-19.2421,11.3307,183.285
77.9479,63.8365,63.85,2.7893,20.8777,5.5197,21.7331,102.425,-19.2524,11.3329,183.2894
78.1181,63.8383,63.8423,2.7616,20.8573,5.5384,21.7496,102.4208,-19.2534,11.341,183.2702
78.2883,63.8255,63.8306,2.7763,20.8366,5.5329,21.7286,102.4187,-19.2541,11.3221,183.291
78.4585,63.8459,63.8407,2.7936,20.8454,5.5174,21.7569,102.4116,-19.2586,11.3219,183.2898
78.6286,63.8423,63.8285,2.7642,20.8626,5.5229,21.737,102.4152,-19.2526,11.3254,183.2914
78.7988,63.819,63.8477,2.7792,20.8745,5.5291,21.7359,102.4231,-19.2529,11.3293,183.2817
78.969,63.8379,63.8297,2.7976,20.8524,5.5414,21.7306,102.4314,-19.2526,11.3298,183.2811
79.1391,63.8413,63.848,2.7731,20.8542,5.5229,21.7436,102.4311,-19.249,11.3227,183.2815
79.3093,63.8209,63.8239,2.7762,20.8572,5.518,21.7438,102.4307,-19.2606,11.326,183.2922
79.4795,63.8255,63.8142,2.7766,20.8848,5.5143,21.7419,102.4262,-19.2459,11.303,183.2901
79.6496,63.8511,63.8362,2.7777,20.8602,5.5267,21.7527,102.4171,-19.2617,11.3318,183.2711
79.8198,63.8544,63.8464,2.773,20.863,5.5346,21.7584,102.4279,-19.2595,11.3492,183.2907
79.99,63.8362,63.8356,2.783,20.8638,5.5139,21.7406,102.4051,-19.263,11.3458,183.2768
80.1602,62.9824,63.0004,2.7766,20.8374,5.5446,21.6431,103.169,-19.2074,11.3087,183.7534
80.3303,62.9819,62.9974,2.7592,20.8483,5.5298,21.618,103.1961,-19.1873,11.3052,183.7617
80.5005,63.0023,62.9763,2.7978,20.8376,5.5632,21.6263,103.1796,-19.1906,11.2797,183.7648
80.6707,62.9844,62.987,2.7725,20.8501,5.536,21.6339,103.1786,-19.1819,11.3004,183.757
80.8408,62.9944,62.9925,2.7628,20.8311,5.5407,21.6343,103.1671,-19.1979,11.3148,183.7405
81.011,62.9816,62.9814,2.7702,20.8473,5.5286,21.6334,103.1899,-19.1985,11.303,183.7502
81.1812,62.9758,62.9945,2.7593,20.842,5.5276,21.6397,103.1687,-19.1959,11.3015,183.7531
81.3514,62.9824,62.9798,2.7649,20.8474,5.5496,21.6227,103.1681,-19.1812,11.3103,183.7626
81.5215,62.9921,62.9689,2.7806,20.8274,5.534,21.6288,103.1559,-19.1879,11.2954,183.7587
81.6917,62.9946,62.9851,2.7648,20.861,5.5528,21.6462,103.1622,-19.1898,11.3078,183.7319
81.8619,62.9717,62.9818,2.7795,20.8274,5.5355,21.6286,103.168,-19.2036,11.3124,183.7531
82.032,62.9842,62.9816,2.7725,20.848,5.5528,21.6283,103.1607,-19.2123,11.2994,183.7788
82.2022,62.9744,62.9842,2.7889,20.8519,5.5441,21.6355,103.172,-19.1963,11.303,183.7505
82.3724,63.0014,63.0054,2.7795,20.8456,5.5246,21.6439,103.1707,-19.1941,11.2834,183.7464
82.5425,61.3959,61.3921,2.7902,20.8116,5.5619,21.4529,104.4668,-19.1093,11.2785,184.5458
82.7127,61.3797,61.3898,2.7757,20.8307,5.579,21.4273,104.4626,-19.1258,11.292,184.5684
82.8829,61.3927,61.4012,2.7469,20.8079,5.5619,21.4396,104.4735,-19.1056,11.2787,184.5504
83.0531,61.4062,61.3911,2.7813,20.8054,5.5705,21.4457,104.4575,-19.1251,11.2868,184.5515
83.2232,61.3989,61.3947,2.7715,20.798,5.5648,21.4349,104.4637,-19.1444,11.2868,184.5504
83.3934,61.4124,61.3938,2.7596,20.7972,5.5683,21.4523,104.4701,-19.1114,11.2934,184.5559
83.5636,61.4041,61.4087,2.7803,20.8115,5.5769,21.4468,104.4532,-19.1325,11.2785,184.5573
83.7337,61.3944,61.3855,2.7677,20.8151,5.5678,21.448,104.473,-19.1056,11.2824,184.5484
83.9039,61.4011,61.3964,2.7644,20.8113,5.5638,21.4526,104.4702,-19.1382,11.276,184.5352
84.0741,61.3859,61.3965,2.7732,20.8068,5.5618,21.4626,104.4588,-19.1379,11.2837,184.5567
84.2442,61.3987,61.4168,2.7618,20.8187,5.5663,21.4428,104.4577,-19.1084,11.2771,184.552
84.4144,61.3995,61.3965,2.7684,20.8099,5.5774,21.4655,104.4497,-19.1274,11.2983,184.5517
84.5846,61.4054,61.402,2.7774,20.8043,5.5832,21.446,104.4922,-19.1149,11.2846,184.5276
84.7548,61.3995,61.4147,2.7694,20.7923,5.5841,21.4442,104.4605,-19.1157,11.283,184.5561
84.9249,61.3905,61.3827,2.7767,20.7995,5.5773,21.443,104.4618,-19.1121,11.2793,184.5584
85.0951,60.8799,60.8877,2.7804,20.795,5.5636,21.3814,104.8621,-19.0874,11.2603,184.7868
85.2653,60.8911,60.884,2.7674,20.8094,5.5727,21.3904,104.8713,-19.1098,11.2847,184.77
85.4354,60.8926,60.893,2.7837,20.7951,5.587,21.3998,104.8645,-19.1041,11.2795,184.7992
85.6056,60.8998,60.8963,2.7848,20.7978,5.5851,21.3859,104.869,-19.1046,11.2816,184.7885
85.7758,60.902,60.8713,2.7678,20.8033,5.6009,21.392,104.8495,-19.1064,11.2738,184.8
85.9459,60.8765,60.8899,2.7607,20.7824,5.574,21.3939,104.8596,-19.1008,11.2767,184.7696
86.1161,60.875,60.8813,2.7667,20.7956,5.5663,21.383,104.8463,-19.0958,11.269,184.7803
86.2863,60.8984,60.9079,2.7826,20.7846,5.5656,21.4024,104.8535,-19.0978,11.2747,184.7899
86.4565,60.8874,60.8863,2.759,20.7911,5.5727,21.3798,104.8678,-19.1042,11.2699,184.7842
86.6266,60.8911,60.8764,2.7879,20.7966,5.5683,21.3909,104.8746,-19.0953,11.278,184.7734
86.7968,60.8885,60.8873,2.7816,20.7891,5.5823,21.3909,104.8529,-19.108,11.2703,184.7709
86.967,60.8809,60.8975,2.788,20.7917,5.5771,21.3943,104.8501,-19.0976,11.277,184.7727
87.1371,60.8797,60.8865,2.7744,20.7837,5.5931,21.4097,104.8764,-19.1112,11.2802,184.7812
87.3073,60.8884,60.8939,2.7684,20.7751,5.5793,21.3896,104.8615,-19.1078,11.2835,184.804
87.4775,60.8969,60.8904,2.7732,20.8007,5.566,21.4,104.8501,-19.1066,11.2782,184.7771
87.6476,59.1739,59.142,2.7731,20.757,5.6019,21.2085,106.1143,-19.0238,11.2835,185.4672
87.8178,59.1625,59.1624,2.7733,20.7768,5.5944,21.2274,106.0976,-19.0225,11.2727,185.486
87.988,59.1719,59.1719,2.7603,20.7695,5.5945,21.2314,106.0979,-19.0197,11.2897,185.4862
88.1582,59.1547,59.1538,2.7862,20.7703,5.5864,21.2216,106.0955,-19.0365,11.2816,185.5017
88.3283,59.1576,59.1504,2.7816,20.7673,5.5795,21.2264,106.0946,-19.0294,11.296,185.4859
88.4985,59.1777,59.1529,2.7744,20.7485,5.5883,21.2071,106.0989,-19.0419,11.3038,185.4836
88.6687,59.1581,59.1631,2.7693,20.7791,5.5899,21.2352,106.1031,-19.043,11.2927,185.4951
88.8388,59.1855,59.1656,2.7722,20.7639,5.5838,21.2337,106.0826,-19.0355,11.2794,185.4844
89.009,59.1511,59.1698,2.7728,20.7643,5.5862,21.2335,106.0929,-19.0067,11.294,185.4715
89.1792,59.1625,59.1813,2.7786,20.748,5.607,21.2318,106.1019,-19.0265,11.2615,185.4969
89.3493,59.1488,59.1665,2.7718,20.7668,5.5729,21.2417,106.1044,-19.0277,11.2921,185.4825
89.5195,59.163,59.1595,2.7561,20.768,5.5888,21.2223,106.0908,-19.0273,11.308,185.4767
89.6897,59.1614,59.1627,2.7789,20.7716,5.6033,21.2166,106.1156,-19.0391,11.2875,185.4947
89.8599,59.1687,59.1609,2.7689,20.7705,5.5951,21.2244,106.0971,-19.0311,11.2787,185.4828
90.03,58.4131,58.4341,2.774,20.7445,5.6007,21.1668,106.597,-19.0105,11.3058,185.7605
90.2002,58.4475,58.4309,2.7675,20.7499,5.6142,21.1561,106.5869,-19.0104,11.2909,185.7602
90.3704,58.4409,58.4214,2.7581,20.7504,5.6102,21.1318,106.584,-19.0053,11.2893,185.7713
90.5405,58.4325,58.4348,2.772,20.7555,5.5948,21.1813,106.6056,-19.0024,11.2862,185.7592
90.7107,58.4259,58.4255,2.7687,20.7517,5.5808,21.1569,106.59,-19.0097,11.2868,185.7612
90.8809,58.4397,58.4335,2.7683,20.7424,5.6041,21.161,106.5929,-19.0218,11.3111,185.7791
91.0511,58.4471,58.4409,2.7618,20.7538,5.5967,21.1599,106.5855,-19.0299,11.2845,185.7848
91.2212,58.4411,58.4322,2.7724,20.7615,5.593,21.1672,106.595,-19.0276,11.297,185.7663
91.3914,58.4179,58.4295,2.7804,20.7431,5.6041,21.1544,106.5981,-19.0144,11.3039,185.7641
91.5616,58.4264,58.4251,2.7594,20.7454,5.5997,21.1495,106.598,-19.027,11.3016,185.7706
91.7317,58.447,58.4136,2.7583,20.7466,5.6209,21.166,106.6039,-19.023,11.2757,185.755
91.9019,58.4508,58.4609,2.7633,20.7228,5.5997,21.1512,106.5846,-19.0042,11.2804,185.7742
92.0721,58.4426,58.4432,2.7629,20.7474,5.6099,21.1508,106.5877,-19.0268,11.269,185.7834
92.2422,58.4439,58.434,2.7728,20.7584,5.5871,21.1483,106.6027,-19.0129,11.3018,185.784
92.4124,58.4376,58.4219,2.7718,20.7617,5.5883,21.1584,106.5958,-18.9903,11.3032,185.7778
92.5826,56.7355,56.7054,2.7649,20.7213,5.6157,20.9957,107.6795,-18.9948,11.3273,186.4317
92.7528,56.7258,56.7284,2.7564,20.7235,5.6089,21.0195,107.6823,-18.9947,11.31,186.4421
92.9229,56.7187,56.716,2.7618,20.7396,5.6346,21.0068,107.6733,-18.9843,11.3156,186.4282
93.0931,56.7144,56.7164,2.7455,20.7369,5.6095,20.999,107.676,-19.0022,11.3168,186.4536
93.2633,56.7331,56.7306,2.7749,20.7343,5.612,21.0218,107.6793,-18.991,11.336,186.4209
93.4334,56.7151,56.7253,2.7527,20.7283,5.6178,21.0015,107.6773,-18.9885,11.327,186.4359
93.6036,56.718,56.7244,2.7657,20.7335,5.602,21.009,107.6676,-18.9981,11.3278,186.4429
93.7738,56.7293,56.7176,2.7678,20.7207,5.6122,21.0017,107.6821,-18.9863,11.3177,186.4381
93.9439,56.7345,56.7312,2.7662,20.7413,5.6075,21.0207,107.6815,-18.9896,11.3185,186.4432
94.1141,56.7178,56.7114,2.7549,20.7208,5.6241,21.0108,107.6656,-19.0003,11.3137,186.4454
94.2843,56.7179,56.6985,2.7542,20.7216,5.6092,20.9901,107.6994,-18.9889,11.3229,186.4317
94.4545,56.7319,56.7346,2.7726,20.7183,5.6143,21.0169,107.6862,-18.9924,11.3057,186.4299
94.6246,56.7192,56.7269,2.7647,20.7183,5.6154,21.005,107.6607,-18.9783,11.3233,186.4274
94.7948,56.7097,56.7275,2.7532,20.7433,5.62,21.0022,107.6879,-19.0135,11.3275,186.4098
94.965,56.7233,56.7281,2.7637,20.7338,5.6076,20.9944,107.6991,-19.0138,11.309,186.4342
95.1351,55.8335,55.8374,2.7606,20.7387,5.6267,20.9394,108.1988,-18.9676,11.322,186.7336
95.3053,55.8318,55.8365,2.7624,20.7257,5.6108,20.9273,108.2178,-18.9807,11.3479,186.7453
95.4755,55.8262,55.8359,2.7603,20.7274,5.6135,20.9412,108.207,-18.9741,11.3479,186.752
95.6456,55.8276,55.8299,2.7734,20.7062,5.622,20.9648,108.2008,-18.9647,11.3436,186.7347
95.8158,55.859,55.8262,2.7632,20.705,5.6265,20.9345,108.1957,-18.9737,11.3365,186.7396
95.986,55.8406,55.8403,2.7556,20.7105,5.5941,20.9426,108.2142,-18.9749,11.3272,186.7482
96.1562,55.8447,55.8322,2.7722,20.7204,5.6215,20.9289,108.2206,-18.9705,11.3505,186.7338
96.3263,55.8174,55.8306,2.7864,20.7037,5.6242,20.9205,108.1993,-18.9818,11.3464,186.7566
96.4965,55.8103,55.8205,2.7612,20.7013,5.6216,20.948,108.2068,-18.9689,11.3446,186.7513
96.6667,55.8292,55.825,2.7511,20.7282,5.6216,20.9266,108.2051,-18.9744,11.3361,186.7343
96.8368,55.8272,55.8276,2.7715,20.73,5.6189,20.939,108.2052,-18.9796,11.351,186.739
97.007,55.8444,55.8333,2.7587,20.7234,5.6104,20.9189,108.2156,-18.9789,11.3144,186.7457
97.1772,55.8321,55.8383,2.7569,20.7189,5.6139,20.9388,108.1932,-18.9859,11.3358,186.715
97.3473,55.8404,55.8305,2.7574,20.7153,5.6192,20.9327,108.2033,-18.9822,11.335,186.7448
97.5175,54.6366,54.6517,2.775,20.6661,5.6226,20.838,108.8798,-18.9281,11.3755,187.0966
97.6877,54.6341,54.6481,2.7691,20.6978,5.6195,20.8395,108.8835,-18.9273,11.3644,187.1105
97.8579,54.6464,54.6437,2.7419,20.7025,5.6444,20.8464,108.8731,-18.917,11.3758,187.0947
98.028,54.6496,54.6635,2.7642,20.6852,5.6298,20.8547,108.865,-18.9389,11.3623,187.1038
98.1982,54.6667,54.668,2.7475,20.7024,5.6098,20.8513,108.8885,-18.9268,11.3853,187.1081
98.3684,54.6247,54.6464,2.7593,20.6996,5.6264,20.8538,108.8667,-18.9373,11.3793,187.1012
98.5385,54.6626,54.6523,2.7589,20.692,5.6196,20.8299,108.8763,-18.9156,11.3543,187.1151
98.7087,54.6524,54.634,2.7442,20.7066,5.6227,20.8371,108.8846,-18.9304,11.3706,187.1043
98.8789,54.646,54.6459,2.7757,20.6762,5.6189,20.843,108.88,-18.9304,11.3929,187.1155
99.049,54.6499,54.6546,2.7703,20.7108,5.6403,20.8386,108.8715,-18.9316,11.3585,187.0964
99.2192,54.6534,54.6301,2.7599,20.6912,5.6187,20.8417,108.8735,-18.9262,11.3815,187.0952
99.3894,54.6508,54.6454,2.7473,20.7001,5.5982,20.861,108.8705,-18.9371,11.3699,187.1102
99.5596,54.6557,54.6418,2.7586,20.6725,5.6154,20.8411,108.8508,-18.9243,11.3531,187.1015
99.7297,54.6814,54.6557,2.7526,20.7089,5.6192,20.8671,108.8879,-18.9208,11.3622,187.1161
99.8999,54.6532,54.6487,2.7474,20.6762,5.6254,20.8386,108.8554,-18.9299,11.3519,187.1146
100.0701,53.6989,53.6731,2.7368,20.7047,5.6109,20.7904,109.3434,-18.9091,11.3912,187.3285
100.2402,53.6889,53.7015,2.7643,20.7087,5.6145,20.7848,109.3448,-18.9036,11.4028,187.3275
100.4104,53.7024,53.7005,2.7494,20.6904,5.6221,20.7728,109.334,-18.9132,11.4005,187.3169
100.5806,53.6841,53.6839,2.7483,20.6906,5.628,20.7702,109.3371,-18.9042,11.3988,187.3406
100.7508,53.6833,53.6815,2.7595,20.6791,5.6411,20.7787,109.322,-18.9,11.4117,187.3449
100.9209,53.7039,53.6967,2.7728,20.6795,5.6275,20.7691,109.3189,-18.8921,11.4041,187.3201
101.0911,53.688,53.6865,2.7694,20.6938,5.626,20.7674,109.3476,-18.8923,11.3876,187.3394
101.2613,53.6828,53.6853,2.7696,20.6847,5.6184,20.7687,109.355,-18.9119,11.3777,187.3278
101.4314,53.692,53.6912,2.7486,20.6876,5.602,20.7755,109.3522,-18.9124,11.3934,187.3439
101.6016,53.6915,53.6719,2.7599,20.6848,5.6436,20.7743,109.3434,-18.9008,11.383,187.3414
101.7718,53.6971,53.6933,2.7413,20.6861,5.6393,20.7523,109.3247,-18.9145,11.3892,187.3165
101.9419,53.692,53.6987,2.747,20.697,5.6071,20.7718,109.3414,-18.9019,11.4074,187.3355
102.1121,53.6968,53.6679,2.7492,20.686,5.6389,20.7886,109.352,-18.8964,11.3885,187.3229
102.2823,53.7019,53.6818,2.7512,20.6762,5.6446,20.7758,109.3534,-18.899,11.3855,187.3272
102.4525,53.6926,53.6991,2.7759,20.6862,5.6301,20.7852,109.3299,-18.9181,11.3951,187.3504
102.6226,52.4626,52.4433,2.7653,20.6829,5.6351,20.7027,109.8448,-18.8969,11.4578,187.5284
102.7928,52.465,52.4343,2.7569,20.6784,5.6263,20.6818,109.832,-18.8845,11.4377,187.544
102.963,52.4571,52.4623,2.771,20.6822,5.6483,20.6699,109.8428,-18.898,11.4387,187.5257
103.1331,52.4625,52.466,2.7607,20.7072,5.6256,20.698,109.8374,-18.901,11.4316,187.5305
103.3033,52.4526,52.4635,2.7568,20.6792,5.6222,20.6822,109.8537,-18.9077,11.4511,187.5288
103.4735,52.4704,52.4517,2.7621,20.6779,5.6327,20.6922,109.8584,-18.9075,11.4262,187.4964
103.6436,52.4641,52.4577,2.7458,20.6959,5.639,20.7137,109.8616,-18.8952,11.4351,187.5241
103.8138,52.4562,52.4437,2.7547,20.6724,5.6367,20.6937,109.8562,-18.885,11.4379,187.5247
103.984,52.4515,52.457,2.758,20.6747,5.6388,20.6782,109.8521,-18.8998,11.4322,187.5382
104.1542,52.4606,52.4627,2.7661,20.6755,5.6238,20.6894,109.8388,-18.8929,11.448,187.5138
104.3243,52.4473,52.4613,2.7551,20.6708,5.638,20.6755,109.8576,-18.8955,11.4486,187.5386
104.4945,52.4638,52.4487,2.7736,20.6886,5.6274,20.6942,109.8495,-18.9009,11.4411,187.5542
104.6647,52.4651,52.4572,2.7687,20.6803,5.6341,20.6824,109.8562,-18.8845,11.4266,187.5229
104.8348,52.44,52.4535,2.7691,20.6951,5.6458,20.6828,109.8452,-18.8873,11.4459,187.5295
105.005,51.5983,51.6001,2.7538,20.6912,5.6406,20.6402,110.1774,-18.8595,11.48,187.6483
105.1752,51.5854,51.5817,2.7555,20.6649,5.6399,20.6364,110.1739,-18.8767,11.4867,187.6651
105.3453,51.5895,51.6023,2.7752,20.6703,5.6463,20.6275,110.1796,-18.8701,11.4574,187.6541
105.5155,51.6195,51.5866,2.752,20.6778,5.6486,20.6216,110.1706,-18.8777,11.4844,187.6535
105.6857,51.5937,51.58,2.7499,20.6811,5.6576,20.6303,110.185,-18.8867,11.4836,187.6528
105.8559,51.5948,51.6157,2.7648,20.6671,5.6324,20.6372,110.1773,-18.8722,11.4706,187.6431
106.026,51.5982,51.6047,2.7396,20.6768,5.6372,20.6195,110.1904,-18.8768,11.4666,187.6478
106.1962,51.5905,51.5918,2.7706,20.6763,5.6424,20.6516,110.1766,-18.8604,11.4715,187.6587
106.3664,51.6061,51.5896,2.7644,20.6751,5.6404,20.6205,110.1773,-18.8815,11.4659,187.6564
106.5365,51.6205,51.5981,2.7464,20.6654,5.6395,20.631,110.1744,-18.8849,11.4614,187.6717
106.7067,51.6168,51.5938,2.7483,20.6612,5.6432,20.6218,110.1741,-18.8809,11.4627,187.6693
106.8769,51.5999,51.6014,2.7506,20.6676,5.6407,20.6389,110.1937,-18.8773,11.4673,187.6447
107.047,51.614,51.6123,2.7545,20.6842,5.6638,20.618,110.1976,-18.8565,11.4755,187.6581
107.2172,51.6051,51.5937,2.7676,20.6787,5.641,20.6304,110.1755,-18.8805,11.4755,187.6607
107.3874,51.5979,51.6011,2.7712,20.677,5.6477,20.6231,110.1752,-18.8792,11.4511,187.6394
107.5576,50.255,50.2555,2.7668,20.6585,5.6618,20.5165,110.626,-18.8288,11.5231,187.8276
107.7277,50.26,50.258,2.7551,20.6567,5.6502,20.5253,110.6298,-18.8326,11.5296,187.8169
107.8979,50.2661,50.2502,2.7746,20.6837,5.657,20.5309,110.6071,-18.8221,11.514,187.8297
108.0681,50.2616,50.2452,2.7597,20.6731,5.6538,20.5199,110.6142,-18.8231,11.5087,187.8137
108.2382,50.2758,50.2457,2.7531,20.6669,5.6618,20.5435,110.6334,-18.8427,11.5015,187.8146
108.4084,50.2582,50.2526,2.7752,20.6717,5.6661,20.5328,110.6186,-18.8185,11.5205,187.8346
108.5786,50.2387,50.2447,2.7498,20.667,5.6575,20.53,110.6348,-18.8174,11.5284,187.8162
108.7487,50.2544,50.2453,2.756,20.6737,5.648,20.5304,110.6347,-18.8035,11.528,187.828
108.9189,50.2677,50.2376,2.7536,20.6565,5.6684,20.5264,110.6232,-18.8474,11.5153,187.8092
109.0891,50.2526,50.266,2.7591,20.6793,5.6609,20.5285,110.6018,-18.8389,11.5302,187.8093
109.2593,50.2422,50.2426,2.7583,20.6452,5.659,20.5429,110.6073,-18.823,11.5268,187.821
109.4294,50.2805,50.2647,2.7716,20.6627,5.6384,20.5368,110.638,-18.8066,11.532,187.8233
109.5996,50.2515,50.2292,2.7514,20.6527,5.646,20.5234,110.6461,-18.8301,11.5158,187.8272
109.7698,50.256,50.2626,2.7551,20.6782,5.6609,20.5219,110.6236,-18.8366,11.521,187.8377
109.9399,50.2704,50.2506,2.7582,20.6809,5.6487,20.5373,110.6116,-18.8055,11.5149,187.8208
110.1101,49.5068,49.4878,2.7654,20.6734,5.6503,20.4503,110.8288,-18.8054,11.5592,187.8724
110.2803,49.4855,49.4814,2.7708,20.6515,5.6761,20.4785,110.8147,-18.796,11.5402,187.8564
110.4505,49.5011,49.4804,2.7537,20.6613,5.6533,20.4816,110.8256,-18.7933,11.5591,187.8831
110.6206,49.5032,49.4462,2.7474,20.6573,5.6472,20.4706,110.8197,-18.8122,11.5461,187.8769
110.7908,49.4891,49.4855,2.7474,20.662,5.6647,20.4698,110.8151,-18.806,11.5569,187.8752
110.961,49.5028,49.4695,2.752,20.6669,5.6636,20.4655,110.8281,-18.8115,11.5358,187.8685
111.1311,49.5055,49.4843,2.7565,20.6607,5.6669,20.4687,110.8286,-18.8106,11.5443,187.8752
111.3013,49.4801,49.4631,2.7685,20.6692,5.6661,20.4782,110.8252,-18.8118,11.5452,187.886
111.4715,49.5072,49.4784,2.7623,20.6643,5.6682,20.4769,110.8322,-18.7861,11.5635,187.8598
111.6416,49.4917,49.4751,2.7565,20.6709,5.6853,20.4663,110.8168,-18.8151,11.5072,187.8605
111.8118,49.4841,49.463,2.7691,20.6618,5.6627,20.4671,110.8306,-18.8284,11.5573,187.8657
111.982,49.4712,49.4791,2.7497,20.6598,5.6859,20.4648,110.8423,-18.8034,11.5612,187.8777
112.1522,49.4651,49.4673,2.7645,20.6421,5.6724,20.4706,110.8275,-18.7905,11.5633,187.8803
112.3223,49.4721,49.469,2.7596,20.672,5.6611,20.4622,110.8102,-18.8036,11.5441,187.8831
112.4925,49.4813,49.477,2.7639,20.6724,5.6491,20.4524,110.8327,-18.8127,11.5756,187.8688
112.6627,48.3737,48.3478,2.7785,20.6777,5.6703,20.367,111.0605,-18.7982,11.5814,187.8753
112.8328,48.3755,48.3706,2.7475,20.6698,5.6799,20.3929,111.0376,-18.7997,11.5761,187.8817
113.003,48.3619,48.3592,2.7592,20.6745,5.6878,20.3684,111.0409,-18.8077,11.5728,187.8837
113.1732,48.3601,48.3533,2.7484,20.6438,5.6889,20.3615,111.0392,-18.8075,11.5972,187.8787
113.3433,48.3743,48.3221,2.7526,20.6643,5.6809,20.3952,111.033,-18.8014,11.5927,187.8695
113.5135,48.3537,48.3712,2.7554,20.662,5.6749,20.3621,111.0427,-18.8098,11.5815,187.8906
113.6837,48.3486,48.3493,2.767,20.6616,5.6842,20.3768,111.0392,-18.8172,11.5939,187.8725
113.8539,48.3481,48.3519,2.7591,20.6497,5.691,20.3856,111.041,-18.819,11.5711,187.8674
114.024,48.3532,48.3688,2.7717,20.6437,5.69,20.3778,111.0433,-18.8043,11.589,187.8618
114.1942,48.3586,48.3632,2.7296,20.6641,5.6772,20.3872,111.043,-18.8055,11.5787,187.8819
114.3644,48.3665,48.3584,2.7478,20.6409,5.6876,20.3691,111.0427,-18.8048,11.5847,187.8691
114.5345,48.3549,48.3628,2.7699,20.6512,5.703,20.3898,111.0522,-18.7999,11.595,187.889
114.7047,48.3699,48.3452,2.7614,20.6529,5.6785,20.367,111.0348,-18.7989,11.5822,187.8717
114.8749,48.3805,48.3582,2.7661,20.676,5.6844,20.3767,111.0185,-18.8028,11.5721,187.8874
115.045,47.8725,47.8834,2.7666,20.6385,5.6951,20.3324,111.0978,-18.8149,11.6094,187.8607
115.2152,47.8937,47.883,2.7646,20.6454,5.6996,20.3488,111.1001,-18.7878,11.5914,187.837
115.3854,47.8936,47.8836,2.7463,20.6797,5.6948,20.3554,111.1099,-18.7943,11.6206,187.8564
115.5556,47.8744,47.8695,2.7634,20.6632,5.7018,20.3361,111.0986,-18.8023,11.6026,187.8565
115.7257,47.8858,47.8789,2.7378,20.6583,5.7008,20.3383,111.1021,-18.8162,11.6157,187.855
115.8959,47.8834,47.8595,2.7605,20.6527,5.6787,20.3351,111.1106,-18.7886,11.5906,187.8652
116.0661,47.8742,47.8618,2.7672,20.657,5.7094,20.3458,111.1063,-18.8065,11.6061,187.8424
116.2362,47.876,47.8765,2.764,20.6561,5.6987,20.3309,111.108,-18.813,11.5986,187.8708
116.4064,47.8934,47.87,2.7508,20.6616,5.6924,20.3363,111.1027,-18.8022,11.6048,187.8417
116.5766,47.8744,47.8803,2.7407,20.6652,5.6875,20.3506,111.092,-18.8141,11.6043,187.8647
116.7467,47.8873,47.8816,2.7575,20.651,5.7034,20.3602,111.1194,-18.8025,11.5954,187.8538
116.9169,47.8848,47.8557,2.7334,20.6715,5.6909,20.3367,111.1133,-18.8278,11.6275,187.8623
117.0871,47.8904,47.8646,2.759,20.6531,5.6984,20.3575,111.0954,-18.8189,11.5902,187.8682
117.2573,47.8739,47.8756,2.7577,20.6576,5.6975,20.3268,111.1204,-18.8249,11.5999,187.8549
117.4274,47.8759,47.8786,2.7397,20.6482,5.699,20.358,111.1136,-18.8118,11.5823,187.8444
117.5976,46.8825,46.8915,2.7603,20.6756,5.7132,20.2674,111.1718,-18.8117,11.6368,187.7661
117.7678,46.8933,46.8851,2.7668,20.6679,5.7034,20.2549,111.1797,-18.7909,11.6217,187.7599
117.9379,46.9019,46.8791,2.746,20.6496,5.6953,20.2526,111.1819,-18.8112,11.6388,187.7806
118.1081,46.8824,46.8706,2.7532,20.6656,5.7078,20.274,111.1712,-18.7842,11.6359,187.7757
118.2783,46.8774,46.8609,2.7733,20.6543,5.7085,20.2637,111.173,-18.7826,11.6527,187.769
118.4484,46.8761,46.8802,2.7526,20.6442,5.7085,20.2716,111.1678,-18.8184,11.6533,187.7524
118.6186,46.8698,46.896,2.7673,20.6469,5.7084,20.2875,111.1971,-18.8062,11.6451,187.7785
118.7888,46.8885,46.8883,2.7448,20.6636,5.732,20.2771,111.1767,-18.8145,11.6317,187.7664
118.959,46.8842,46.8675,2.7718,20.6767,5.7187,20.2683,111.1868,-18.7996,11.6381,187.7897
119.1291,46.8946,46.8652,2.7498,20.6553,5.7213,20.2656,111.1704,-18.8291,11.6268,187.7887
119.2993,46.8858,46.8892,2.7469,20.652,5.6998,20.2518,111.1847,-18.7998,11.6497,187.7715
119.4695,46.8931,46.8873,2.7634,20.6537,5.7084,20.2522,111.1988,-18.8146,11.6288,187.7762
119.6396,46.8943,46.8924,2.7432,20.648,5.7149,20.2617,111.1596,-18.7988,11.6414,187.7784
119.8098,46.9051,46.8815,2.7406,20.6549,5.7136,20.267,111.1753,-18.7832,11.6302,187.766
119.98,46.8941,46.8802,2.7582,20.6404,5.6958,20.2662,111.1764,-18.7925,11.6419,187.7779
120.1502,46.4831,46.4812,2.7519,20.6325,5.7164,20.2378,111.198,-18.8055,11.6538,187.7452
120.3203,46.4798,46.4689,2.761,20.6459,5.7147,20.2359,111.1853,-18.786,11.6872,187.7398
120.4905,46.4794,46.4695,2.7414,20.6411,5.6904,20.2407,111.2005,-18.8081,11.6565,187.7092
120.6607,46.4781,46.4771,2.7363,20.6273,5.7199,20.2474,111.201,-18.7929,11.6747,187.7239
120.8308,46.4797,46.5062,2.7355,20.6744,5.7223,20.2591,111.199,-18.7982,11.6466,187.7312
121.001,46.4866,46.4773,2.747,20.6312,5.7168,20.2439,111.2055,-18.7882,11.6644,187.7313
121.1712,46.4947,46.4768,2.7774,20.6255,5.7233,20.2503,111.1972,-18.8157,11.6735,187.7579
121.3413,46.4851,46.4642,2.749,20.6485,5.7239,20.242,111.2026,-18.8097,11.6705,187.7346
121.5115,46.4793,46.4911,2.7599,20.6569,5.7243,20.232,111.1977,-18.7976,11.6438,187.7335
121.6817,46.489,46.4834,2.7621,20.6351,5.7012,20.2432,111.1979,-18.8184,11.6575,187.7435
121.8519,46.5021,46.468,2.7632,20.638,5.7037,20.2478,111.1997,-18.8111,11.6663,187.7234
122.022,46.497,46.4677,2.742,20.6489,5.7151,20.2368,111.1907,-18.8076,11.6654,187.743
122.1922,46.4712,46.4791,2.7554,20.6442,5.7244,20.2399,111.2141,-18.8038,11.6734,187.7384
122.3624,46.5092,46.4763,2.7625,20.6482,5.7161,20.2605,111.1995,-18.7871,11.6604,187.734
122.5325,45.2295,45.2239,2.7502,20.601,5.7154,20.1796,111.2002,-18.811,11.7524,187.5945
122.7027,45.2318,45.2233,2.746,20.5722,5.7447,20.1746,111.198,-18.8246,11.7468,187.5882
122.8729,45.2414,45.2268,2.7357,20.5952,5.725,20.1673,111.1757,-18.816,11.7375,187.5744
123.043,45.2414,45.2223,2.7509,20.5709,5.7576,20.1722,111.2,-18.8202,11.7393,187.5866
123.2132,45.2341,45.2204,2.748,20.6059,5.7363,20.1774,111.1926,-18.8094,11.7389,187.5817
123.3834,45.2315,45.243,2.7464,20.5949,5.7327,20.1713,111.1882,-18.8299,11.7413,187.5682
123.5536,45.2427,45.2156,2.7632,20.5994,5.7457,20.1648,111.1943,-18.8078,11.7362,187.5923
123.7237,45.2292,45.224,2.7383,20.5936,5.7345,20.1797,111.2021,-18.8252,11.7239,187.5784
123.8939,45.2354,45.2274,2.7465,20.5978,5.7229,20.1614,111.2092,-18.8103,11.7552,187.5918
124.0641,45.2331,45.2351,2.7766,20.6087,5.7348,20.1794,111.2007,-18.8362,11.7506,187.5573
124.2342,45.2236,45.2351,2.7434,20.5961,5.7289,20.1517,111.1866,-18.7951,11.7342,187.5792
124.4044,45.2485,45.2209,2.7273,20.5928,5.7202,20.1552,111.1956,-18.8167,11.7363,187.5696
124.5746,45.2306,45.2392,2.7507,20.6103,5.7273,20.1598,111.1901,-18.822,11.7305,187.5654
124.7447,45.2352,45.2254,2.7365,20.6039,5.7007,20.1689,111.2332,-18.8255,11.7392,187.5875
124.9149,45.2387,45.2062,2.7475,20.5871,5.715,20.1719,111.1964,-18.8208,11.7318,187.5774
125.0851,42.3213,42.269,2.7334,20.4752,5.7522,20.0233,111.053,-18.8449,11.9509,187.1304
125.2553,42.3124,42.2625,2.7268,20.4767,5.7507,20.0143,111.052,-18.8514,11.9444,187.1283
125.4254,42.3106,42.2516,2.7016,20.4451,5.7417,20.0342,111.0597,-18.8616,11.9478,187.1164
125.5956,42.3272,42.2778,2.739,20.4537,5.7405,20.0172,111.0579,-18.8435,11.9396,187.1275
125.7658,42.3118,42.2775,2.716,20.4877,5.7478,20.0078,111.0588,-18.846,11.9347,187.1359
125.9359,42.3273,42.2678,2.7383,20.4641,5.7449,20.0246,111.0507,-18.8449,11.9339,187.1117
126.1061,42.3066,42.2681,2.7426,20.4736,5.7335,20.017,111.059,-18.8421,11.9425,187.1294
126.2763,42.2974,42.2889,2.7265,20.4626,5.7399,20.0181,111.0799,-18.8419,11.9341,187.1212
126.4464,42.3303,42.2551,2.7242,20.4674,5.7681,20.01,111.0495,-18.8253,11.9294,187.1305
126.6166,42.3102,42.2743,2.7364,20.4658,5.747,20.0197,111.0602,-18.8387,11.9656,187.1283
126.7868,42.3128,42.2578,2.7386,20.4588,5.7594,20.0127,111.0744,-18.8476,11.9411,187.1151
126.957,42.2963,42.2851,2.7264,20.4509,5.7406,20.0376,111.0467,-18.841,11.9459,187.1187
127.1271,42.3122,42.2725,2.7275,20.4496,5.7531,20.0068,111.0589,-18.8489,11.936,187.1367
127.2973,42.2954,42.2562,2.7358,20.4601,5.7399,20.0425,111.0648,-18.8466,11.9532,187.12
127.4675,42.3382,42.2585,2.7397,20.4558,5.7759,20.0303,111.0678,-18.8343,11.9563,187.129
127.6376,38.6473,38.5429,2.6974,20.2342,5.7803,19.8569,110.7603,-18.8942,12.2466,186.4702
127.8078,38.6332,38.5502,2.7105,20.2548,5.7719,19.8701,110.7409,-18.8914,12.258,186.4596
127.978,38.6239,38.5449,2.683,20.2354,5.787,19.8536,110.7508,-18.8988,12.2579,186.4592
128.1481,38.6314,38.526,2.7048,20.2344,5.7918,19.8508,110.7408,-18.8906,12.247,186.4808
128.3183,38.6197,38.5461,2.7072,20.2243,5.7676,19.8635,110.7229,-18.8991,12.2477,186.4717
128.4885,38.6319,38.5313,2.703,20.237,5.7407,19.8903,110.753,-18.9046,12.2366,186.4773
128.6587,38.6214,38.5519,2.6844,20.2418,5.7728,19.8799,110.7612,-18.9095,12.2524,186.4578
128.8288,38.6223,38.5478,2.706,20.2533,5.7734,19.885,110.7429,-18.9008,12.2401,186.4772
128.999,38.634,38.538,2.7065,20.232,5.77,19.8581,110.7549,-18.9086,12.2591,186.4654
129.1692,38.6384,38.5406,2.7026,20.2267,5.7741,19.8816,110.7514,-18.898,12.2568,186.46
129.3393,38.6258,38.5488,2.6912,20.212,5.7584,19.8836,110.7472,-18.9048,12.252,186.4816
129.5095,38.645,38.5586,2.6949,20.2295,5.7801,19.8766,110.7675,-18.9159,12.2605,186.4588
129.6797,38.6178,38.5417,2.6941,20.2282,5.7814,19.8699,110.7494,-18.8969,12.2505,186.4812
129.8498,38.6508,38.5351,2.6769,20.2232,5.7781,19.8482,110.7445,-18.8974,12.2337,186.4674
130.02,38.65,38.5508,2.7015,20.255,5.7755,19.8748,110.7432,-18.9032,12.2683,186.4675
130.1902,38.6433,38.5356,2.6948,20.2476,5.7675,19.8699,110.7238,-18.9027,12.2512,186.4465
130.3604,38.6256,38.5446,2.6979,20.2474,5.7725,19.8774,110.7384,-18.8921,12.22,186.4637
130.5305,38.6409,38.5428,2.7003,20.2317,5.7757,19.8805,110.7418,-18.8888,12.2472,186.4726
130.7007,38.6452,38.5256,2.7122,20.2342,5.7833,19.8562,110.7468,-18.8924,12.229,186.4631
130.8709,38.6603,38.5265,2.6919,20.2471,5.7717,19.8735,110.7526,-18.8888,12.2381,186.4608
131.041,38.6352,38.5557,2.6929,20.233,5.7738,19.886,110.7394,-18.8956,12.2552,186.4696
131.2112,38.6396,38.5341,2.7074,20.2443,5.7755,19.8664,110.7218,-18.8837,12.2494,186.463
131.3814,38.6354,38.5648,2.7062,20.2319,5.7702,19.8803,110.7483,-18.8696,12.2466,186.4709
131.5516,38.6564,38.5452,2.6887,20.2357,5.7615,19.8527,110.758,-18.9065,12.2656,186.4662
131.7217,38.6577,38.5383,2.6851,20.2499,5.7733,19.8638,110.7588,-18.9095,12.2403,186.4804
131.8919,38.6324,38.5368,2.6946,20.2417,5.7819,19.883,110.7561,-18.8934,12.2454,186.4546
132.0621,38.6257,38.528,2.699,20.227,5.7597,19.8723,110.7387,-18.9046,12.2574,186.4697
132.2322,38.6206,38.5339,2.695,20.2199,5.7655,19.8572,110.7439,-18.9141,12.2468,186.4686
132.4024,38.6347,38.5217,2.7009,20.2281,5.776,19.8578,110.7468,-18.9022,12.266,186.487
132.5726,38.6524,38.5429,2.6854,20.2481,5.7683,19.8785,110.7582,-18.9108,12.2479,186.4682
132.7427,38.6359,38.535,2.7056,20.226,5.7753,19.8701,110.73,-18.9122,12.242,186.4741
132.9129,38.6443,38.5398,2.7094,20.2601,5.7783,19.8756,110.7523,-18.8911,12.2381,186.4516
133.0831,38.6428,38.5647,2.699,20.2335,5.7789,19.859,110.7427,-18.8832,12.2629,186.4654
133.2533,38.6261,38.5286,2.7003,20.242,5.7605,19.8849,110.7443,-18.9096,12.2445,186.4768
133.4234,38.6352,38.5485,2.6995,20.2521,5.7989,19.8722,110.7627,-18.8915,12.2382,186.4737
133.5936,38.6541,38.5316,2.6937,20.2414,5.7719,19.8602,110.7339,-18.903,12.2458,186.4534
133.7638,38.6238,38.5272,2.704,20.2272,5.7715,19.8595,110.7435,-18.9136,12.2313,186.4855
133.9339,38.6279,38.5289,2.6973,20.2435,5.7788,19.8722,110.7323,-18.8833,12.2678,186.4685
134.1041,38.6303,38.5596,2.7147,20.2328,5.7696,19.8685,110.7458,-18.8891,12.2367,186.4557
134.2743,38.6441,38.5506,2.7104,20.22,5.7758,19.8742,110.7422,-18.9042,12.2366,186.4742
134.4444,38.6325,38.5392,2.6918,20.2423,5.7782,19.8735,110.7372,-18.8853,12.2556,186.4733
134.6146,38.616,38.5368,2.6956,20.2184,5.7603,19.8717,110.7486,-18.8994,12.2363,186.4791
134.7848,38.6358,38.5385,2.6884,20.2493,5.7747,19.86,110.7499,-18.9205,12.2641,186.4771
134.955,38.6375,38.5437,2.6861,20.2372,5.767,19.8652,110.7423,-18.8907,12.2679,186.4481
135.1251,38.6292,38.5361,2.6952,20.2476,5.7716,19.8523,110.7299,-18.9043,12.2709,186.4804
135.2953,38.6401,38.5361,2.6989,20.2504,5.779,19.8634,110.7479,-18.8955,12.262,186.476
135.4655,38.6391,38.547,2.6863,20.2473,5.7723,19.8577,110.756,-18.901,12.2401,186.4734
135.6356,38.6335,38.5339,2.7128,20.2504,5.7703,19.8801,110.7381,-18.8926,12.2569,186.4577
135.8058,38.6375,38.5368,2.6932,20.2299,5.7832,19.8808,110.7533,-18.9053,12.2319,186.4671
135.976,38.6373,38.5483,2.7087,20.2321,5.783,19.8567,110.7536,-18.8844,12.2393,186.4804
136.1461,38.6337,38.5482,2.6953,20.2333,5.7705,19.8638,110.7387,-18.8935,12.2539,186.469
136.3163,38.6426,38.5274,2.7063,20.2305,5.792,19.864,110.7466,-18.907,12.2519,186.4535
136.4865,38.6419,38.5429,2.7075,20.2495,5.7792,19.8689,110.758,-18.9145,12.2452,186.4807
136.6567,38.6241,38.5543,2.6983,20.26,5.7776,19.8633,110.753,-18.8864,12.2629,186.4738
136.8268,38.6371,38.5275,2.6971,20.2501,5.7611,19.8593,110.742,-18.9081,12.2412,186.4554
136.997,38.6251,38.5313,2.7016,20.2386,5.7763,19.8702,110.7513,-18.908,12.2455,186.4586
137.1672,38.6331,38.5466,2.6893,20.2559,5.7517,19.8749,110.7546,-18.9293,12.2493,186.477
137.3373,38.6368,38.5439,2.6887,20.2193,5.7817,19.8626,110.7213,-18.8971,12.248,186.4605
137.5075,37.1632,37.14,2.7091,20.2401,5.7794,19.8303,110.2063,-18.9699,12.3791,185.9102
137.6777,37.1603,37.1329,2.7067,20.2439,5.785,19.8274,110.2018,-18.9573,12.4004,185.9066
137.8478,37.1664,37.1237,2.7031,20.2437,5.7804,19.82,110.1931,-18.9501,12.404,185.908
138.018,37.1642,37.1352,2.7104,20.2397,5.7612,19.8137,110.181,-18.947,12.3849,185.8954
138.1882,37.1622,37.1298,2.6776,20.2307,5.7607,19.8427,110.2051,-18.9584,12.3892,185.8995
138.3584,37.1669,37.1455,2.6835,20.2478,5.7741,19.8161,110.2042,-18.9553,12.3738,185.8867
138.5285,37.1584,37.1506,2.7105,20.2424,5.7818,19.8457,110.206,-18.9513,12.3625,185.8989
138.6987,37.1679,37.1428,2.7135,20.2477,5.7806,19.8217,110.1779,-18.9625,12.3928,185.8884
138.8689,37.1656,37.1477,2.6805,20.237,5.7694,19.8302,110.1905,-18.9551,12.3673,185.8852
139.039,37.1807,37.1462,2.7168,20.2357,5.7741,19.8208,110.1867,-18.9553,12.3796,185.8875
139.2092,37.1703,37.1283,2.7048,20.2333,5.7761,19.8347,110.1914,-18.949,12.3871,185.8981
139.3794,37.1628,37.1286,2.6998,20.24,5.7735,19.8262,110.2036,-18.955,12.3939,185.9012
139.5495,37.1828,37.1263,2.7112,20.2454,5.7798,19.8481,110.2062,-18.9494,12.3655,185.8954
139.7197,37.1585,37.1334,2.6969,20.2378,5.7869,19.8388,110.1963,-18.9497,12.4031,185.8928
139.8899,37.1645,37.1489,2.6955,20.2315,5.7918,19.8258,110.198,-18.9627,12.3603,185.8924
140.0601,35.897,35.9058,2.6963,20.1944,5.7852,19.8005,109.6546,-18.9888,12.499,185.349
140.2302,35.9349,35.8897,2.6752,20.2189,5.7746,19.7955,109.6596,-18.9811,12.4918,185.3202
140.4004,35.9049,35.8931,2.6934,20.2145,5.7978,19.7867,109.6762,-18.9828,12.4893,185.3378
140.5706,35.9072,35.9072,2.6955,20.2212,5.7698,19.7942,109.6653,-18.9977,12.5049,185.3311
140.7407,35.9113,35.8957,2.6775,20.2069,5.7876,19.7954,109.682,-18.9953,12.4919,185.3463
140.9109,35.9074,35.8885,2.7048,20.2048,5.7735,19.7933,109.6739,-18.9975,12.5037,185.3275
141.0811,35.9237,35.8991,2.6913,20.2231,5.7755,19.7956,109.6827,-18.9819,12.5014,185.3219
141.2513,35.9156,35.904,2.7049,20.22,5.7927,19.8066,109.6632,-18.9701,12.5052,185.3252
141.4214,35.8934,35.9016,2.6743,20.2145,5.7958,19.7938,109.6645,-18.9957,12.5052,185.3335
141.5916,35.9264,35.9205,2.7011,20.2243,5.7659,19.7994,109.6892,-18.9917,12.5044,185.3213
141.7618,35.931,35.8977,2.69,20.2008,5.7813,19.7931,109.6652,-18.978,12.4913,185.326
141.9319,35.913,35.8952,2.6864,20.2267,5.7655,19.8111,109.6741,-18.9853,12.5028,185.3216
142.1021,35.9322,35.9047,2.7119,20.217,5.7952,19.8167,109.6693,-18.9831,12.5047,185.3278
142.2723,35.9128,35.8935,2.69,20.2185,5.7751,19.8292,109.6563,-18.9983,12.5118,185.3321
142.4424,35.9162,35.9198,2.7199,20.2067,5.7884,19.8072,109.6436,-18.9778,12.5054,185.3385
142.6126,34.3107,34.3096,2.7083,20.1685,5.7964,19.7798,108.9247,-18.9953,12.6572,184.5349
142.7828,34.3256,34.322,2.7004,20.1658,5.8004,19.786,108.919,-19.0037,12.6854,184.5306
142.953,34.3035,34.3203,2.6949,20.1661,5.7743,19.771,108.9414,-19.0191,12.6562,184.5207
143.1231,34.308,34.3093,2.679,20.1519,5.7875,19.7792,108.9464,-19.0087,12.6692,184.5192
143.2933,34.2979,34.3163,2.6841,20.1783,5.7839,19.7812,108.9367,-19.0167,12.6611,184.5341
143.4635,34.321,34.3197,2.6891,20.1755,5.7683,19.7756,108.916,-18.9966,12.6674,184.5335
143.6336,34.3139,34.3301,2.6853,20.1869,5.7943,19.7758,108.9288,-19.0157,12.6459,184.5462
143.8038,34.3275,34.2958,2.7005,20.1498,5.7921,19.7747,108.9192,-19.0056,12.6522,184.5204
143.974,34.3005,34.3099,2.6844,20.186,5.7863,19.7769,108.9289,-19.0163,12.6518,184.5474
144.1441,34.3098,34.3141,2.6896,20.1613,5.7662,19.7854,108.9094,-19.0175,12.6597,184.5269
144.3143,34.3028,34.3256,2.6779,20.1822,5.7789,19.7818,108.9414,-18.9973,12.6779,184.5265
144.4845,34.3124,34.3192,2.7012,20.1753,5.7921,19.7713,108.9225,-19.0015,12.6631,184.5414
144.6547,34.3169,34.3008,2.6844,20.1569,5.8006,19.7828,108.9019,-19.0041,12.6446,184.5012
144.8248,34.3285,34.309,2.7036,20.1625,5.7864,19.7962,108.9377,-19.0024,12.6786,184.5314
144.995,34.2974,34.326,2.6784,20.1915,5.7718,19.7684,108.9087,-18.9869,12.6578,184.526
145.1652,33.8007,33.8124,2.6732,20.1521,5.7728,19.7769,108.6799,-19.0153,12.7188,184.2659
145.3353,33.8271,33.806,2.6811,20.1479,5.784,19.7627,108.6835,-19.0204,12.7047,184.2459
145.5055,33.817,33.8264,2.6951,20.1652,5.8039,19.7717,108.6829,-19.0125,12.7262,184.2609
145.6757,33.788,33.8136,2.695,20.1792,5.7731,19.772,108.6638,-19.0381,12.7212,184.2785
145.8458,33.8241,33.8359,2.6925,20.1435,5.7676,19.7708,108.6879,-19.0183,12.7029,184.2518
146.016,33.8081,33.8167,2.6873,20.172,5.7814,19.7637,108.6776,-19.0176,12.7072,184.2442
146.1862,33.8117,33.8051,2.6964,20.1546,5.7809,19.784,108.6742,-19.0167,12.7142,184.2727
146.3564,33.8168,33.821,2.6971,20.1608,5.7864,19.7542,108.6891,-19.0194,12.7112,184.2612
146.5265,33.8155,33.7989,2.6968,20.1597,5.786,19.7667,108.6639,-19.0256,12.7488,184.2436
146.6967,33.809,33.8061,2.6801,20.1593,5.7892,19.7626,108.6682,-19.0255,12.7251,184.2519
146.8669,33.808,33.7892,2.6836,20.1592,5.7935,19.7694,108.6892,-19.0168,12.72,184.2629
147.037,33.8197,33.8241,2.6879,20.1596,5.7803,19.7469,108.6793,-19.0155,12.7233,184.2469
147.2072,33.8153,33.8134,2.7089,20.1578,5.7907,19.769,108.686,-19.0116,12.713,184.2448
147.3774,33.8173,33.8042,2.7132,20.1635,5.7927,19.771,108.676,-19.0071,12.727,184.2652
147.5475,32.4599,32.4766,2.6654,20.117,5.7788,19.7542,107.9529,-19.0628,12.8672,183.4528
147.7177,32.4673,32.4805,2.6908,20.1263,5.7796,19.7576,107.9756,-19.0792,12.8847,183.4338
147.8879,32.4595,32.4521,2.6913,20.1301,5.7868,19.7589,107.981,-19.0732,12.8666,183.4344
148.0581,32.4631,32.4764,2.6889,20.147,5.7841,19.7465,107.9789,-19.0674,12.8757,183.4616
148.2282,32.4541,32.48,2.6966,20.1306,5.7868,19.747,107.9717,-19.0881,12.8813,183.4525
148.3984,32.4796,32.4523,2.6921,20.1226,5.7714,19.7593,107.9668,-19.0808,12.8595,183.4363
148.5686,32.4453,32.4758,2.6652,20.139,5.7734,19.7687,107.9787,-19.0698,12.8703,183.4481
148.7387,32.4579,32.4592,2.6871,20.1246,5.7893,19.7587,107.9664,-19.0701,12.8945,183.4289
148.9089,32.4669,32.4556,2.6728,20.1173,5.7938,19.753,107.9588,-19.0772,12.8874,183.441
149.0791,32.4531,32.467,2.6779,20.1255,5.7892,19.7629,107.9556,-19.0663,12.8613,183.4339
149.2492,32.4628,32.4656,2.6686,20.1366,5.7727,19.7781,107.962,-19.068,12.8628,183.4271
149.4194,32.4436,32.477,2.7061,20.1291,5.7739,19.7479,107.9624,-19.0663,12.8818,183.4221
149.5896,32.4512,32.4631,2.6925,20.1249,5.7642,19.7559,107.962,-19.0653,12.8624,183.4397
149.7598,32.463,32.4688,2.677,20.1441,5.7809,19.746,107.963,-19.066,12.8772,183.4309
149.9299,32.4458,32.459,2.7033,20.1322,5.7819,19.754,107.9715,-19.0693,12.8645,183.4514
150.1001,31.8149,31.8329,2.6935,20.1068,5.7887,19.7563,107.6075,-19.0817,12.9443,183.034
150.2703,31.8133,31.8097,2.66,20.1091,5.7814,19.7681,107.6046,-19.0768,12.9505,183.032
150.4404,31.8211,31.8186,2.6848,20.1192,5.757,19.7328,107.6025,-19.1104,12.9325,183.0154
150.6106,31.8039,31.826,2.682,20.1125,5.7609,19.7469,107.6003,-19.0887,12.9426,183.0357
150.7808,31.7933,31.8374,2.6917,20.1153,5.7792,19.7569,107.6109,-19.0776,12.9404,183.0376
150.951,31.8309,31.8333,2.6786,20.1169,5.7709,19.7622,107.6139,-19.0863,12.9507,183.0194
151.1211,31.8286,31.8307,2.6967,20.1129,5.7875,19.7587,107.6042,-19.0955,12.9509,183.0071
151.2913,31.8251,31.84,2.6954,20.1234,5.7913,19.743,107.6062,-19.0894,12.9413,183.0355
151.4615,31.8092,31.8334,2.6881,20.1115,5.7665,19.7474,107.6,-19.0857,12.935,183.0288
151.6316,31.7986,31.8156,2.6798,20.1051,5.7786,19.7501,107.6028,-19.0966,12.9493,183.0242
151.8018,31.833,31.8258,2.6664,20.1096,5.7824,19.7488,107.609,-19.091,12.9544,183.0339
151.972,31.7978,31.8279,2.6979,20.1237,5.7785,19.778,107.6022,-19.0895,12.9388,183.0425
152.1421,31.8153,31.8071,2.6941,20.1135,5.7656,19.7537,107.5991,-19.0816,12.9396,183.017
152.3123,31.8236,31.8224,2.6983,20.0908,5.7829,19.768,107.6063,-19.0969,12.9331,183.0265
152.4825,31.8077,31.8122,2.6815,20.107,5.7862,19.7433,107.5798,-19.0945,12.9388,183.0354
152.6527,30.7056,30.7074,2.7042,20.0798,5.7939,19.7491,106.9468,-19.0869,13.0631,182.3385
152.8228,30.7108,30.7163,2.6674,20.0935,5.7811,19.7519,106.934,-19.0819,13.0631,182.3266
152.993,30.7082,30.7295,2.6758,20.1033,5.7714,19.749,106.9527,-19.0768,13.067,182.3373
153.1632,30.7005,30.7106,2.6815,20.1141,5.7925,19.7724,106.9598,-19.1005,13.0694,182.3181
153.3333,30.7158,30.6921,2.6832,20.089,5.7876,19.7459,106.9611,-19.1123,13.0552,182.3324
153.5035,30.6962,30.7029,2.6749,20.0962,5.7722,19.7413,106.9411,-19.0799,13.0682,182.3209
153.6737,30.693,30.7074,2.6745,20.0877,5.7919,19.749,106.9373,-19.0973,13.0613,182.3215
153.8438,30.7036,30.7138,2.6882,20.0935,5.7881,19.7487,106.9479,-19.0966,13.0785,182.3202
154.014,30.6923,30.7088,2.6794,20.0787,5.7803,19.7452,106.9466,-19.0928,13.0707,182.3213
154.1842,30.7155,30.7001,2.679,20.0889,5.7858,19.7481,106.9529,-19.1073,13.0719,182.3054
154.3544,30.7105,30.6944,2.6746,20.0858,5.7917,19.7576,106.9432,-19.0953,13.0504,182.33
154.5245,30.7219,30.7171,2.6647,20.0915,5.7829,19.7414,106.9672,-19.0954,13.0606,182.3163
154.6947,30.6943,30.7034,2.6713,20.0904,5.7968,19.7535,106.9685,-19.1061,13.0617,182.3443
154.8649,30.6989,30.7093,2.7034,20.0976,5.7677,19.746,106.9535,-19.0796,13.054,182.3204
155.035,30.4202,30.4229,2.6815,20.0768,5.7932,19.7471,106.8047,-19.0978,13.1041,182.1372
155.2052,30.4075,30.4369,2.6917,20.0832,5.7779,19.7485,106.8092,-19.1014,13.0998,182.1477
155.3754,30.4162,30.4379,2.6674,20.0688,5.788,19.74,106.7914,-19.1045,13.0994,182.1619
155.5455,30.433,30.4422,2.6767,20.0717,5.7934,19.7546,106.8143,-19.1201,13.1102,182.1468
155.7157,30.4179,30.4281,2.6765,20.0869,5.7891,19.7479,106.8036,-19.0858,13.0932,182.1585
155.8859,30.4331,30.4317,2.6749,20.0768,5.7751,19.7496,106.7919,-19.111,13.1119,182.1581
156.0561,30.4411,30.4429,2.685,20.0831,5.8059,19.7503,106.805,-19.1023,13.0883,182.1533
156.2262,30.425,30.4446,2.6692,20.0892,5.7844,19.7491,106.806,-19.1036,13.0996,182.1482
156.3964,30.4354,30.4506,2.6784,20.0735,5.7857,19.7537,106.8116,-19.1087,13.0969,182.1499
156.5666,30.419,30.4359,2.6909,20.0783,5.765,19.741,106.805,-19.098,13.1008,182.1719
156.7367,30.4246,30.4397,2.6802,20.0811,5.7954,19.7534,106.8116,-19.0985,13.102,182.1464
156.9069,30.4426,30.4245,2.678,20.1037,5.7845,19.739,106.8057,-19.0937,13.0843,182.1485
157.0771,30.4417,30.4311,2.6753,20.0901,5.7915,19.7348,106.8135,-19.1086,13.097,182.1525
157.2472,30.4248,30.4273,2.6821,20.0997,5.7885,19.7612,106.7911,-19.1101,13.0913,182.1372
157.4174,30.4214,30.4425,2.6628,20.0815,5.7922,19.7452,106.8062,-19.0944,13.1082,182.1757
157.5876,29.8306,29.8358,2.6862,20.0614,5.7796,19.7349,106.4668,-19.1248,13.1728,181.8119
157.7578,29.8423,29.8543,2.6819,20.0603,5.7987,19.7509,106.486,-19.1201,13.1739,181.8208
157.9279,29.8095,29.8431,2.69,20.0606,5.7709,19.7463,106.456,-19.13,13.1518,181.8126
158.0981,29.8257,29.848,2.6784,20.0742,5.7962,19.7703,106.4823,-19.1061,13.1641,181.823
158.2683,29.8472,29.8501,2.6821,20.0913,5.7822,19.7427,106.4793,-19.1135,13.1552,181.8215
158.4384,29.8421,29.8522,2.6844,20.0686,5.7688,19.7402,106.4755,-19.1189,13.1805,181.8045
158.6086,29.8166,29.8582,2.6883,20.0801,5.7811,19.7646,106.4846,-19.1313,13.1691,181.7969
158.7788,29.8367,29.8433,2.6778,20.048,5.788,19.7446,106.4673,-19.1154,13.173,181.8091
158.9489,29.8297,29.8357,2.6629,20.085,5.7819,19.7589,106.4787,-19.1072,13.1634,181.8069
159.1191,29.8447,29.8427,2.6533,20.0825,5.7728,19.7617,106.482,-19.1143,13.1778,181.809
159.2893,29.8504,29.8397,2.6811,20.0752,5.7941,19.7524,106.4616,-19.1302,13.1595,181.7986
159.4595,29.823,29.842,2.6765,20.0702,5.7859,19.7536,106.4601,-19.113,13.1619,181.8028
159.6296,29.821,29.8412,2.6764,20.0842,5.7834,19.7386,106.4619,-19.1097,13.1717,181.8108
159.7998,29.8232,29.8418,2.6807,20.0717,5.7829,19.7485,106.4668,-19.1073,13.173,181.8041
159.97,29.8113,29.8494,2.681,20.0676,5.7756,19.7544,106.4738,-19.108,13.1723,181.8083
160.1401,27.9519,27.9702,2.6584,20.0118,5.7893,19.7499,105.4531,-19.1744,13.3695,180.7875
160.3103,27.9372,27.9549,2.6844,20.0392,5.7921,19.75,105.434,-19.1763,13.3621,180.7699
160.4805,27.9501,27.9665,2.6719,20.0226,5.7801,19.7265,105.4369,-19.1693,13.3757,180.7604
160.6507,27.9586,27.9458,2.6671,20.0097,5.8194,19.7349,105.4541,-19.1715,13.3731,180.7882
160.8208,27.936,27.9542,2.6607,20.027,5.7819,19.7475,105.4483,-19.186,13.3493,180.7704
160.991,27.9389,27.9382,2.6839,20.0341,5.7889,19.7372,105.4323,-19.1839,13.3504,180.7845
161.1612,27.9456,27.9465,2.6491,20.0429,5.7757,19.7509,105.4261,-19.192,13.3596,180.7663
161.3313,27.9496,27.9415,2.6775,20.0311,5.7881,19.7422,105.4358,-19.1744,13.3564,180.7743
161.5015,27.933,27.9478,2.6755,20.0288,5.7754,19.738,105.4455,-19.1927,13.3749,180.7806
161.6717,27.9498,27.9589,2.6793,20.0194,5.788,19.743,105.4296,-19.1768,13.3578,180.7828
161.8418,27.935,27.9544,2.6698,20.0284,5.7782,19.7366,105.4494,-19.167,13.3605,180.7863
162.012,27.9453,27.9531,2.655,20.0323,5.7957,19.7524,105.4221,-19.1904,13.3626,180.7735
162.1822,27.9516,27.957,2.6728,20.0272,5.8089,19.7411,105.4289,-19.1777,13.353,180.7745
162.3524,27.9373,27.9599,2.6745,20.0441,5.7718,19.7377,105.4284,-19.1773,13.3799,180.7883
162.5225,27.0501,27.0499,2.6631,20.0118,5.8039,19.7486,104.9529,-19.2164,13.4682,180.2836
162.6927,27.0627,27.0524,2.6664,20.041,5.7789,19.7285,104.9624,-19.2303,13.4461,180.2864
162.8629,27.0491,27.055,2.674,20.0163,5.7931,19.7326,104.9681,-19.2239,13.4705,180.2762
163.033,27.0471,27.0769,2.6581,20.0346,5.7874,19.7227,104.9714,-19.2124,13.4673,180.2656
163.2032,27.0582,27.0541,2.673,19.9959,5.797,19.7419,104.9361,-19.2196,13.4476,180.2644
163.3734,27.0526,27.0607,2.666,20.0146,5.7967,19.7359,104.9485,-19.2146,13.4423,180.2714
163.5435,27.0466,27.0568,2.6713,20.0399,5.7836,19.7529,104.9412,-19.2156,13.4564,180.2594
163.7137,27.0624,27.059,2.6598,20.0196,5.7844,19.7403,104.943,-19.2164,13.4478,180.2733
163.8839,27.0552,27.03,2.6776,20.0036,5.7713,19.7554,104.9401,-19.2164,13.4568,180.2823
164.0541,27.0557,27.0647,2.6591,20.0184,5.7874,19.7223,104.9665,-19.2144,13.463,180.2815
164.2242,27.0579,27.0668,2.676,20.0273,5.7947,19.7492,104.9446,-19.2208,13.4531,180.27
164.3944,27.0725,27.0541,2.6562,20.0209,5.812,19.7261,104.9823,-19.2269,13.4424,180.2822
164.5646,27.0419,27.0397,2.6774,20.0351,5.8005,19.7351,104.9481,-19.228,13.4527,180.2697
164.7347,27.0592,27.0681,2.6594,20.011,5.7807,19.7424,104.9671,-19.2335,13.4375,180.2657
164.9049,27.042,27.062,2.6724,20.014,5.7936,19.7325,104.9492,-19.2215,13.4418,180.266
165.0751,27.0601,27.0845,2.6757,20.0342,5.8101,19.7448,104.956,-19.2066,13.4481,180.2582
165.2452,27.0367,27.055,2.6611,20.014,5.7741,19.7521,104.9524,-19.2434,13.462,180.2616
165.4154,27.0546,27.0598,2.6842,20.0252,5.8078,19.7387,104.9308,-19.2281,13.4527,180.2652
165.5856,27.0577,27.0606,2.6557,20.0213,5.7872,19.7414,104.9787,-19.2365,13.4587,180.2651
165.7558,27.0552,27.0707,2.674,20.0369,5.8127,19.7258,104.9441,-19.2164,13.4538,180.2626
165.9259,27.0534,27.0594,2.6598,20.0181,5.801,19.7423,104.9541,-19.2188,13.4573,180.2557
166.0961,27.0529,27.0614,2.688,20.0051,5.7916,19.7239,104.9644,-19.2289,13.4532,180.2722
166.2663,27.0497,27.0474,2.6755,20.0242,5.7806,19.7317,104.9337,-19.2332,13.4489,180.2517
166.4364,27.057,27.0541,2.6792,20.024,5.7866,19.7341,104.9622,-19.2099,13.4701,180.2599
166.6066,27.04,27.0709,2.676,20.0446,5.7868,19.7275,104.949,-19.2116,13.4388,180.2638
166.7768,27.0387,27.0538,2.6623,20.0207,5.7771,19.7077,104.9392,-19.2151,13.4621,180.261
166.9469,27.0588,27.0621,2.6782,20.0269,5.7943,19.745,104.9578,-19.2163,13.4544,180.2769
167.1171,27.0442,27.0519,2.671,20.0316,5.7961,19.7318,104.955,-19.2262,13.4614,180.251
167.2873,27.0627,27.0648,2.6485,20.0204,5.8058,19.7461,104.9572,-19.2389,13.4558,180.2532
167.4575,27.0516,27.0564,2.659,20.0248,5.7893,19.7337,104.9353,-19.2215,13.4566,180.2681
167.6276,26.0367,26.0321,2.667,20.0063,5.8027,19.7284,104.368,-19.2924,13.5575,179.6394
167.7978,26.016,26.0178,2.6804,19.9967,5.8007,19.7377,104.3666,-19.2792,13.546,179.6309
167.968,26.0241,26.0306,2.6597,19.9904,5.797,19.729,104.3464,-19.3009,13.5567,179.6292
168.1381,26.0214,26.0054,2.6788,20.0215,5.8049,19.7352,104.3691,-19.2806,13.5454,179.6463
168.3083,26.0251,26.0206,2.6657,20.0039,5.7988,19.7339,104.3492,-19.2691,13.5363,179.6433
168.4785,26.0107,26.0174,2.6694,20.008,5.8167,19.7306,104.3515,-19.2876,13.5513,179.6481
168.6486,26.0416,26.0264,2.6619,20.0191,5.8067,19.7414,104.3437,-19.2851,13.5589,179.6487
168.8188,26.0162,26.0196,2.6662,20.016,5.7907,19.74,104.3661,-19.3112,13.5485,179.616
168.989,26.0344,26.0176,2.6774,20.0161,5.8049,19.7397,104.3393,-19.2677,13.5598,179.6274
169.1592,26.02,26.0314,2.6867,20.0239,5.8137,19.7524,104.3369,-19.2878,13.5417,179.618
169.3293,26.0323,26.0495,2.6638,20.0061,5.7798,19.7365,104.3518,-19.2957,13.5722,179.6192
169.4995,26.0235,26.0278,2.6755,19.9895,5.7949,19.7337,104.364,-19.2897,13.5582,179.6462
169.6697,26.011,26.0301,2.6528,20.0024,5.8091,19.7201,104.353,-19.3044,13.5661,179.6377
169.8398,26.0377,26.0393,2.6722,19.9973,5.8117,19.7056,104.3732,-19.298,13.5507,179.621
170.01,26.0119,26.0345,2.6584,20.0019,5.8037,19.727,104.3522,-19.2767,13.5465,179.6172
170.1802,26.0256,26.0225,2.6787,20.0175,5.8206,19.7309,104.3492,-19.2768,13.5471,179.6393
170.3504,26.023,26.0436,2.6594,20.0055,5.8148,19.7356,104.3525,-19.2687,13.5446,179.6125
170.5205,26.0249,26.0318,2.672,20.0064,5.7997,19.7364,104.3509,-19.2854,13.55,179.6408
170.6907,26.0195,26.0265,2.6566,20.0063,5.8014,19.7291,104.3548,-19.2714,13.5358,179.6385
170.8609,26.0264,26.0091,2.683,19.9948,5.8084,19.7235,104.3407,-19.2835,13.5586,179.6387
171.031,26.0262,26.022,2.6654,19.9981,5.8,19.7246,104.3635,-19.3075,13.5494,179.6249
171.2012,26.0215,26.0057,2.6791,19.995,5.8071,19.727,104.3461,-19.28,13.5674,179.6441
171.3714,26.0267,26.0145,2.6773,20.0192,5.8092,19.7276,104.3573,-19.291,13.5499,179.6326
171.5415,26.0346,26.0396,2.6578,20.01,5.7909,19.7349,104.3522,-19.2852,13.5549,179.606
171.7117,26.0206,26.0155,2.6538,20.0044,5.794,19.7403,104.3516,-19.2709,13.5735,179.6226
171.8819,26.0171,26.036,2.6566,19.9946,5.8063,19.7347,104.3476,-19.2771,13.5483,179.6083
172.0521,26.0338,26.0185,2.6763,20.0047,5.8022,19.7235,104.3404,-19.2865,13.5348,179.6227
172.2222,26.0273,26.0338,2.6729,20.014,5.8042,19.7314,104.3599,-19.2934,13.5403,179.6226
172.3924,26.0269,26.0324,2.6729,20.0061,5.8127,19.7261,104.3501,-19.2845,13.5626,179.6337
172.5626,25.6391,25.6161,2.6678,19.9937,5.7902,19.7266,104.1877,-19.2956,13.5834,179.4467
172.7327,25.6537,25.6464,2.6813,20.0239,5.7896,19.7228,104.1856,-19.2981,13.5894,179.4573
172.9029,25.6539,25.6436,2.6696,20.0091,5.8067,19.722,104.1877,-19.2699,13.5819,179.4488
173.0731,25.6283,25.6397,2.6906,19.9994,5.8132,19.734,104.2042,-19.2945,13.5942,179.4453
173.2432,25.6442,25.6427,2.6569,20.0012,5.8117,19.7162,104.1923,-19.3045,13.5817,179.4627
173.4134,25.6321,25.6386,2.6612,19.9967,5.8103,19.7392,104.2102,-19.2944,13.5998,179.4426
173.5836,25.6378,25.6324,2.6587,19.9992,5.7912,19.7335,104.1918,-19.2907,13.5905,179.4454
173.7538,25.6429,25.6445,2.6588,20.0181,5.7996,19.7325,104.2106,-19.2829,13.5815,179.4592
173.9239,25.6334,25.6343,2.6709,19.9989,5.8014,19.7239,104.199,-19.2694,13.5715,179.4432
174.0941,25.6347,25.6236,2.6737,19.9989,5.8035,19.7372,104.1973,-19.2959,13.5894,179.4191
174.2643,25.6277,25.644,2.6589,20.0015,5.8059,19.7216,104.2184,-19.298,13.591,179.4588
174.4344,25.6343,25.6385,2.6476,19.9878,5.8239,19.7249,104.2051,-19.3018,13.5656,179.4411
174.6046,25.6537,25.6476,2.6569,20.0035,5.8076,19.7232,104.1927,-19.2934,13.5756,179.4442
174.7748,25.6413,25.6476,2.6704,20.0032,5.8132,19.7405,104.1905,-19.2629,13.5792,179.4538
174.9449,25.6459,25.6427,2.6566,20.01,5.8046,19.7489,104.195,-19.2794,13.5934,179.4604
175.1151,24.5415,24.5487,2.6581,19.979,5.8084,19.735,103.9135,-19.3112,13.6617,179.0893
175.2853,24.5228,24.5292,2.6593,19.9776,5.8169,19.7355,103.9078,-19.2969,13.657,179.0952
175.4555,24.5294,24.5402,2.6469,19.9607,5.8112,19.7364,103.9002,-19.2802,13.6483,179.083
175.6256,24.5518,24.5378,2.6536,19.9596,5.8178,19.7231,103.9162,-19.3019,13.6579,179.0968
175.7958,24.5371,24.5473,2.6629,19.9625,5.8155,19.7569,103.9188,-19.2907,13.6522,179.0844
175.966,24.5292,24.5443,2.6682,19.9612,5.8152,19.7351,103.8912,-19.3005,13.684,179.0895
176.1361,24.5376,24.5329,2.6681,19.9757,5.8143,19.7494,103.8948,-19.2955,13.6633,179.0982
176.3063,24.5612,24.5399,2.6544,19.9717,5.8243,19.7354,103.8949,-19.3061,13.6591,179.0787
176.4765,24.5255,24.5393,2.6456,19.963,5.8208,19.7265,103.9121,-19.2943,13.6659,179.0933
176.6466,24.5718,24.5196,2.6722,19.9799,5.8119,19.732,103.9079,-19.3047,13.6586,179.0911
176.8168,24.5433,24.5291,2.6628,19.9664,5.827,19.7269,103.9105,-19.275,13.6568,179.0944
176.987,24.5503,24.5375,2.67,19.9689,5.8059,19.7279,103.9055,-19.2993,13.6547,179.0955
177.1572,24.5519,24.5409,2.664,19.9701,5.8062,19.736,103.9007,-19.293,13.6331,179.0822
177.3273,24.5507,24.5248,2.6705,19.9555,5.8138,19.7374,103.9057,-19.2964,13.6661,179.0962
177.4975,24.5031,24.5338,2.6651,19.9925,5.8053,19.7284,103.9243,-19.2995,13.6622,179.0903
177.6677,24.1484,24.2071,2.6618,19.9512,5.815,19.729,103.8682,-19.3078,13.6739,179.0089
177.8378,24.1798,24.1772,2.6501,19.9465,5.814,19.7467,103.8428,-19.3067,13.6824,178.9968
178.008,24.1664,24.1685,2.6489,19.9417,5.8242,19.7418,103.8511,-19.2913,13.6814,179.0032
178.1782,24.2022,24.184,2.6596,19.9781,5.8157,19.7339,103.8616,-19.3044,13.6739,179.0122
178.3483,24.1888,24.1799,2.6573,19.9497,5.812,19.7464,103.8591,-19.2887,13.6816,179.0167
178.5185,24.158,24.1874,2.6652,19.9558,5.8296,19.7535,103.8631,-19.2972,13.6868,179.0148
178.6887,24.1732,24.1668,2.6617,19.9642,5.8067,19.7427,103.847,-19.3075,13.6757,179.0108
178.8589,24.183,24.1764,2.6561,19.9688,5.8209,19.7173,103.8458,-19.2903,13.689,179.0218
179.029,24.1653,24.1848,2.6565,19.9681,5.8044,19.7595,103.8492,-19.3048,13.6846,178.9984
179.1992,24.1783,24.1736,2.6499,19.9711,5.8109,19.7388,103.8633,-19.3206,13.6742,179.0146
179.3694,24.1873,24.1633,2.6653,19.9579,5.8099,19.7341,103.8585,-19.3072,13.7009,179.0153
179.5395,24.1856,24.1678,2.6654,19.9307,5.8122,19.7559,103.8637,-19.2977,13.6963,178.9978
179.7097,24.1738,24.1729,2.6514,19.9559,5.8318,19.7393,103.8432,-19.2977,13.6875,179.0056
179.8799,24.1671,24.1782,2.6527,19.97,5.8394,19.7421,103.8482,-19.3083,13.6848,179.0064
180.0501,24.1368,24.1545,2.6601,19.9591,5.8126,19.737,103.8539,-19.2949,13.6747,179.0043
180.2202,24.119,24.1476,2.665,19.9538,5.8053,19.7489,103.8619,-19.2863,13.6826,178.9927
180.3904,24.124,24.1261,2.6575,19.9629,5.8011,19.7477,103.8394,-19.3053,13.6813,179.0099
180.5606,24.1263,24.1341,2.6564,19.9691,5.8177,19.7426,103.8473,-19.2895,13.6599,178.9784
180.7307,24.1387,24.1228,2.6651,19.9562,5.8261,19.7355,103.8728,-19.2996,13.7032,178.9871
180.9009,24.135,24.1301,2.6656,19.9492,5.8207,19.7428,103.8607,-19.2913,13.7103,178.9989
181.0711,24.1378,24.1345,2.6855,19.9742,5.8092,19.7329,103.8434,-19.291,13.679,179.0156
181.2412,24.1264,24.1319,2.6549,19.9602,5.8179,19.7387,103.8546,-19.304,13.6744,178.9911
181.4114,24.144,24.1268,2.6498,19.9486,5.8172,19.7504,103.8614,-19.3086,13.6675,178.9911
181.5816,24.1478,24.1377,2.6633,19.954,5.8147,19.7581,103.8397,-19.2894,13.6832,178.9909
181.7518,24.132,24.138,2.6739,19.9741,5.8225,19.7463,103.8542,-19.2791,13.6706,179.0153
181.9219,24.1346,24.1361,2.6357,19.9542,5.8074,19.7476,103.8511,-19.3032,13.6914,178.9935
182.0921,24.1279,24.1285,2.6499,19.9578,5.8175,19.7343,103.8569,-19.3108,13.6815,179.0115
182.2623,24.1348,24.1316,2.6677,19.976,5.8071,19.744,103.85,-19.3011,13.6637,178.9865
182.4324,24.1301,24.1296,2.666,19.9579,5.8191,19.7457,103.8555,-19.2937,13.6772,179.002
182.6026,23.6158,23.6139,2.6484,19.9319,5.8323,19.7307,103.9374,-19.2909,13.69,179.0073
182.7728,23.6135,23.5974,2.663,19.9358,5.8268,19.7478,103.9422,-19.312,13.6817,179.0052
182.9429,23.611,23.6175,2.669,19.9611,5.8277,19.7136,103.9426,-19.3169,13.6848,179.0078
183.1131,23.606,23.6169,2.6527,19.9442,5.8359,19.7652,103.9476,-19.2926,13.7015,178.999
183.2833,23.6214,23.6174,2.6583,19.9604,5.8186,19.7534,103.9458,-19.2736,13.6694,179.0177
183.4535,23.6213,23.6052,2.6581,19.9315,5.8256,19.7419,103.9373,-19.2916,13.6769,179.0096
183.6236,23.5966,23.6248,2.6631,19.9316,5.848,19.7553,103.9348,-19.2883,13.6847,178.9918
183.7938,23.6096,23.6332,2.6504,19.947,5.8504,19.7367,103.9212,-19.2977,13.6953,179.0045
183.964,23.6198,23.6355,2.6551,19.9501,5.8196,19.7341,103.9454,-19.2778,13.7004,179.0072
184.1341,23.6256,23.6154,2.6666,19.9392,5.8247,19.7264,103.9473,-19.2986,13.708,179.0262
184.3043,23.6148,23.6281,2.6722,19.9524,5.8216,19.7323,103.9536,-19.2802,13.6847,179.0047
184.4745,23.6217,23.6138,2.6523,19.9383,5.8258,19.7679,103.9482,-19.2786,13.7034,179.0259
184.6446,23.6267,23.6219,2.6686,19.9551,5.8259,19.7561,103.9724,-19.2824,13.6858,179.0058
184.8148,23.6258,23.6134,2.6646,19.9443,5.8318,19.7324,103.9488,-19.2875,13.6878,179.0001
184.985,23.6209,23.6359,2.668,19.939,5.8219,19.717,103.9455,-19.2935,13.6759,179.0124
185.1552,23.4493,23.4543,2.6613,19.9233,5.8438,19.7515,104.0045,-19.3032,13.6799,179.0467
185.3253,23.4753,23.4722,2.6737,19.9546,5.8262,19.7433,104.0147,-19.2835,13.703,179.0462
185.4955,23.4714,23.4704,2.6642,19.9426,5.8502,19.7429,104.0065,-19.2871,13.69,179.0231
185.6657,23.4634,23.4529,2.6479,19.9355,5.8395,19.7317,104.0304,-19.2923,13.6868,179.0456
185.8358,23.4729,23.4665,2.6738,19.9412,5.8331,19.7454,104.0019,-19.2792,13.6844,179.043
186.006,23.4838,23.4762,2.6526,19.9312,5.837,19.7273,103.9966,-19.2801,13.6909,179.0402
186.1762,23.4901,23.4761,2.6668,19.9344,5.8129,19.7479,104.0135,-19.2955,13.6904,179.065
186.3463,23.4797,23.4656,2.6811,19.938,5.8383,19.7431,104.0038,-19.2973,13.6998,179.0341
186.5165,23.4852,23.4808,2.6658,19.9376,5.8111,19.7299,104.0054,-19.289,13.7037,179.0345
186.6867,23.4741,23.4884,2.6466,19.9216,5.8234,19.7445,103.9973,-19.2736,13.7028,179.037
186.8569,23.4717,23.4698,2.6678,19.932,5.8187,19.757,104.0147,-19.2825,13.7011,179.0446
187.027,23.4803,23.4563,2.6582,19.9476,5.8358,19.7415,104.0132,-19.2712,13.6719,179.0392
187.1972,23.4702,23.4709,2.6407,19.94,5.8257,19.7291,103.9922,-19.2944,13.6878,179.0254
187.3674,23.4696,23.4704,2.6677,19.9306,5.8362,19.7562,104.0175,-19.283,13.6898,179.0347
187.5375,23.1861,23.2131,2.662,19.9243,5.8494,19.7496,104.1926,-19.2565,13.6722,179.1666
187.7077,23.2101,23.1894,2.6668,19.9242,5.8368,19.7311,104.1984,-19.2813,13.6763,179.1779
187.8779,23.2106,23.2066,2.6306,19.9337,5.8321,19.7442,104.1983,-19.2849,13.6837,179.1578
188.048,23.2006,23.2042,2.6535,19.9233,5.8427,19.739,104.2044,-19.2621,13.6816,179.1468
188.2182,23.2037,23.1978,2.6624,19.9452,5.8329,19.7371,104.192,-19.2816,13.6892,179.1473
188.3884,23.2085,23.2188,2.6595,19.9427,5.8305,19.7315,104.207,-19.2517,13.6754,179.167
188.5586,23.2107,23.21,2.6488,19.9447,5.8443,19.7444,104.2095,-19.2589,13.6788,179.1519
188.7287,23.2119,23.2109,2.6582,19.9334,5.8526,19.743,104.2195,-19.2414,13.6792,179.1606
188.8989,23.2151,23.2158,2.6772,19.9461,5.8285,19.7512,104.1896,-19.2987,13.6721,179.1531
189.0691,23.2009,23.221,2.6661,19.9306,5.8389,19.7602,104.2014,-19.2516,13.6766,179.1868
189.2392,23.2238,23.2059,2.6622,19.929,5.8572,19.7259,104.2019,-19.2677,13.6695,179.1518
189.4094,23.2017,23.2071,2.653,19.923,5.8501,19.7554,104.2036,-19.2894,13.6732,179.1546
189.5796,23.2167,23.2099,2.6636,19.9309,5.8456,19.7309,104.1914,-19.27,13.671,179.1632
189.7497,23.224,23.1967,2.6499,19.9403,5.8459,19.7356,104.2191,-19.2616,13.6743,179.1438
189.9199,23.1978,23.2069,2.6608,19.9503,5.8466,19.7405,104.1988,-19.2691,13.6633,179.161
190.0901,22.797,22.7939,2.6718,19.9297,5.867,19.7345,104.7071,-19.2419,13.6119,179.5348
190.2603,22.7972,22.7946,2.666,19.9294,5.8726,19.7218,104.6945,-19.2299,13.6084,179.4927
190.4304,22.7934,22.8026,2.6538,19.926,5.8739,19.7281,104.7244,-19.2225,13.608,179.5118
190.6006,22.8165,22.7989,2.6657,19.9336,5.8747,19.7319,104.7003,-19.2262,13.6344,179.4935
190.7708,22.791,22.7943,2.6631,19.9452,5.8577,19.7422,104.709,-19.2292,13.6262,179.5024
190.9409,22.8097,22.7861,2.6627,19.9336,5.8578,19.7619,104.7043,-19.2295,13.6172,179.4961
191.1111,22.7856,22.793,2.6867,19.939,5.8614,19.7275,104.7022,-19.2201,13.6127,179.5144
191.2813,22.8037,22.7945,2.6714,19.936,5.8899,19.7306,104.7038,-19.2407,13.6104,179.4939
191.4515,22.8029,22.7866,2.6495,19.921,5.8595,19.71,104.7311,-19.2189,13.6329,179.5262
191.6216,22.8033,22.8027,2.677,19.9447,5.8627,19.7327,104.7173,-19.2245,13.6227,179.492
191.7918,22.7953,22.7955,2.6643,19.9462,5.8688,19.7324,104.6958,-19.2361,13.6114,179.5022
191.962,22.7997,22.7976,2.6576,19.9452,5.8629,19.7295,104.7105,-19.2295,13.6238,179.5079
192.1321,22.7924,22.7852,2.6601,19.9554,5.8656,19.7237,104.7175,-19.2354,13.6096,179.507
192.3023,22.7932,22.7942,2.6573,19.9415,5.885,19.7304,104.7099,-19.229,13.618,179.5019
192.4725,22.8079,22.7881,2.6588,19.9476,5.8581,19.7245,104.7115,-19.2292,13.6128,179.52
192.6426,22.6633,22.6581,2.6544,19.9479,5.8567,19.7429,104.9763,-19.2111,13.5948,179.7073
192.8128,22.6476,22.6427,2.6479,19.9185,5.8523,19.7237,104.9926,-19.2261,13.6003,179.7154
192.983,22.6466,22.6259,2.6488,19.9358,5.8673,19.7333,104.9711,-19.2123,13.5918,179.7249
193.1532,22.6372,22.6283,2.6517,19.9367,5.8817,19.7244,104.9851,-19.2037,13.598,179.709
193.3233,22.6478,22.6543,2.6552,19.941,5.876,19.7126,104.9829,-19.2038,13.5895,179.6998
193.4935,22.6402,22.6533,2.6622,19.9543,5.8512,19.7288,104.984,-19.2035,13.6003,179.718
193.6637,22.6307,22.6551,2.6665,19.9486,5.8708,19.7389,104.9863,-19.2113,13.5975,179.6866
193.8338,22.6548,22.6384,2.6584,19.9437,5.8611,19.7236,104.9812,-19.2238,13.5949,179.7128
194.004,22.6482,22.6498,2.6498,19.9607,5.8797,19.7418,104.9908,-19.2211,13.5895,179.71
194.1742,22.6453,22.6502,2.6586,19.9371,5.8767,19.741,104.9817,-19.2014,13.6041,179.7063
194.3443,22.6355,22.6421,2.6445,19.9387,5.8915,19.7442,104.987,-19.2229,13.6022,179.6997
194.5145,22.6399,22.6489,2.6786,19.9249,5.8827,19.7127,104.9956,-19.2174,13.5861,179.7165
194.6847,22.6279,22.6544,2.6527,19.9655,5.8851,19.7463,104.9946,-19.1988,13.5915,179.6993
194.8549,22.6321,22.6567,2.6455,19.9287,5.8754,19.7351,104.9679,-19.2116,13.6113,179.7105
195.025,22.456,22.4506,2.6628,19.9527,5.8876,19.7339,105.2688,-19.186,13.5804,179.9397
195.1952,22.4755,22.4778,2.6795,19.9547,5.8858,19.7336,105.2663,-19.1825,13.56,179.9121
195.3654,22.4732,22.4571,2.667,19.9479,5.8887,19.7275,105.2616,-19.208,13.5768,179.9316
195.5355,22.4436,22.4613,2.6489,19.9366,5.9035,19.7273,105.2704,-19.2052,13.5543,179.9337
195.7057,22.4607,22.4569,2.6542,19.9465,5.8842,19.7226,105.2752,-19.1937,13.5467,179.9192
195.8759,22.4605,22.4595,2.6741,19.9456,5.9044,19.7306,105.2691,-19.1741,13.5751,179.9301
196.046,22.4605,22.4736,2.676,19.9506,5.8891,19.7228,105.2733,-19.1859,13.5626,179.9302
196.2162,22.4707,22.4666,2.6606,19.9387,5.8968,19.7315,105.2761,-19.1652,13.5756,179.9162
196.3864,22.4673,22.4741,2.655,19.9358,5.8918,19.725,105.2574,-19.1949,13.5708,179.9259
196.5566,22.4624,22.4542,2.6526,19.9276,5.892,19.7226,105.2656,-19.1832,13.5513,179.9344
196.7267,22.4515,22.4622,2.6628,19.9406,5.8739,19.7422,105.2673,-19.1689,13.5703,179.9303
196.8969,22.4607,22.462,2.6737,19.9294,5.9018,19.7359,105.2759,-19.1781,13.5684,179.9317
197.0671,22.4608,22.4721,2.648,19.9464,5.883,19.7157,105.265,-19.1827,13.567,179.9288
197.2372,22.4533,22.4545,2.6599,19.9497,5.8997,19.715,105.269,-19.1818,13.5525,179.9177
197.4074,22.4727,22.4514,2.6702,19.9463,5.8989,19.7314,105.2766,-19.1989,13.5695,179.9262
197.5776,22.3618,22.36,2.6524,19.9541,5.9014,19.7594,105.5978,-19.1881,13.5181,180.196
197.7477,22.3674,22.3647,2.6683,19.9427,5.8929,19.7253,105.5963,-19.2043,13.5418,180.2107
197.9179,22.3461,22.3797,2.67,19.9425,5.895,19.7345,105.5998,-19.1848,13.5495,180.1995
198.0881,22.3746,22.3663,2.6563,19.9559,5.9016,19.7528,105.6102,-19.1958,13.5403,180.2037
198.2583,22.3713,22.3696,2.6469,19.9309,5.9,19.7486,105.5883,-19.1788,13.5566,180.1981
198.4284,22.38,22.3681,2.662,19.9305,5.896,19.7487,105.6003,-19.1771,13.554,180.2098
198.5986,22.3536,22.3696,2.6701,19.9241,5.8785,19.7451,105.5882,-19.2,13.5334,180.195
198.7688,22.3572,22.3541,2.6694,19.9517,5.8814,19.713,105.6056,-19.2009,13.5566,180.2133
198.9389,22.3609,22.3839,2.6568,19.9493,5.881,19.7248,105.6032,-19.1898,13.5418,180.2215
199.1091,22.3678,22.373,2.657,19.9238,5.9042,19.7379,105.5996,-19.2028,13.5493,180.2192
199.2793,22.3597,22.356,2.6813,19.94,5.8854,19.73,105.5958,-19.1901,13.5376,180.1955
199.4494,22.3595,22.3533,2.6801,19.9268,5.8969,19.7395,105.5957,-19.198,13.5412,180.2129
199.6196,22.3624,22.3658,2.6443,19.9595,5.8971,19.7328,105.5918,-19.2041,13.5386,180.1985
199.7898,22.3622,22.3744,2.6741,19.9565,5.8956,19.7377,105.5883,-19.2035,13.5138,180.1913
199.96,22.3593,22.3728,2.6616,19.9586,5.8926,19.7179,105.6039,-19.1862,13.5306,180.1833
200.1301,22.3131,22.2973,2.6741,19.9472,5.8748,19.7209,105.8293,-19.1663,13.5209,180.3664
200.3003,22.3155,22.3232,2.6674,19.964,5.8952,19.7289,105.8106,-19.186,13.5273,180.3815
200.4705,22.3053,22.3138,2.6523,19.9542,5.8848,19.7346,105.7985,-19.1803,13.4924,180.3613
200.6406,22.3184,22.3149,2.652,19.9508,5.8917,19.7452,105.8109,-19.1859,13.5224,180.3867
200.8108,22.3086,22.3168,2.6601,19.9376,5.8848,19.7374,105.8103,-19.17,13.5196,180.3722
200.981,22.3251,22.3194,2.6773,19.9509,5.8922,19.7409,105.8196,-19.1788,13.5096,180.36
201.1512,22.3021,22.3258,2.6578,19.9545,5.9011,19.727,105.8101,-19.1737,13.5163,180.3894
201.3213,22.3267,22.3347,2.648,19.967,5.9017,19.7295,105.8012,-19.1854,13.517,180.3706
201.4915,22.3012,22.3173,2.6563,19.9511,5.8891,19.7232,105.8084,-19.1873,13.5254,180.3548
201.6617,22.3146,22.3057,2.6559,19.9686,5.9002,19.7396,105.8129,-19.1918,13.5096,180.3706
201.8318,22.3084,22.3214,2.6606,19.9528,5.9218,19.7565,105.8093,-19.1925,13.5278,180.3586
202.002,22.3108,22.3191,2.6628,19.9263,5.9011,19.7277,105.8077,-19.1758,13.5208,180.3684
202.1722,22.3193,22.3146,2.655,19.946,5.8925,19.7186,105.8156,-19.1595,13.5268,180.3721
202.3423,22.2991,22.3046,2.6767,19.9489,5.9125,19.7435,105.8254,-19.1797,13.5137,180.3568
202.5125,22.1836,22.1922,2.6605,19.9584,5.9146,19.7223,106.207,-19.1376,13.4615,180.6534
202.6827,22.1867,22.1913,2.6756,19.9553,5.8973,19.7356,106.1923,-19.1469,13.4586,180.6427
202.8529,22.1705,22.1896,2.6621,19.9558,5.9167,19.7275,106.1982,-19.1294,13.4703,180.6525
203.023,22.1874,22.2066,2.6593,19.9638,5.9314,19.718,106.2064,-19.1445,13.4536,180.6575
203.1932,22.1988,22.192,2.6684,19.9857,5.9272,19.7218,106.1866,-19.1407,13.4625,180.6513
203.3634,22.175,22.18,2.6617,19.9618,5.9056,19.7413,106.1914,-19.1328,13.4695,180.6661
203.5335,22.1827,22.2148,2.6701,19.973,5.904,19.741,106.2052,-19.1398,13.4441,180.6628
203.7037,22.2007,22.198,2.6772,19.957,5.9283,19.7437,106.2107,-19.142,13.4553,180.6712
203.8739,22.1789,22.2096,2.6496,19.9371,5.9261,19.7381,106.2102,-19.1481,13.4688,180.6543
204.044,22.1867,22.2053,2.6708,19.961,5.905,19.7355,106.1846,-19.1375,13.4606,180.6694
204.2142,22.1939,22.1903,2.6841,19.9525,5.9107,19.7274,106.2076,-19.1524,13.4551,180.6628
204.3844,22.1934,22.1778,2.6654,19.95,5.9038,19.7262,106.1972,-19.1536,13.449,180.67
204.5546,22.1859,22.1986,2.6463,19.9516,5.9188,19.7261,106.1946,-19.1446,13.4653,180.6511
204.7247,22.1958,22.1792,2.6564,19.9685,5.9144,19.7451,106.1854,-19.1467,13.4885,180.6608
204.8949,22.1828,22.1863,2.6674,19.9395,5.9216,19.7335,106.1953,-19.1243,13.4721,180.6498
205.0651,22.0201,22.0236,2.6846,19.9491,5.9257,19.7311,106.2266,-19.1252,13.4706,180.684
205.2352,22.0311,22.0316,2.6633,19.961,5.9139,19.7322,106.2438,-19.1149,13.4499,180.6767
205.4054,22.0255,22.046,2.6505,19.9712,5.944,19.7319,106.2423,-19.1402,13.4481,180.6747
205.5756,22.0422,22.0326,2.6621,19.9582,5.94,19.7172,106.2237,-19.122,13.4499,180.6612
205.7457,22.0433,22.0295,2.6701,19.9623,5.9082,19.7297,106.2431,-19.1198,13.4448,180.6749
205.9159,22.0372,22.0244,2.654,19.9641,5.9275,19.7352,106.2248,-19.1143,13.4502,180.6872
206.0861,22.0185,22.0456,2.6654,19.9997,5.92,19.7408,106.2354,-19.1274,13.4646,180.6779
206.2563,22.0266,22.0362,2.6602,19.9684,5.9167,19.7354,106.2165,-19.1266,13.4805,180.6647
206.4264,22.0458,22.0391,2.6532,19.967,5.9383,19.7257,106.2215,-19.114,13.4583,180.6828
206.5966,22.0211,22.0228,2.6433,19.9735,5.9229,19.7213,106.2211,-19.1157,13.4615,180.6695
206.7668,22.0446,22.0469,2.6499,19.9774,5.9477,19.7262,106.2212,-19.1188,13.4597,180.674
206.9369,22.0296,22.0292,2.6471,19.9593,5.9203,19.7258,106.2291,-19.1356,13.4517,180.6665
207.1071,22.0276,22.0289,2.6528,19.9772,5.9102,19.7402,106.2148,-19.1231,13.4675,180.6834
207.2773,22.0385,22.029,2.6449,19.9622,5.9401,19.7421,106.2196,-19.1182,13.4613,180.6719
207.4474,22.0316,22.0331,2.6431,19.9767,5.9081,19.7151,106.223,-19.1232,13.44,180.6765
207.6176,21.7187,21.6958,2.6615,19.9547,5.9411,19.7136,105.9597,-19.1146,13.4995,180.4551
207.7878,21.7214,21.7196,2.6721,19.9506,5.9272,19.7167,105.9734,-19.1184,13.4921,180.4504
207.958,21.7314,21.7318,2.6841,19.9743,5.9291,19.7187,105.951,-19.1127,13.4925,180.4455
208.1281,21.7127,21.7166,2.6443,19.9951,5.9262,19.7212,105.9657,-19.1044,13.4972,180.4566
208.2983,21.7263,21.7252,2.6645,19.9578,5.9082,19.7408,105.9565,-19.1332,13.4851,180.449
208.4685,21.716,21.695,2.6731,19.975,5.9339,19.7256,105.9711,-19.1302,13.4943,180.4613
208.6386,21.7168,21.7143,2.669,19.9726,5.9278,19.7072,105.96,-19.1184,13.5,180.4424
208.8088,21.7244,21.743,2.6691,19.9675,5.9005,19.7224,105.9724,-19.1225,13.4823,180.454
208.979,21.7208,21.7175,2.6677,19.9642,5.9375,19.7057,105.9779,-19.1022,13.5064,180.459
209.1491,21.7192,21.7312,2.6655,19.9618,5.9175,19.7176,105.9594,-19.1313,13.5001,180.4485
209.3193,21.7329,21.7055,2.6711,19.9686,5.924,19.7237,105.9679,-19.1216,13.4918,180.4598
209.4895,21.7174,21.7246,2.6656,19.9771,5.9424,19.7074,105.9481,-19.1397,13.5002,180.4494
209.6597,21.7329,21.7338,2.6694,19.9683,5.9283,19.7407,105.9661,-19.1302,13.4906,180.4477
209.8298,21.7254,21.7272,2.6564,19.9701,5.9135,19.7301,105.9571,-19.1164,13.4898,180.4579
210.0,21.721,21.7296,2.6527,19.9743,5.9181,19.7017,105.9757,-19.1174,13.4917,180.4532
