cv eesrv value,ppasys,ppadia,ppcw,ppaavg,caSys_BE,cor,svl,col,bgDO2,paosys
0.04,9.1816,5.7711,4.6962,6.4518,-1.3452,3.1898,53.3826,3.1882,1111.9398,122.5479
0.045,9.1804,5.7733,4.6917,6.4462,-1.3426,3.1988,53.3841,3.1949,1111.9385,122.5428
0.0499,9.1883,5.7605,4.6915,6.4455,-1.3395,3.1975,53.3903,3.2016,1111.641,122.5446
0.0549,9.1769,5.7706,4.6903,6.4435,-1.3402,3.1926,53.3853,3.2046,1111.6533,122.5457
0.0599,9.192,5.7692,4.7016,6.4481,-1.3443,3.1996,53.3817,3.1977,1111.6421,122.5463
0.0648,9.1882,5.7665,4.6893,6.4519,-1.347,3.1945,53.3831,3.1994,1111.6486,122.5344
0.0698,9.1849,5.7726,4.701,6.4595,-1.3457,3.1969,53.3926,3.2028,1111.6578,122.5503
0.0748,9.2396,5.7309,4.773,6.5361,-1.3353,3.2158,53.7174,3.2175,1115.0198,122.933
0.0797,9.391,5.6266,5.0026,6.7966,-1.3217,3.2752,54.7076,3.2755,1125.1816,124.0779
0.0847,9.3972,5.6279,5.0023,6.7914,-1.33,3.2736,54.7091,3.2751,1125.1731,124.0708
0.0896,9.4039,5.627,5.0027,6.7966,-1.3234,3.2859,54.7129,3.2774,1125.1744,124.0712
0.0946,9.4032,5.6251,5.0044,6.7967,-1.3125,3.2672,54.7199,3.2813,1125.176,124.0759
0.0996,9.5772,5.6188,5.0774,6.8695,-1.3206,3.2855,54.9832,3.2896,1127.9135,124.3927
0.1045,10.0653,5.6287,5.2523,7.075,-1.3076,3.3334,55.7514,3.3381,1135.6127,125.2633
0.1095,10.0522,5.626,5.2496,7.0737,-1.3211,3.3413,55.746,3.3344,1135.6084,125.2528
0.1145,10.0633,5.6181,5.2559,7.082,-1.3152,3.3323,55.7456,3.3433,1135.5978,125.2618
0.1194,10.0662,5.6159,5.2529,7.084,-1.3158,3.326,55.7474,3.3279,1135.6009,125.2611
0.1244,10.1082,5.6358,5.2797,7.0989,-1.3201,3.3412,55.831,3.3435,1136.4822,125.3544
0.1294,11.7561,5.7769,5.7403,7.6394,-1.2928,3.4553,57.6809,3.4533,1155.0577,127.4756
0.1343,11.765,5.775,5.7356,7.6278,-1.3049,3.455,57.6891,3.4509,1155.057,127.4732
0.1393,11.7596,5.7668,5.748,7.6232,-1.2997,3.4599,57.6952,3.4566,1155.0504,127.4686
0.1443,11.7551,5.7706,5.7386,7.6258,-1.2986,3.456,57.6938,3.4508,1155.0602,127.4758
0.1492,11.7582,5.7802,5.7463,7.6319,-1.2968,3.4568,57.6891,3.4507,1155.051,127.4724
0.1542,12.8123,6.002,6.0664,8.0005,-1.2858,3.529,58.9006,3.528,1167.1075,128.8336
0.1592,12.8095,5.9899,6.0713,8.0056,-1.2842,3.5252,58.9088,3.5302,1167.0987,128.8445
0.1641,12.8078,5.993,6.0791,7.9969,-1.291,3.5202,58.9023,3.5307,1167.1113,128.8407
0.1691,12.8125,5.9906,6.0712,7.9936,-1.2926,3.5297,58.9022,3.5257,1167.107,128.8465
0.1741,12.8136,5.9887,6.0713,7.9975,-1.2939,3.5258,58.8991,3.5229,1167.1033,128.8323
0.179,13.8501,6.3756,6.4479,8.4202,-1.2791,3.6028,60.1883,3.6085,1179.8438,130.2599
0.184,13.8413,6.3845,6.4449,8.4201,-1.27,3.592,60.189,3.6121,1179.8472,130.268
0.1889,13.8439,6.3804,6.4452,8.4287,-1.2789,3.6084,60.1761,3.5993,1179.8507,130.2663
0.1939,13.8374,6.3785,6.4486,8.4283,-1.2827,3.6169,60.1876,3.6045,1179.8538,130.2616
0.1989,13.8451,6.3753,6.4416,8.4074,-1.2817,3.6009,60.1807,3.6004,1179.8481,130.259
0.2038,14.2489,6.5009,6.5994,8.5786,-1.2858,3.6214,60.6327,3.6419,1184.3766,130.7693
0.2088,14.2423,6.5005,6.5903,8.5877,-1.2807,3.628,60.6315,3.6261,1184.3812,130.7566
0.2138,14.2465,6.4927,6.5919,8.5718,-1.2816,3.6243,60.6377,3.6358,1184.378,130.7672
0.2187,14.2473,6.4933,6.5802,8.5865,-1.2773,3.627,60.6421,3.6289,1184.3746,130.7661
0.2237,14.2611,6.5006,6.5925,8.5735,-1.2712,3.6392,60.6373,3.6326,1184.3725,130.7669
0.2287,15.3029,6.9172,7.0082,9.0304,-1.2705,3.7004,61.8253,3.6972,1196.3232,132.0806
0.2336,15.3147,6.9258,7.0056,9.0275,-1.274,3.6971,61.8416,3.71,1196.33,132.0665
0.2386,15.3117,6.9159,7.0042,9.0301,-1.278,3.703,61.8253,3.6923,1196.3288,132.0693
0.2436,15.3088,6.9178,7.0117,9.0298,-1.2795,3.702,61.8398,3.7095,1196.3321,132.0845
0.2485,15.3058,6.9208,7.0073,9.0244,-1.2758,3.6969,61.8331,3.7043,1196.3361,132.0698
0.2535,17.3797,7.7774,7.8516,9.9494,-1.2747,3.8331,64.061,3.8282,1218.5494,134.4597
0.2585,17.3807,7.7727,7.8493,9.952,-1.2679,3.8347,64.0622,3.8372,1218.5491,134.4642
0.2634,17.3816,7.7673,7.85,9.9506,-1.27,3.8276,64.0615,3.8412,1218.552,134.4684
0.2684,17.3784,7.7719,7.8512,9.9557,-1.2768,3.8417,64.0634,3.8347,1218.5472,134.464
0.2734,17.3759,7.7724,7.8561,9.9574,-1.2734,3.8274,64.0592,3.8463,1218.5465,134.4746
0.2783,18.616,8.288,8.3725,10.5001,-1.2631,3.9112,65.4029,3.9118,1231.8967,135.9081
0.2833,18.6168,8.2872,8.3668,10.5083,-1.2585,3.9201,65.4212,3.9101,1231.9031,135.9228
0.2882,18.6146,8.3044,8.3665,10.5084,-1.2649,3.9195,65.4183,3.9086,1231.8991,135.9143
0.2932,18.6105,8.278,8.373,10.5194,-1.2738,3.9124,65.404,3.9094,1231.8918,135.9129
0.2982,18.6249,8.2908,8.3697,10.5114,-1.2599,3.9185,65.4055,3.9226,1231.8907,135.9146
0.3031,19.8901,8.852,8.9188,11.1063,-1.2632,3.998,66.7249,4.0005,1244.9259,137.2973
0.3081,19.8903,8.8583,8.9312,11.1069,-1.2684,3.9916,66.7282,3.9947,1244.9258,137.2936
0.3131,19.8878,8.8458,8.9247,11.1076,-1.2641,4.0094,66.7175,3.9952,1244.9327,137.308
0.318,19.8792,8.8562,8.9154,11.112,-1.2617,3.9999,66.7194,3.9872,1244.9282,137.2894
0.323,19.8838,8.8562,8.9183,11.0988,-1.2596,4.0006,66.7238,4.0072,1244.9213,137.2953
0.328,20.4123,9.0894,9.1632,11.3651,-1.2667,4.0305,67.2614,4.0199,1250.339,137.8683
0.3329,20.4306,9.097,9.1533,11.3564,-1.2607,4.0219,67.2639,4.0311,1250.3427,137.8698
0.3379,20.4259,9.0924,9.1535,11.3636,-1.2679,4.0287,67.2637,4.0251,1250.3346,137.8674
0.3429,20.4183,9.0921,9.1567,11.3654,-1.2649,4.0243,67.2633,4.022,1250.3392,137.8761
0.3478,20.4139,9.0865,9.1591,11.3656,-1.2731,4.024,67.2761,4.0308,1250.3371,137.8695
0.3528,21.7817,9.7321,9.8065,12.0516,-1.2571,4.1093,68.6221,4.1086,1263.6488,139.2733
0.3578,21.782,9.733,9.8081,12.0513,-1.2637,4.1016,68.623,4.112,1263.651,139.2638
0.3627,21.7851,9.7295,9.8016,12.0502,-1.2547,4.1095,68.6264,4.1093,1263.6552,139.2804
0.3677,21.7793,9.7423,9.808,12.0513,-1.2673,4.1164,68.6237,4.1019,1263.6598,139.2652
0.3727,21.7799,9.7254,9.8042,12.05,-1.2613,4.1138,68.6203,4.1107,1263.6539,139.2693
0.3776,22.2544,9.9627,10.0374,12.2991,-1.2538,4.134,69.0667,4.1414,1268.1257,139.7308
0.3826,22.2617,9.9556,10.0362,12.2951,-1.2536,4.1272,69.069,4.1305,1268.1172,139.7261
0.3875,22.2663,9.9699,10.035,12.2885,-1.2511,4.1384,69.0646,4.1322,1268.1195,139.7362
0.3925,22.2591,9.9565,10.0472,12.2959,-1.2614,4.1342,69.0678,4.1378,1268.1216,139.7294
0.3975,22.2634,9.9622,10.0426,12.2942,-1.2653,4.1361,69.0683,4.1464,1268.1228,139.7321
0.4024,22.6575,10.1458,10.2167,12.5001,-1.257,4.1629,69.4322,4.1624,1271.6673,140.0914
0.4074,22.6606,10.1557,10.2309,12.4946,-1.2503,4.1521,69.4325,4.1502,1271.6555,140.0802
0.4124,22.6631,10.1514,10.2313,12.498,-1.2503,4.1635,69.427,4.161,1271.6522,140.0882
0.4173,22.6494,10.1482,10.225,12.5046,-1.259,4.157,69.4258,4.1515,1271.664,140.0891
0.4223,22.6579,10.158,10.2287,12.5023,-1.2564,4.1639,69.4332,4.1697,1271.6646,140.1008
0.4273,23.2707,10.4318,10.5129,12.8163,-1.2415,4.1941,69.9452,4.1901,1276.9224,140.6276
0.4322,23.2755,10.4388,10.5138,12.8064,-1.2555,4.1933,69.9437,4.1805,1276.918,140.6222
0.4372,23.2667,10.4471,10.5127,12.8051,-1.2478,4.19,69.96,4.191,1276.9264,140.6202
0.4422,23.2742,10.4338,10.5131,12.8097,-1.2622,4.1875,69.964,4.1879,1276.9267,140.6142
0.4471,23.2828,10.4396,10.522,12.8071,-1.2525,4.1815,69.9563,4.1808,1276.9204,140.6252
0.4521,23.6395,10.616,10.6912,12.9979,-1.2519,4.2116,70.2539,4.2127,1279.9012,140.9305
0.4571,23.6448,10.6093,10.6906,12.9932,-1.2442,4.2039,70.2502,4.1971,1279.8882,140.9266
0.462,23.6427,10.6109,10.6881,12.9928,-1.253,4.2111,70.2578,4.1945,1279.8967,140.9189
0.467,23.6518,10.621,10.6932,12.9948,-1.2365,4.2046,70.2532,4.2067,1279.8913,140.928
0.472,23.6379,10.6053,10.6904,12.9857,-1.2455,4.1976,70.2596,4.2097,1279.9027,140.9204
0.4769,24.0521,10.8041,10.8792,13.1867,-1.2494,4.231,70.5729,4.2255,1282.9738,141.2421
0.4819,24.0538,10.8031,10.8819,13.1948,-1.2407,4.2188,70.573,4.2265,1282.9765,141.2327
0.4868,24.0517,10.7894,10.884,13.1964,-1.2528,4.2273,70.5623,4.2384,1282.9807,141.2375
0.4918,24.1295,10.8387,10.9116,13.2179,-1.2523,4.2308,70.639,4.237,1283.5671,141.2972
0.4968,24.1319,10.8383,10.9132,13.2241,-1.2411,4.2328,70.6273,4.224,1283.5783,141.305
0.5017,24.4706,10.99,11.075,13.3903,-1.2474,4.2428,70.8881,4.2455,1286.0723,141.5595
0.5067,24.4786,10.9831,11.0674,13.3914,-1.2455,4.2407,70.8912,4.2418,1286.0775,141.5625
0.5117,24.474,10.9945,11.0652,13.3898,-1.2466,4.2411,70.8919,4.2412,1286.0743,141.5626
0.5166,24.4749,10.9927,11.0717,13.3916,-1.243,4.2502,70.8977,4.2487,1286.074,141.5631
0.5216,24.4828,10.9917,11.0695,13.3967,-1.2414,4.2425,70.9002,4.2349,1286.0735,141.5671
0.5266,25.0497,11.2338,11.3248,13.6544,-1.2486,4.2717,71.2906,4.267,1289.8836,141.9454
0.5315,25.0423,11.2311,11.3144,13.6465,-1.2468,4.2653,71.2945,4.2659,1289.8692,141.9603
0.5365,25.0417,11.2269,11.3158,13.6486,-1.2424,4.2561,71.2982,4.2655,1289.8725,141.954
0.5415,25.0405,11.2344,11.3183,13.6434,-1.2481,4.2744,71.2909,4.266,1289.8744,141.9589
0.5464,25.0293,11.2307,11.3174,13.6548,-1.2474,4.2727,71.2923,4.2811,1289.8731,141.9461
0.5514,25.2331,11.3132,11.4005,13.7305,-1.2464,4.2749,71.4245,4.2782,1291.2078,142.0874
0.5564,25.2314,11.3075,11.4001,13.7355,-1.2619,4.2784,71.4236,4.2797,1291.2073,142.0806
0.5613,25.3839,11.3692,11.4652,13.806,-1.2481,4.2834,71.5183,4.2792,1292.1298,142.1845
0.5663,25.4536,11.3969,11.4834,13.8368,-1.2459,4.2883,71.5707,4.2879,1292.5867,142.2296
0.5713,25.4582,11.3974,11.4941,13.84,-1.2477,4.2899,71.5739,4.2898,1292.5804,142.2214
0.5762,25.7455,11.5126,11.6069,13.9519,-1.2494,4.291,71.7512,4.296,1294.5924,142.4121
0.5812,25.7406,11.5222,11.6094,13.9561,-1.2452,4.2983,71.7529,4.2963,1294.5886,142.3982
0.5861,25.9168,11.5916,11.6751,14.0294,-1.2477,4.2977,71.8579,4.2988,1295.6408,142.5136
0.5911,25.9522,11.6118,11.6917,14.0557,-1.2508,4.3015,71.8886,4.2952,1295.9592,142.5397
0.5961,25.9548,11.5998,11.7017,14.055,-1.2486,4.3041,71.8897,4.3112,1295.9662,142.5475
0.601,25.9483,11.6087,11.7028,14.0533,-1.2563,4.3093,71.8825,4.3054,1295.9622,142.5434
0.606,25.9554,11.6012,11.7029,14.0625,-1.2538,4.3106,71.9031,4.3035,1295.9576,142.5407
0.611,26.0622,11.6574,11.7436,14.0981,-1.2529,4.308,71.9498,4.3101,1296.4733,142.6057
0.6159,26.1295,11.6639,11.7677,14.1276,-1.2587,4.3071,71.9959,4.311,1296.8956,142.6421
0.6209,26.13,11.6719,11.7744,14.1261,-1.2579,4.2985,71.9873,4.3087,1296.8845,142.6424
0.6259,26.1258,11.681,11.7614,14.1294,-1.2599,4.3096,71.9964,4.3157,1296.8991,142.6455
0.6308,26.1306,11.6688,11.7662,14.1233,-1.2698,4.3178,71.9913,4.3117,1296.8889,142.6479
0.6358,26.1439,11.6861,11.7711,14.141,-1.2589,4.3097,72.0042,4.3135,1297.0165,142.6493
0.6408,26.3456,11.7625,11.8529,14.2147,-1.2529,4.3147,72.113,4.3151,1298.1031,142.7618
0.6457,26.3447,11.7592,11.8561,14.2178,-1.2663,4.3088,72.1203,4.3207,1298.1022,142.7605
0.6507,26.6488,11.8653,11.9704,14.3362,-1.2505,4.3289,72.2895,4.3237,1299.8443,142.9367
0.6557,26.646,11.8734,11.9735,14.3325,-1.2658,4.3208,72.2911,4.3329,1299.8252,142.9315
0.6606,26.845,11.9485,12.0392,14.4106,-1.2608,4.3375,72.401,4.3397,1300.9537,143.0253
0.6656,26.8478,11.9382,12.0396,14.4164,-1.2596,4.3434,72.4034,4.3368,1300.9546,143.0459
0.6706,26.8647,11.9561,12.0404,14.4228,-1.2592,4.3325,72.4056,4.3393,1301.0828,143.0543
0.6755,26.8563,11.9556,12.0491,14.4166,-1.2518,4.3323,72.3992,4.3376,1301.0864,143.0513
0.6805,26.8583,11.9526,12.0451,14.4276,-1.2601,4.3299,72.4227,4.3376,1301.0797,143.0496
0.6854,26.9039,11.9713,12.0715,14.4313,-1.2532,4.3336,72.4405,4.3356,1301.3308,143.0763
0.6904,27.0022,12.0106,12.1074,14.4788,-1.2524,4.3423,72.4866,4.3418,1301.9214,143.1258
0.6954,27.0006,12.0013,12.1002,14.469,-1.2519,4.3389,72.4938,4.3314,1301.9252,143.134
0.7003,27.0881,12.0341,12.1314,14.512,-1.2481,4.3485,72.5295,4.3417,1302.3447,143.1764
0.7053,27.0911,12.0335,12.134,14.5091,-1.249,4.3423,72.5254,4.3382,1302.3467,143.1623
0.7103,27.2352,12.0798,12.1797,14.567,-1.2611,4.3561,72.593,4.3507,1302.9806,143.2339
0.7152,27.2487,12.0864,12.1827,14.5661,-1.2509,4.3568,72.6187,4.3628,1303.1223,143.2545
0.7202,27.2517,12.1018,12.1885,14.5769,-1.2567,4.3384,72.6115,4.3442,1303.1173,143.2494
0.7252,27.348,12.1237,12.2218,14.6002,-1.2624,4.3458,72.6648,4.355,1303.6304,143.2943
0.7301,27.3384,12.1242,12.2212,14.606,-1.2518,4.3529,72.6527,4.3482,1303.6387,143.2983
0.7351,27.4809,12.1751,12.263,14.648,-1.2573,4.3548,72.7366,4.3517,1304.5398,143.3617
0.7401,27.4959,12.1784,12.2816,14.6587,-1.2536,4.3546,72.732,4.3513,1304.6068,143.3664
0.745,27.4922,12.1668,12.2687,14.6587,-1.2565,4.3591,72.7356,4.3518,1304.6024,143.3731
0.75,27.4983,12.1707,12.2755,14.6543,-1.2564,4.3637,72.7361,4.3525,1304.6011,143.365
0.755,27.5467,12.1882,12.2923,14.6712,-1.2592,4.3594,72.7614,4.3584,1304.8688,143.3973
0.7599,27.5518,12.1974,12.2949,14.678,-1.2514,4.3638,72.7656,4.3524,1304.8811,143.3888
0.7649,27.6126,12.2141,12.3228,14.7012,-1.2647,4.3586,72.7898,4.3563,1305.3232,143.4245
0.7698,27.6124,12.2195,12.3128,14.7086,-1.2488,4.3552,72.7998,4.3588,1305.3267,143.4407
0.7748,27.6188,12.2161,12.3172,14.7025,-1.2521,4.3677,72.7957,4.3573,1305.3242,143.4298
0.7798,27.8237,12.2807,12.3888,14.7795,-1.2503,4.3677,72.8901,4.3636,1306.3976,143.5288
0.7847,27.8263,12.2773,12.3865,14.7743,-1.2567,4.3674,72.8954,4.3572,1306.4019,143.5307
0.7897,27.8405,12.2839,12.3902,14.7764,-1.2533,4.3624,72.9001,4.3662,1306.3975,143.5217
0.7947,27.8308,12.2818,12.3833,14.7823,-1.252,4.3576,72.8981,4.3675,1306.3932,143.5364
0.7996,27.8312,12.29,12.3869,14.7764,-1.2619,4.3551,72.8942,4.3671,1306.3949,143.5295
0.8046,27.8943,12.3016,12.4155,14.8001,-1.2553,4.3699,72.9137,4.3721,1306.6569,143.5526
0.8096,27.8911,12.2967,12.41,14.7894,-1.2557,4.3685,72.9223,4.3703,1306.6554,143.5593
0.8145,27.9749,12.3317,12.4393,14.8327,-1.2502,4.3697,72.9585,4.3751,1307.1163,143.5947
0.8195,27.9853,12.3332,12.4378,14.8286,-1.2581,4.3659,72.9643,4.3733,1307.106,143.6048
0.8245,27.9872,12.3332,12.4294,14.8209,-1.2572,4.3659,72.9655,4.3668,1307.1123,143.61
0.8294,28.2807,12.4316,12.5384,14.9308,-1.2515,4.3768,73.0971,4.373,1308.4036,143.7299
0.8344,28.2882,12.4193,12.5315,14.9229,-1.2589,4.3736,73.106,4.383,1308.3994,143.7262
0.8394,28.3243,12.4339,12.5443,14.9411,-1.2511,4.3731,73.1219,4.3729,1308.576,143.7418
0.8443,28.3339,12.4325,12.5496,14.9469,-1.2494,4.3814,73.1181,4.3734,1308.5634,143.7455
0.8493,28.331,12.4418,12.5397,14.9418,-1.2447,4.3826,73.1141,4.376,1308.5812,143.747
0.8543,28.7615,12.5732,12.6831,15.0861,-1.2548,4.3873,73.2994,4.3919,1310.2143,143.9118
0.8592,28.7626,12.5765,12.6764,15.0792,-1.2548,4.3875,73.3037,4.3839,1310.2098,143.9302
0.8642,28.7621,12.5636,12.6794,15.0905,-1.2566,4.388,73.2928,4.3859,1310.2033,143.93
0.8691,28.7554,12.5665,12.6856,15.0852,-1.253,4.3796,73.3012,4.3874,1310.1984,143.9111
0.8741,28.7639,12.5655,12.6636,15.0722,-1.2507,4.3916,73.295,4.3911,1310.2126,143.9171
0.8791,28.9711,12.6287,12.7428,15.1461,-1.2544,4.4002,73.3809,4.3903,1310.9677,144.002
0.884,28.977,12.6295,12.7499,15.1533,-1.2498,4.4014,73.3822,4.3944,1310.9669,144.0085
0.889,28.9672,12.6318,12.7378,15.1514,-1.2514,4.3976,73.3918,4.3988,1310.9644,144.0025
0.894,28.9761,12.6276,12.7435,15.1376,-1.2482,4.3863,73.3859,4.3918,1310.9615,143.9955
0.8989,28.9717,12.6325,12.7412,15.1486,-1.2553,4.397,73.396,4.403,1310.9657,144.0037
0.9039,29.0038,12.6417,12.7564,15.164,-1.2579,4.3896,73.3997,4.3983,1311.0784,144.018
0.9089,29.0081,12.6404,12.7507,15.1526,-1.2502,4.3959,73.3944,4.3838,1311.0753,144.0196
0.9138,28.9995,12.6356,12.7448,15.1598,-1.2607,4.3908,73.3972,4.3944,1311.0739,144.0163
0.9188,28.9988,12.639,12.7605,15.1628,-1.2561,4.3957,73.4032,4.396,1311.0758,144.0181
0.9238,29.0011,12.6235,12.7546,15.1573,-1.252,4.4037,73.4054,4.392,1311.0692,144.0218
0.9287,29.1933,12.6914,12.8175,15.2138,-1.2591,4.4069,73.4747,4.4101,1311.6618,144.0848
0.9337,29.1869,12.6869,12.8137,15.2111,-1.2606,4.3944,73.4648,4.3988,1311.6522,144.0956
0.9387,29.1953,12.6895,12.8026,15.2167,-1.2531,4.3972,73.4693,4.3937,1311.6521,144.085
0.9436,29.1937,12.6816,12.8009,15.2128,-1.2575,4.3991,73.4744,4.3952,1311.6551,144.0821
0.9486,29.1925,12.6866,12.8078,15.2119,-1.2567,4.3933,73.4673,4.393,1311.6513,144.0893
0.9536,29.3026,12.723,12.8244,15.2441,-1.2579,4.3984,73.5093,4.4011,1311.9961,144.1242
0.9585,29.3013,12.7125,12.8401,15.2396,-1.2513,4.407,73.5157,4.4052,1311.9904,144.1223
0.9635,29.2949,12.7229,12.8353,15.2504,-1.2478,4.4004,73.5053,4.4045,1311.9927,144.1241
0.9684,29.3053,12.7179,12.8376,15.2584,-1.258,4.3972,73.5088,4.4046,1311.9963,144.1204
0.9734,29.3079,12.7199,12.8403,15.2499,-1.2526,4.3969,73.5091,4.4026,1311.9892,144.1317
0.9784,29.4896,12.77,12.8918,15.2913,-1.2564,4.4128,73.5756,4.4024,1312.5609,144.1794
0.9833,29.4935,12.7757,12.8915,15.2975,-1.2538,4.4067,73.5815,4.4141,1312.5633,144.1877
0.9883,29.4896,12.7678,12.8856,15.2941,-1.2519,4.417,73.581,4.4059,1312.5624,144.1893
0.9933,29.4914,12.7743,12.8884,15.2946,-1.2549,4.404,73.594,4.4059,1312.5513,144.1915
0.9982,29.4929,12.7703,12.8888,15.2973,-1.2567,4.4051,73.5847,4.396,1312.5627,144.1917
1.0032,29.6502,12.802,12.9266,15.3424,-1.2574,4.4122,73.633,4.4119,1313.051,144.2386
1.0082,29.6429,12.8148,12.9332,15.3439,-1.2492,4.4154,73.631,4.4119,1313.0613,144.2395
1.0131,29.6457,12.8024,12.9321,15.3405,-1.2496,4.4011,73.6307,4.4173,1313.0607,144.2377
1.0181,29.6435,12.8125,12.9246,15.3472,-1.2479,4.4044,73.6353,4.4063,1313.0574,144.2451
1.0231,29.6436,12.8085,12.9275,15.3456,-1.2555,4.398,73.6293,4.4135,1313.0473,144.2376
1.028,29.8371,12.8482,12.9832,15.3901,-1.2544,4.4105,73.692,4.4102,1313.6397,144.3021
1.033,29.8254,12.8596,12.9745,15.3795,-1.2519,4.4068,73.7038,4.4052,1313.634,144.3147
1.038,29.8303,12.8479,12.9786,15.3923,-1.2523,4.4234,73.6976,4.4184,1313.6502,144.3053
1.0429,29.8411,12.8553,12.9823,15.3895,-1.2527,4.4063,73.7045,4.4116,1313.6488,144.2996
1.0479,29.8379,12.855,12.9757,15.3877,-1.2549,4.4126,73.6874,4.4148,1313.6339,144.3033
1.0529,30.0748,12.9039,13.0388,15.4596,-1.2493,4.4251,73.779,4.4192,1314.4671,144.3813
1.0578,30.0856,12.9133,13.034,15.4608,-1.2524,4.4165,73.7776,4.4184,1314.4584,144.3898
1.0628,30.0788,12.9015,13.0423,15.455,-1.2524,4.4166,73.7858,4.4191,1314.4602,144.3791
1.0677,30.0817,12.913,13.0451,15.4574,-1.256,4.4163,73.7791,4.4153,1314.4549,144.382
1.0727,30.0901,12.9119,13.0427,15.4548,-1.2583,4.4138,73.7754,4.4164,1314.4546,144.3848
1.0777,30.2494,12.9511,13.0774,15.5047,-1.2526,4.4264,73.8227,4.4267,1314.9968,144.4293
1.0826,30.241,12.954,13.0778,15.5009,-1.2473,4.4205,73.8412,4.4123,1315.0012,144.4275
1.0876,30.2421,12.9453,13.0648,15.5058,-1.2547,4.4246,73.835,4.4197,1315.0091,144.4374
1.0926,30.2479,12.947,13.0674,15.5051,-1.2538,4.4266,73.8251,4.4256,1315.0111,144.4286
1.0975,30.2551,12.9524,13.0932,15.4976,-1.2572,4.4182,73.8308,4.4267,1315.0069,144.4304
1.1025,30.4946,13.0079,13.1375,15.5628,-1.2589,4.4221,73.923,4.4313,1315.8677,144.5113
1.1075,30.5054,13.0088,13.14,15.5586,-1.2481,4.4211,73.9085,4.4225,1315.8581,144.5067
1.1124,30.5037,13.0145,13.1485,15.5622,-1.2546,4.4234,73.9124,4.421,1315.8613,144.5096
1.1174,30.5091,13.0116,13.1364,15.5603,-1.2584,4.4308,73.9133,4.4155,1315.8701,144.5131
1.1224,30.5024,13.0121,13.1335,15.5624,-1.2544,4.425,73.9145,4.4231,1315.8675,144.5051
1.1273,30.5283,13.014,13.1418,15.5638,-1.2516,4.4199,73.9194,4.4266,1315.9222,144.5135
1.1323,30.5185,13.0127,13.1493,15.5595,-1.2579,4.4149,73.9216,4.4235,1315.9335,144.5139
1.1373,30.5289,13.0172,13.1315,15.5692,-1.249,4.4307,73.9253,4.4218,1315.9369,144.5115
1.1422,30.5275,13.016,13.1475,15.5721,-1.2539,4.4268,73.9206,4.4293,1315.9431,144.5255
1.1472,30.5273,13.0155,13.1461,15.5742,-1.2555,4.4225,73.9163,4.4269,1315.9341,144.5185
1.1522,30.8084,13.0748,13.2146,15.6331,-1.2542,4.4333,74.0059,4.4388,1316.9488,144.6004
1.1571,30.8093,13.0813,13.2152,15.638,-1.2494,4.4335,74.0093,4.4363,1316.9576,144.5926
1.1621,30.8163,13.0818,13.2091,15.6323,-1.2496,4.4314,73.9937,4.4308,1316.9489,144.5924
1.167,30.8202,13.0782,13.2072,15.6405,-1.244,4.4229,73.9995,4.4435,1316.9499,144.5964
1.172,30.8042,13.0737,13.2129,15.6317,-1.2517,4.4299,74.0058,4.4331,1316.9587,144.6007
1.177,30.8072,13.075,13.2125,15.619,-1.2553,4.4257,73.9983,4.4367,1316.9539,144.5918
1.1819,30.8067,13.0681,13.2055,15.638,-1.2521,4.4311,74.0059,4.4349,1316.9495,144.5989
1.1869,30.81,13.0776,13.2071,15.6317,-1.2518,4.4384,74.0025,4.4307,1316.9558,144.6017
1.1919,30.8162,13.0672,13.2067,15.6374,-1.2477,4.4336,74.0131,4.4287,1316.9476,144.5947
1.1968,30.81,13.0851,13.2129,15.6328,-1.2452,4.4347,74.0103,4.426,1316.9485,144.5892
1.2018,30.9879,13.1136,13.2487,15.6725,-1.2456,4.4378,74.0556,4.435,1317.4231,144.6471
1.2068,30.9806,13.1055,13.2488,15.6711,-1.2511,4.4405,74.0451,4.4361,1317.4204,144.6429
1.2117,30.9895,13.104,13.2392,15.6776,-1.2522,4.4345,74.0573,4.4259,1317.4273,144.6499
1.2167,30.9824,13.1147,13.2395,15.6763,-1.2558,4.4417,74.0531,4.4258,1317.4281,144.6472
1.2217,30.9894,13.1212,13.2464,15.6769,-1.2525,4.4303,74.0469,4.4276,1317.4209,144.6466
1.2266,30.9937,13.1187,13.2431,15.6738,-1.2518,4.4307,74.0441,4.4359,1317.4262,144.6432
1.2316,30.9905,13.1187,13.2441,15.6661,-1.2524,4.4344,74.0547,4.4406,1317.4169,144.6459
1.2366,30.9788,13.1186,13.2593,15.6717,-1.2513,4.4322,74.0561,4.4405,1317.4234,144.6529
1.2415,30.9913,13.1146,13.2457,15.6767,-1.2589,4.4345,74.0439,4.4375,1317.4156,144.6392
1.2465,30.9873,13.1156,13.2485,15.6699,-1.2526,4.4334,74.0428,4.4313,1317.4202,144.6495
1.2515,31.2497,13.1559,13.3084,15.7358,-1.2525,4.4346,74.112,4.4461,1317.8746,144.7025
1.2564,31.2518,13.1583,13.2965,15.7352,-1.2525,4.4488,74.1273,4.4378,1317.8515,144.7053
1.2614,31.2546,13.1667,13.301,15.7324,-1.2529,4.4443,74.1209,4.4381,1317.8587,144.7113
1.2663,31.2534,13.1611,13.3137,15.7316,-1.2582,4.4413,74.1261,4.4326,1317.8545,144.7093
1.2713,31.2553,13.1604,13.3077,15.7303,-1.2568,4.4355,74.1199,4.4381,1317.8526,144.7069
1.2763,31.2542,13.1647,13.2943,15.7308,-1.2526,4.4323,74.1148,4.4352,1317.8476,144.7142
1.2812,31.2525,13.1551,13.2977,15.729,-1.259,4.4343,74.1257,4.4385,1317.8491,144.7095
1.2862,31.2501,13.1617,13.2968,15.7349,-1.2491,4.4377,74.127,4.4399,1317.8568,144.7118
1.2912,31.253,13.1669,13.2908,15.7346,-1.2611,4.4282,74.1209,4.4397,1317.8572,144.7002
1.2961,31.253,13.1675,13.2985,15.7326,-1.2471,4.4459,74.1144,4.4371,1317.8533,144.7057
1.3011,31.2851,13.1621,13.3181,15.7347,-1.247,4.4429,74.1187,4.4449,1317.94,144.7187
1.3061,31.2724,13.1655,13.3046,15.7398,-1.2529,4.4349,74.1289,4.4328,1317.9457,144.7086
1.311,31.2834,13.1646,13.3069,15.7371,-1.2527,4.4377,74.1285,4.4492,1317.9485,144.7128
1.316,31.2875,13.1709,13.3096,15.7398,-1.2485,4.4404,74.1387,4.4426,1317.9408,144.7135
1.321,31.2794,13.1665,13.3071,15.7308,-1.2507,4.4389,74.1354,4.4344,1317.9428,144.7178
1.3259,31.2838,13.1645,13.3107,15.7384,-1.2478,4.4342,74.1348,4.4417,1317.9407,144.7176
1.3309,31.2891,13.1656,13.304,15.7392,-1.2544,4.4368,74.1324,4.4419,1317.9473,144.7233
1.3359,31.2912,13.1629,13.3086,15.7411,-1.2572,4.444,74.13,4.4465,1317.94,144.7174
1.3408,31.2934,13.1758,13.3095,15.7431,-1.2579,4.4349,74.125,4.4364,1317.9359,144.719
1.3458,31.2904,13.1681,13.3072,15.7424,-1.2524,4.4482,74.1228,4.4322,1317.9375,144.7199
1.3508,31.4767,13.2064,13.348,15.7721,-1.2556,4.4398,74.1796,4.4266,1318.3647,144.7623
1.3557,31.4713,13.2008,13.3509,15.7802,-1.2505,4.4471,74.1709,4.4465,1318.3687,144.7625
1.3607,31.4775,13.2044,13.3436,15.7665,-1.2476,4.436,74.1752,4.4373,1318.3746,144.7596
1.3656,31.4645,13.2064,13.3435,15.7741,-1.2585,4.4477,74.1721,4.4414,1318.381,144.7616
1.3706,31.4746,13.2074,13.3503,15.7768,-1.2518,4.4525,74.1758,4.4361,1318.3626,144.7572
1.3756,31.4677,13.2091,13.3382,15.7755,-1.2532,4.4458,74.163,4.4394,1318.3724,144.7777
1.3805,31.4834,13.2037,13.3411,15.7755,-1.2491,4.4437,74.175,4.4374,1318.3823,144.7559
1.3855,31.4636,13.193,13.3421,15.7786,-1.2587,4.4474,74.1719,4.4415,1318.3728,144.7586
1.3905,31.4743,13.2032,13.3315,15.7846,-1.2561,4.4378,74.1721,4.4375,1318.3689,144.7574
1.3954,31.4723,13.2002,13.3453,15.7739,-1.2511,4.4428,74.1777,4.4426,1318.3768,144.7529
1.4004,31.6967,13.2429,13.3909,15.8145,-1.2552,4.4412,74.2234,4.4488,1318.8104,144.812
1.4054,31.6915,13.235,13.3855,15.817,-1.2552,4.4403,74.2142,4.4444,1318.8131,144.808
1.4103,31.6974,13.2438,13.3837,15.8192,-1.249,4.4413,74.2254,4.4401,1318.8136,144.805
1.4153,31.692,13.2505,13.3898,15.8092,-1.2457,4.4496,74.2198,4.4384,1318.8198,144.8021
1.4203,31.6903,13.2469,13.3764,15.8202,-1.2561,4.4436,74.232,4.4413,1318.8011,144.8083
1.4252,31.7413,13.2423,13.3953,15.8263,-1.2548,4.4451,74.2372,4.4409,1318.9303,144.8324
1.4302,31.7399,13.2497,13.4039,15.8214,-1.2525,4.4366,74.2436,4.4362,1318.9197,144.8133
1.4352,31.7393,13.2552,13.3991,15.8308,-1.2606,4.4552,74.2372,4.4502,1318.9271,144.822
1.4401,31.747,13.257,13.3933,15.8243,-1.2539,4.4491,74.2332,4.4506,1318.9323,144.8195
1.4451,31.7446,13.2509,13.3885,15.8243,-1.2488,4.4427,74.238,4.4369,1318.9386,144.8254
1.4501,32.4641,13.3655,13.5227,15.9457,-1.2542,4.4527,74.3822,4.4561,1320.4366,144.972
1.455,32.451,13.3705,13.5117,15.9595,-1.2534,4.4569,74.3984,4.4614,1320.4299,144.9743
1.46,32.4595,13.3665,13.5213,15.9528,-1.2529,4.4504,74.3885,4.4604,1320.4324,144.9731
1.4649,32.4605,13.3547,13.5186,15.969,-1.2562,4.4546,74.3963,4.452,1320.4179,144.969
1.4699,32.4683,13.3653,13.5188,15.9571,-1.2516,4.4515,74.3971,4.4495,1320.436,144.9766
1.4749,32.4502,13.3701,13.5166,15.9513,-1.2566,4.4607,74.386,4.4581,1320.4357,144.9749
1.4798,32.5961,13.3926,13.5435,15.9758,-1.2532,4.4623,74.419,4.4645,1320.7272,145.0022
1.4848,32.5843,13.3867,13.5321,15.971,-1.261,4.4623,74.4203,4.4591,1320.7292,144.99
1.4898,32.5867,13.3945,13.5391,15.9802,-1.2557,4.4497,74.4227,4.4591,1320.7271,145.0016
1.4947,32.58,13.3962,13.535,15.9863,-1.2502,4.4564,74.4169,4.4609,1320.7255,145.0001
1.4997,32.5946,13.3964,13.5491,15.9822,-1.2549,4.4606,74.4187,4.4548,1320.7283,145.0008
1.5047,32.638,13.3989,13.5499,15.9966,-1.2562,4.4487,74.4303,4.4564,1320.8124,145.0051
1.5096,32.6313,13.3965,13.555,15.9955,-1.2489,4.4532,74.435,4.4643,1320.8183,145.0085
1.5146,32.6256,13.4074,13.54,15.9935,-1.2521,4.4574,74.4297,4.4638,1320.819,145.0124
1.5196,32.6259,13.3985,13.5464,15.9943,-1.2534,4.4547,74.4304,4.4566,1320.815,145.0045
1.5245,32.6324,13.3996,13.5449,15.9931,-1.255,4.4549,74.4227,4.4559,1320.8197,145.0127
1.5295,32.9462,13.4484,13.5995,16.0466,-1.2534,4.4548,74.5031,4.4637,1321.5476,145.0699
1.5345,32.9418,13.4441,13.6093,16.0401,-1.2522,4.4681,74.5046,4.4586,1321.563,145.07
1.5394,32.9378,13.4462,13.6072,16.0374,-1.261,4.4662,74.4898,4.4634,1321.5541,145.0699
1.5444,32.9441,13.4439,13.5955,16.05,-1.2469,4.4628,74.4866,4.4633,1321.5625,145.0749
1.5493,32.9404,13.44,13.6065,16.0414,-1.261,4.4514,74.4907,4.4578,1321.5569,145.0733
1.5543,32.9831,13.4413,13.6078,16.0489,-1.2524,4.4551,74.4979,4.4585,1321.6194,145.069
1.5593,32.9727,13.4538,13.6041,16.0544,-1.2595,4.4565,74.5038,4.4654,1321.6215,145.0761
1.5642,32.978,13.4571,13.6078,16.055,-1.2545,4.4575,74.5,4.4613,1321.6204,145.0803
1.5692,32.9731,13.4536,13.6147,16.0471,-1.258,4.4536,74.5013,4.4626,1321.6218,145.0801
1.5742,32.9637,13.4455,13.6101,16.0503,-1.2542,4.4569,74.4955,4.4595,1321.6328,145.0748
1.5791,32.9841,13.4527,13.6001,16.0477,-1.2423,4.4665,74.5062,4.4597,1321.6308,145.0824
1.5841,32.9771,13.4444,13.6098,16.0453,-1.2523,4.4614,74.4969,4.4664,1321.6338,145.085
1.5891,32.9749,13.4532,13.6166,16.0514,-1.2626,4.4591,74.4954,4.447,1321.6171,145.0756
1.594,32.9853,13.4375,13.6061,16.0434,-1.2463,4.4521,74.4932,4.4595,1321.6196,145.0741
1.599,32.9862,13.4525,13.5964,16.0474,-1.2561,4.4683,74.4943,4.4506,1321.6294,145.0727
1.604,33.2111,13.4906,13.648,16.0843,-1.2485,4.4629,74.5547,4.4707,1322.1295,145.1186
1.6089,33.2205,13.4915,13.651,16.0923,-1.2555,4.4741,74.5347,4.4718,1322.1329,145.1224
1.6139,33.2063,13.4845,13.6449,16.0901,-1.2554,4.4653,74.5466,4.4662,1322.1369,145.1271
1.6189,33.2228,13.481,13.6479,16.083,-1.2501,4.4659,74.549,4.4716,1322.1347,145.1341
1.6238,33.2129,13.4885,13.643,16.098,-1.2462,4.4697,74.5307,4.4583,1322.138,145.128
1.6288,33.2209,13.486,13.6436,16.0727,-1.2562,4.4641,74.5521,4.462,1322.1367,145.1264
1.6338,33.2149,13.4926,13.6527,16.0892,-1.247,4.4569,74.5577,4.4557,1322.1381,145.1227
1.6387,33.2207,13.4849,13.6568,16.0903,-1.2502,4.4574,74.5465,4.4646,1322.1352,145.1228
1.6437,33.211,13.4868,13.6473,16.0908,-1.2486,4.4704,74.5457,4.4684,1322.1345,145.1227
1.6486,33.2198,13.4827,13.6429,16.0856,-1.2556,4.4596,74.5488,4.4704,1322.1395,145.1291
1.6536,33.2764,13.5033,13.6534,16.1011,-1.2509,4.4627,74.5605,4.4693,1322.2637,145.1279
1.6586,33.2736,13.4879,13.6551,16.0997,-1.2499,4.4689,74.5649,4.4609,1322.2603,145.1355
1.6635,33.2768,13.4989,13.6487,16.089,-1.2498,4.4636,74.5709,4.4601,1322.2695,145.1396
1.6685,33.2763,13.4967,13.6528,16.1101,-1.2524,4.4668,74.5564,4.4623,1322.2637,145.1419
1.6735,33.2681,13.4966,13.6581,16.092,-1.2482,4.4622,74.5641,4.4664,1322.2613,145.1336
1.6784,33.5466,13.5384,13.7042,16.1402,-1.2542,4.4662,74.606,4.4627,1323.0957,145.174
1.6834,33.5537,13.536,13.6983,16.1324,-1.2591,4.4622,74.6009,4.4758,1323.0974,145.1802
1.6884,33.5589,13.5409,13.7005,16.1446,-1.2557,4.4612,74.6037,4.4793,1323.0952,145.1788
1.6933,33.5478,13.5364,13.6886,16.1461,-1.2547,4.4667,74.6156,4.4706,1323.0966,145.174
1.6983,33.5486,13.5354,13.6942,16.1363,-1.2486,4.4798,74.6142,4.4678,1323.097,145.1755
1.7033,33.5808,13.5442,13.7011,16.1475,-1.2483,4.4774,74.6259,4.4636,1323.1698,145.1865
1.7082,33.5849,13.5409,13.704,16.1431,-1.2518,4.4706,74.6164,4.4706,1323.1808,145.182
1.7132,33.5968,13.5267,13.7078,16.1478,-1.2565,4.4703,74.6086,4.4723,1323.1942,145.1888
1.7182,33.5975,13.5324,13.7105,16.1413,-1.2523,4.4709,74.6246,4.4646,1323.1726,145.1956
1.7231,33.5894,13.5388,13.7014,16.1518,-1.2343,4.4656,74.6088,4.4636,1323.1788,145.1943
1.7281,33.5865,13.5393,13.7004,16.1595,-1.2409,4.4635,74.6162,4.4681,1323.1877,145.1815
1.7331,33.5907,13.5382,13.7012,16.144,-1.247,4.466,74.6166,4.4604,1323.1816,145.1889
1.738,33.5944,13.5343,13.6991,16.1483,-1.246,4.4623,74.6159,4.4747,1323.1769,145.1969
1.743,33.5858,13.5305,13.6992,16.1348,-1.2489,4.4601,74.6191,4.4683,1323.1779,145.1817
1.7479,33.5911,13.5408,13.7014,16.1459,-1.257,4.4641,74.6183,4.4757,1323.1825,145.1795
1.7529,33.7889,13.5592,13.7285,16.1688,-1.2508,4.4776,74.6472,4.4758,1323.6299,145.2247
1.7579,33.7873,13.562,13.7289,16.1779,-1.2537,4.4733,74.643,4.4731,1323.624,145.2284
1.7628,33.7858,13.5604,13.7379,16.176,-1.2427,4.4669,74.6473,4.4738,1323.6183,145.2109
1.7678,33.7965,13.569,13.7292,16.1733,-1.2489,4.4771,74.6486,4.4619,1323.6337,145.2139
1.7728,33.7969,13.5639,13.7262,16.1734,-1.244,4.4749,74.6396,4.4708,1323.6249,145.2227
1.7777,33.7886,13.5614,13.7246,16.1792,-1.259,4.4702,74.6519,4.4617,1323.6302,145.2144
1.7827,33.7875,13.5663,13.7264,16.1773,-1.259,4.4736,74.6517,4.4734,1323.6206,145.224
1.7877,33.7949,13.5637,13.7222,16.1794,-1.2474,4.4701,74.6522,4.4742,1323.6368,145.2073
1.7926,33.7901,13.5678,13.7341,16.1708,-1.2487,4.4697,74.6518,4.4737,1323.6231,145.2239
1.7976,33.7863,13.5614,13.7269,16.1694,-1.2418,4.468,74.6519,4.4669,1323.6285,145.2247
1.8026,33.8401,13.5693,13.7421,16.1765,-1.247,4.4677,74.6535,4.4692,1323.7306,145.2331
1.8075,33.8387,13.5743,13.7311,16.1818,-1.2479,4.4644,74.6646,4.4651,1323.7245,145.2352
1.8125,33.8414,13.5821,13.7457,16.1808,-1.2547,4.4663,74.6519,4.4736,1323.7211,145.227
1.8175,33.8374,13.5707,13.7327,16.1753,-1.2559,4.4693,74.6633,4.4746,1323.7351,145.2313
1.8224,33.8315,13.5732,13.7457,16.1816,-1.2463,4.4724,74.6582,4.4726,1323.7277,145.2412
1.8274,34.1043,13.6006,13.7583,16.2215,-1.2425,4.469,74.6952,4.4702,1324.1009,145.259
1.8324,34.1003,13.5964,13.7681,16.2107,-1.2385,4.4658,74.6974,4.4788,1324.0996,145.2636
1.8373,34.0994,13.5999,13.7669,16.2214,-1.2383,4.4743,74.7017,4.466,1324.0901,145.2697
1.8423,34.0986,13.5998,13.7629,16.2279,-1.2434,4.4796,74.6922,4.4727,1324.0997,145.2629
1.8472,34.0962,13.6037,13.7623,16.2258,-1.2468,4.4686,74.7023,4.4756,1324.1022,145.2768
1.8522,34.1409,13.6032,13.7746,16.2285,-1.2351,4.4692,74.7168,4.4754,1324.1843,145.2678
1.8572,34.1332,13.6075,13.7737,16.2169,-1.2379,4.4663,74.7114,4.4768,1324.1696,145.2765
1.8621,34.131,13.6105,13.7774,16.2255,-1.2561,4.4789,74.7062,4.4743,1324.1799,145.2729
1.8671,34.1336,13.6033,13.7824,16.2217,-1.2393,4.4798,74.695,4.475,1324.1773,145.2647
1.8721,34.1293,13.6081,13.7779,16.2223,-1.245,4.4708,74.7053,4.4836,1324.1716,145.2711
1.877,34.2543,13.6284,13.7942,16.2325,-1.2532,4.4688,74.7266,4.4784,1324.3422,145.2917
1.882,34.2509,13.6154,13.7834,16.241,-1.2329,4.4731,74.7238,4.4746,1324.3296,145.2927
1.887,34.2552,13.6208,13.7955,16.238,-1.2414,4.4795,74.7246,4.4727,1324.3368,145.2989
1.8919,34.2552,13.6161,13.791,16.2418,-1.2475,4.4694,74.7175,4.4683,1324.3345,145.2977
1.8969,34.2574,13.6204,13.794,16.2448,-1.2398,4.4855,74.7174,4.4705,1324.3389,145.2814
1.9019,34.2737,13.6257,13.7905,16.2444,-1.2376,4.4679,74.7221,4.4717,1324.3766,145.2912
1.9068,34.2751,13.6288,13.789,16.244,-1.2442,4.4721,74.7316,4.4679,1324.3832,145.298
1.9118,34.2799,13.6236,13.7974,16.2437,-1.2419,4.4704,74.7283,4.4794,1324.3797,145.2834
1.9168,34.276,13.6158,13.7886,16.2387,-1.2408,4.4732,74.7258,4.4703,1324.3707,145.2885
1.9217,34.2807,13.6178,13.782,16.245,-1.2394,4.4798,74.7236,4.4787,1324.379,145.2995
1.9267,34.3568,13.6391,13.8038,16.2526,-1.2401,4.4814,74.7311,4.4843,1324.4734,145.2997
1.9317,34.3556,13.6295,13.8128,16.2519,-1.2408,4.4659,74.7326,4.4814,1324.4902,145.3054
1.9366,34.3541,13.6262,13.8077,16.2411,-1.2426,4.4785,74.7371,4.4726,1324.474,145.3009
1.9416,34.3536,13.6271,13.8008,16.2598,-1.2414,4.4808,74.7329,4.4779,1324.4801,145.313
1.9465,34.3529,13.6385,13.7951,16.2507,-1.2435,4.4723,74.7382,4.4794,1324.4904,145.3036
1.9515,34.5289,13.6522,13.8361,16.2767,-1.238,4.4908,74.7685,4.4723,1324.7256,145.3249
1.9565,34.5165,13.6523,13.8288,16.274,-1.2325,4.4757,74.7683,4.4818,1324.7138,145.3266
1.9614,34.5205,13.6461,13.8193,16.2735,-1.2339,4.4744,74.7659,4.4731,1324.7111,145.3256
1.9664,34.5223,13.6498,13.8225,16.2715,-1.2369,4.4729,74.7641,4.4793,1324.706,145.3238
1.9714,34.5241,13.6527,13.8332,16.2744,-1.2356,4.4719,74.7567,4.484,1324.7127,145.3286
1.9763,34.5306,13.6506,13.817,16.27,-1.2348,4.475,74.7762,4.4766,1324.7336,145.3261
1.9813,34.5362,13.6556,13.8299,16.2773,-1.2467,4.4749,74.762,4.4734,1324.7234,145.3426
1.9863,34.539,13.6557,13.8322,16.2788,-1.2389,4.4725,74.751,4.476,1324.7306,145.332
1.9912,34.5393,13.6505,13.8242,16.2732,-1.2434,4.4707,74.7635,4.4735,1324.7284,145.3313
1.9962,34.5372,13.6477,13.8166,16.2856,-1.234,4.4731,74.7677,4.4702,1324.7358,145.3244
2.0012,34.6439,13.6679,13.8431,16.2839,-1.244,4.4789,74.7861,4.4717,1324.8596,145.3504
2.0061,34.6439,13.6703,13.841,16.285,-1.241,4.4695,74.7773,4.4722,1324.8562,145.3441
2.0111,34.6452,13.6615,13.8354,16.2921,-1.2382,4.4802,74.7782,4.4807,1324.8712,145.3588
2.0161,34.6417,13.6679,13.8328,16.2882,-1.2437,4.4717,74.7724,4.4824,1324.8516,145.3423
2.021,34.6556,13.6622,13.8324,16.2897,-1.2385,4.4766,74.7752,4.474,1324.8661,145.3478
2.026,34.6448,13.665,13.8435,16.3032,-1.2303,4.4793,74.7789,4.4828,1324.8679,145.3441
2.031,34.6434,13.6648,13.8367,16.2875,-1.2406,4.4784,74.7796,4.4828,1324.862,145.344
2.0359,34.6345,13.664,13.8419,16.2871,-1.2375,4.4835,74.7846,4.477,1324.8665,145.3485
2.0409,34.6444,13.667,13.8435,16.2821,-1.2432,4.4729,74.7755,4.4796,1324.8536,145.3379
2.0458,34.6459,13.6601,13.8413,16.2905,-1.242,4.4705,74.7726,4.4765,1324.8566,145.3441
2.0508,34.8943,13.6895,13.8604,16.3123,-1.2302,4.4706,74.8143,4.4771,1325.1285,145.3724
2.0558,34.8813,13.6791,13.8701,16.3193,-1.2391,4.4761,74.8126,4.4801,1325.1408,145.3729
2.0607,34.8918,13.692,13.8578,16.32,-1.2364,4.4906,74.8187,4.4772,1325.1356,145.3793
2.0657,34.8925,13.689,13.864,16.3131,-1.2397,4.4772,74.8156,4.4853,1325.1376,145.375
2.0707,34.8847,13.6944,13.8634,16.314,-1.2335,4.4875,74.8084,4.4821,1325.1364,145.3739
2.0756,34.9075,13.6858,13.8764,16.321,-1.237,4.4689,74.8042,4.4821,1325.1651,145.3808
2.0806,34.9101,13.6988,13.8719,16.3123,-1.2322,4.4848,74.8058,4.4727,1325.1633,145.3735
2.0856,34.9133,13.6898,13.8676,16.3143,-1.2391,4.4756,74.8148,4.4828,1325.1653,145.377
2.0905,34.9149,13.6844,13.8623,16.3229,-1.2345,4.4858,74.8167,4.4771,1325.1731,145.3729
2.0955,34.9226,13.692,13.8717,16.3131,-1.248,4.4761,74.8122,4.4732,1325.162,145.3677
2.1005,34.9867,13.6936,13.8833,16.3306,-1.243,4.4828,74.8281,4.4804,1325.2514,145.3927
2.1054,34.978,13.699,13.8732,16.3227,-1.2388,4.4814,74.8281,4.4899,1325.2457,145.3904
2.1104,34.9983,13.7139,13.8794,16.3288,-1.2328,4.4727,74.8175,4.4899,1325.2475,145.3878
2.1154,34.9953,13.6975,13.8671,16.3281,-1.2288,4.478,74.8286,4.4799,1325.2597,145.3964
2.1203,34.9865,13.7043,13.8727,16.3227,-1.2399,4.478,74.8239,4.4865,1325.2481,145.3865
2.1253,35.0219,13.695,13.8786,16.3389,-1.235,4.4763,74.8206,4.4816,1325.2944,145.3931
2.1303,35.028,13.704,13.8868,16.338,-1.2444,4.4781,74.8347,4.4729,1325.2791,145.3943
2.1352,35.0187,13.7118,13.891,16.336,-1.2304,4.4799,74.8301,4.4837,1325.2925,145.3884
2.1402,35.0254,13.7116,13.8892,16.3229,-1.2381,4.4936,74.8288,4.484,1325.2787,145.3925
2.1451,35.0282,13.7027,13.8738,16.3342,-1.2417,4.4769,74.8302,4.4902,1325.282,145.3917
2.1501,35.1885,13.7183,13.9061,16.3532,-1.2396,4.4845,74.8509,4.4829,1325.4634,145.408
2.1551,35.1982,13.7284,13.8938,16.356,-1.2372,4.4891,74.8534,4.4855,1325.472,145.4179
2.16,35.1908,13.7147,13.9035,16.3524,-1.2374,4.4908,74.8558,4.4809,1325.4721,145.4049
2.165,35.1948,13.7288,13.9082,16.3531,-1.2321,4.4808,74.8472,4.4799,1325.4664,145.416
2.17,35.1815,13.7217,13.8924,16.3509,-1.2464,4.4836,74.8461,4.4787,1325.4662,145.4181
2.1749,35.1955,13.7213,13.8921,16.3533,-1.2326,4.48,74.8519,4.4805,1325.4643,145.4118
2.1799,35.2628,13.7281,13.9064,16.3557,-1.2401,4.4805,74.8517,4.484,1325.557,145.4226
2.1849,35.2708,13.7204,13.9028,16.3622,-1.2421,4.4898,74.8688,4.4814,1325.552,145.4246
2.1898,35.2699,13.7294,13.9008,16.3695,-1.2349,4.4785,74.8586,4.4758,1325.5532,145.4276
2.1948,35.2657,13.7301,13.9081,16.3596,-1.2381,4.4875,74.8656,4.4766,1325.5521,145.4118
2.1998,35.271,13.7299,13.9047,16.3697,-1.2322,4.4844,74.8553,4.4864,1325.5573,145.4209
2.2047,35.33,13.7271,13.9128,16.3582,-1.2388,4.487,74.8785,4.4811,1325.6275,145.4283
2.2097,35.3242,13.7313,13.9068,16.3633,-1.2353,4.4793,74.8667,4.4796,1325.6102,145.4289
2.2147,35.3339,13.7287,13.914,16.3688,-1.24,4.4743,74.8597,4.4871,1325.6147,145.4316
2.2196,35.3334,13.7251,13.9141,16.3709,-1.242,4.4842,74.8613,4.4881,1325.6196,145.4261
2.2246,35.3275,13.7342,13.918,16.3719,-1.2406,4.4884,74.8627,4.474,1325.6079,145.4215
2.2295,35.3924,13.7247,13.9154,16.3699,-1.2352,4.4762,74.8789,4.4802,1325.6834,145.4355
2.2345,35.3903,13.7427,13.9241,16.3706,-1.2362,4.4989,74.8751,4.4877,1325.6853,145.4275
2.2395,35.3925,13.7339,13.9183,16.3794,-1.2394,4.4914,74.8768,4.4822,1325.6791,145.4389
2.2444,35.3887,13.7372,13.917,16.384,-1.2287,4.4796,74.881,4.4821,1325.6745,145.4378
2.2494,35.3877,13.7355,13.9216,16.3736,-1.2317,4.4796,74.8694,4.4808,1325.6908,145.4339
2.2544,35.4633,13.7536,13.9259,16.3727,-1.2404,4.4834,74.876,4.4767,1325.7508,145.4464
2.2593,35.4628,13.7353,13.9237,16.3918,-1.2399,4.4834,74.8792,4.4879,1325.7492,145.439
2.2643,35.4544,13.7448,13.926,16.3818,-1.2389,4.4817,74.8868,4.4807,1325.7519,145.4476
2.2693,35.4598,13.7387,13.9385,16.3813,-1.2429,4.4863,74.8768,4.4877,1325.7546,145.443
2.2742,35.4602,13.7394,13.9295,16.3778,-1.2373,4.4885,74.8842,4.4787,1325.7584,145.4517
2.2792,35.5433,13.7535,13.939,16.3931,-1.2359,4.4823,74.8953,4.4814,1325.8338,145.4643
2.2842,35.5481,13.7474,13.9343,16.3883,-1.2327,4.4817,74.8874,4.4905,1325.8334,145.458
2.2891,35.5444,13.7568,13.9427,16.3899,-1.2224,4.4824,74.8875,4.4887,1325.8452,145.4563
2.2941,35.5535,13.7611,13.9422,16.394,-1.236,4.4818,74.8975,4.4825,1325.828,145.4421
2.2991,35.5463,13.7522,13.938,16.3879,-1.2364,4.4807,74.8836,4.4803,1325.832,145.4481
2.304,35.5912,13.7534,13.9465,16.3918,-1.2417,4.4924,74.9026,4.4848,1325.8736,145.4627
2.309,35.5877,13.7581,13.9385,16.3973,-1.241,4.4798,74.8985,4.4928,1325.8785,145.4529
2.314,35.5882,13.7739,13.9326,16.4004,-1.2443,4.4877,74.8985,4.4779,1325.8869,145.4539
2.3189,35.6043,13.7648,13.9475,16.4051,-1.2371,4.4977,74.8934,4.4808,1325.8801,145.462
2.3239,35.5921,13.7574,13.9473,16.3958,-1.2414,4.48,74.9045,4.4777,1325.8725,145.4636
2.3288,35.6599,13.7546,13.9528,16.4046,-1.241,4.4866,74.9074,4.4864,1325.9432,145.4689
2.3338,35.6596,13.7634,13.9483,16.4005,-1.2332,4.4928,74.9172,4.4785,1325.9309,145.461
2.3388,35.6647,13.7645,13.9472,16.4027,-1.2251,4.4921,74.9092,4.4919,1325.9318,145.4672
2.3437,35.6625,13.7528,13.9434,16.4103,-1.2411,4.4825,74.8962,4.4825,1325.941,145.4608
2.3487,35.6531,13.765,13.9414,16.4035,-1.2394,4.4946,74.9102,4.4936,1325.9379,145.4665
2.3537,35.7945,13.7782,13.9523,16.4154,-1.2371,4.4805,74.9213,4.4915,1326.0567,145.4766
2.3586,35.801,13.7709,13.9516,16.4201,-1.2358,4.4879,74.9225,4.4828,1326.0545,145.4796
2.3636,35.7977,13.7827,13.9511,16.4146,-1.2353,4.4842,74.9207,4.4921,1326.0672,145.4799
2.3686,35.8016,13.7769,13.9559,16.4133,-1.2334,4.4914,74.9275,4.4784,1326.0558,145.4811
2.3735,35.7905,13.7742,13.9638,16.4156,-1.2394,4.4804,74.929,4.4851,1326.0549,145.4874
2.3785,35.8378,13.769,13.9639,16.4161,-1.2368,4.4879,74.9214,4.4898,1326.0918,145.4838
2.3835,35.8267,13.7703,13.9654,16.4175,-1.2441,4.4907,74.9296,4.485,1326.0874,145.4779
2.3884,35.8242,13.7834,13.9677,16.4221,-1.236,4.4867,74.9209,4.4893,1326.0882,145.4866
2.3934,35.8322,13.7796,13.96,16.4187,-1.2416,4.4903,74.9256,4.4933,1326.0894,145.4772
2.3984,35.8415,13.7748,13.962,16.4172,-1.2373,4.4794,74.9242,4.488,1326.0895,145.4822
2.4033,35.8586,13.7864,13.9629,16.4263,-1.2308,4.4912,74.9224,4.4859,1326.118,145.4789
2.4083,35.8583,13.7775,13.9683,16.4162,-1.2379,4.4824,74.9207,4.4798,1326.1196,145.4944
2.4133,35.8654,13.7768,13.9622,16.4199,-1.2313,4.4841,74.9369,4.4835,1326.1252,145.4899
2.4182,35.8639,13.7776,13.9637,16.4253,-1.2302,4.4868,74.9267,4.4849,1326.1263,145.4811
2.4232,35.8605,13.7826,13.9641,16.4105,-1.2412,4.4937,74.9244,4.4845,1326.118,145.4868
2.4281,36.002,13.7994,13.9844,16.4196,-1.2344,4.4788,74.9398,4.4868,1326.2246,145.4953
2.4331,36.0049,13.8035,13.9829,16.4439,-1.2277,4.4924,74.949,4.4931,1326.2489,145.5035
2.4381,36.0064,13.7911,13.9791,16.4375,-1.2293,4.4786,74.9441,4.4841,1326.2374,145.5043
2.443,36.0029,13.801,13.983,16.438,-1.2296,4.4846,74.9483,4.4856,1326.236,145.5095
2.448,35.9992,13.7922,13.9878,16.4331,-1.2396,4.4915,74.9416,4.4808,1326.239,145.5047
2.453,36.0204,13.7936,13.9828,16.4414,-1.2474,4.4856,74.9465,4.4843,1326.249,145.5081
2.4579,36.0166,13.7919,13.9905,16.4495,-1.23,4.4857,74.9491,4.4852,1326.2551,145.5014
2.4629,36.0218,13.7965,13.9783,16.4328,-1.2426,4.4851,74.943,4.4854,1326.2464,145.4954
2.4679,36.0205,13.7982,13.9798,16.4354,-1.2436,4.4982,74.9449,4.4913,1326.2527,145.5183
2.4728,36.0255,13.8026,13.9864,16.4403,-1.2368,4.4913,74.9449,4.4881,1326.2538,145.5143
2.4778,36.2225,13.8242,14.0036,16.4606,-1.2351,4.4917,74.9663,4.4815,1326.4141,145.5206
2.4828,36.2123,13.8007,13.9993,16.4573,-1.2369,4.4855,74.9628,4.4874,1326.4114,145.5378
2.4877,36.2015,13.8114,13.9964,16.4567,-1.2304,4.4971,74.9695,4.4852,1326.4156,145.5202
2.4927,36.2123,13.8059,14.0052,16.4563,-1.2367,4.4902,74.9605,4.4913,1326.4082,145.5175
2.4977,36.2191,13.8147,13.998,16.4604,-1.2322,4.4904,74.9624,4.4939,1326.4102,145.5229
2.5026,36.3321,13.8191,14.0151,16.4603,-1.2288,4.4917,74.9812,4.4786,1326.5175,145.5404
2.5076,36.3473,13.8175,14.0091,16.467,-1.2403,4.4824,74.977,4.4895,1326.5235,145.5367
2.5126,36.3401,13.8209,14.0087,16.4648,-1.2299,4.4853,74.9803,4.4911,1326.5277,145.5328
2.5175,36.3464,13.8183,14.019,16.4668,-1.2378,4.4828,74.9713,4.488,1326.5255,145.5386
2.5225,36.3415,13.8236,14.0156,16.4775,-1.2343,4.4907,74.9773,4.4949,1326.5213,145.5433
2.5274,36.3771,13.8152,14.0144,16.4697,-1.2343,4.4878,74.9795,4.4919,1326.5544,145.5341
2.5324,36.3841,13.8274,14.0117,16.4745,-1.2361,4.4857,74.9911,4.4924,1326.5587,145.538
2.5374,36.3861,13.8176,14.0148,16.4706,-1.228,4.4989,74.9895,4.4994,1326.5585,145.5356
2.5423,36.3914,13.8319,14.0188,16.4657,-1.2338,4.4899,74.9944,4.4888,1326.5583,145.5453
2.5473,36.3796,13.825,14.0185,16.469,-1.2367,4.4874,74.9825,4.4884,1326.565,145.5361
2.5523,36.3923,13.8223,14.0139,16.4753,-1.2332,4.4801,74.9882,4.4985,1326.5713,145.5381
2.5572,36.3968,13.8236,14.0152,16.4751,-1.2396,4.49,74.983,4.4872,1326.5704,145.5325
2.5622,36.3969,13.8309,14.0294,16.4685,-1.2391,4.4928,74.9838,4.4909,1326.5673,145.5413
2.5672,36.3996,13.8303,14.0167,16.4697,-1.2297,4.5008,74.9993,4.4833,1326.5654,145.5485
2.5721,36.3943,13.8284,14.0286,16.4812,-1.2335,4.5011,74.9895,4.4884,1326.5643,145.542
2.5771,36.5103,13.8345,14.0258,16.4861,-1.2325,4.4929,74.9944,4.4871,1326.6604,145.5515
2.5821,36.5089,13.8365,14.0243,16.4771,-1.2238,4.4943,75.0068,4.4867,1326.6708,145.5478
2.587,36.5193,13.8294,14.0218,16.4861,-1.2323,4.4916,75.0016,4.4948,1326.6589,145.5553
2.592,36.5246,13.8384,14.0241,16.4852,-1.2376,4.4957,74.9964,4.4835,1326.6716,145.553
2.597,36.5195,13.8362,14.038,16.4789,-1.2368,4.488,74.994,4.4865,1326.6625,145.5636
2.6019,36.5364,13.8376,14.0303,16.4832,-1.2354,4.4933,74.9985,4.483,1326.6859,145.5566
2.6069,36.5331,13.8439,14.0212,16.4871,-1.2426,4.4967,74.9898,4.4948,1326.6777,145.5609
2.6119,36.5374,13.8384,14.0276,16.4846,-1.2353,4.4815,74.9963,4.4951,1326.6811,145.558
2.6168,36.5437,13.8388,14.0307,16.4838,-1.2362,4.4984,74.9947,4.4921,1326.6829,145.5624
2.6218,36.5368,13.8319,14.027,16.4901,-1.2395,4.4957,74.9908,4.4893,1326.6854,145.5597
2.6267,36.5392,13.828,14.0266,16.4753,-1.2342,4.4903,75.002,4.4807,1326.6923,145.558
2.6317,36.5338,13.8431,14.0326,16.492,-1.2393,4.4775,74.9922,4.4848,1326.6845,145.5602
2.6367,36.5394,13.833,14.0334,16.4823,-1.2435,4.4903,75.0015,4.4887,1326.6777,145.5511
2.6416,36.548,13.8362,14.0304,16.4855,-1.2421,4.4787,74.9992,4.4925,1326.6924,145.5594
2.6466,36.5402,13.8399,14.0305,16.4928,-1.2285,4.4954,74.9973,4.4962,1326.676,145.5506
2.6516,36.6252,13.8398,14.0396,16.4921,-1.2386,4.4949,75.0077,4.4908,1326.7548,145.5685
2.6565,36.637,13.8443,14.0341,16.4887,-1.2275,4.492,75.0175,4.4918,1326.7596,145.5631
2.6615,36.6292,13.8466,14.0369,16.5009,-1.2459,4.4926,75.0053,4.4899,1326.7534,145.5675
2.6665,36.6266,13.8497,14.0439,16.5041,-1.2359,4.4878,75.0079,4.4956,1326.7597,145.5624
2.6714,36.6306,13.8407,14.0357,16.4996,-1.2282,4.4853,75.0049,4.4889,1326.7549,145.559
2.6764,36.8428,13.8651,14.0512,16.5182,-1.2347,4.4971,75.0232,4.4923,1326.9212,145.5869
2.6814,36.849,13.8631,14.0538,16.511,-1.2387,4.4898,75.025,4.4902,1326.9148,145.5799
2.6863,36.8364,13.8693,14.0541,16.5153,-1.2326,4.4928,75.0322,4.4827,1326.9049,145.5835
2.6913,36.8414,13.8611,14.0554,16.5061,-1.2323,4.5058,75.0301,4.4864,1326.9168,145.5817
2.6963,36.8448,13.8489,14.0499,16.5101,-1.233,4.4982,75.0153,4.4893,1326.9113,145.5829
2.7012,36.9616,13.863,14.0661,16.5221,-1.2381,4.4889,75.0388,4.49,1327.0014,145.5945
2.7062,36.955,13.8757,14.0558,16.5233,-1.2326,4.4959,75.0385,4.4888,1327.0046,145.601
2.7112,36.9554,13.8657,14.0639,16.5258,-1.2333,4.4978,75.0316,4.4914,1327.006,145.5934
2.7161,36.9538,13.8717,14.0529,16.5096,-1.2384,4.4981,75.0387,4.4951,1327.0113,145.5837
2.7211,36.9661,13.8676,14.0627,16.5244,-1.2291,4.4904,75.0398,4.4981,1327.0087,145.5859
2.726,36.9661,13.8579,14.0739,16.5211,-1.2359,4.4917,75.0256,4.4884,1327.008,145.5997
2.731,36.9711,13.8683,14.0648,16.527,-1.2351,4.4918,75.0334,4.4832,1327.005,145.5906
2.736,36.9688,13.8669,14.0696,16.515,-1.2319,4.4942,75.0328,4.491,1327.0152,145.5947
2.7409,36.9578,13.8766,14.0686,16.5292,-1.2378,4.4948,75.0355,4.484,1327.0069,145.5838
2.7459,36.9612,13.8738,14.0607,16.5237,-1.2282,4.4957,75.0386,4.4966,1327.013,145.5882
2.7509,37.0026,13.8612,14.0736,16.5215,-1.2394,4.4971,75.0362,4.497,1327.0319,145.5873
2.7558,36.9987,13.8722,14.0607,16.5291,-1.2296,4.4925,75.0407,4.4953,1327.0327,145.5978
2.7608,37.0066,13.874,14.0726,16.5361,-1.2287,4.4976,75.0415,4.4926,1327.036,145.6045
2.7658,37.0048,13.8715,14.0639,16.5271,-1.2284,4.4979,75.0455,4.4932,1327.0271,145.5947
2.7707,37.0048,13.8808,14.0647,16.5163,-1.2335,4.4956,75.0437,4.4919,1327.0371,145.5916
2.7757,37.0647,13.8695,14.0734,16.5313,-1.2324,4.4973,75.0468,4.4866,1327.0738,145.6031
2.7807,37.0675,13.8728,14.0701,16.5409,-1.2401,4.4952,75.0563,4.4918,1327.0848,145.5958
2.7856,37.0708,13.878,14.0774,16.524,-1.2252,4.4922,75.0457,4.4941,1327.0789,145.5987
2.7906,37.0667,13.8694,14.0695,16.5335,-1.2377,4.488,75.0503,4.4998,1327.0777,145.6058
2.7956,37.0624,13.8754,14.0667,16.5291,-1.2387,4.4864,75.053,4.487,1327.0785,145.5993
2.8005,37.0684,13.8758,14.0795,16.5281,-1.2299,4.4999,75.0484,4.4918,1327.0874,145.6049
2.8055,37.0704,13.8731,14.0711,16.5348,-1.2321,4.4895,75.0441,4.4878,1327.0949,145.6057
2.8105,37.0706,13.8712,14.0778,16.5315,-1.2347,4.4914,75.0542,4.4976,1327.0895,145.5942
2.8154,37.0682,13.885,14.0726,16.5292,-1.2351,4.5016,75.0425,4.4858,1327.0842,145.6014
2.8204,37.0781,13.8786,14.0693,16.536,-1.2372,4.4911,75.0475,4.4931,1327.0819,145.6025
2.8253,37.1367,13.8813,14.0816,16.5394,-1.2351,4.4985,75.0596,4.491,1327.1338,145.606
2.8303,37.1299,13.8905,14.0766,16.5397,-1.2302,4.4887,75.0594,4.5001,1327.1245,145.6123
2.8353,37.1311,13.8744,14.0816,16.5432,-1.2327,4.494,75.0602,4.4871,1327.1268,145.6044
2.8402,37.1284,13.8779,14.0864,16.5369,-1.2359,4.4972,75.054,4.4855,1327.1303,145.6115
2.8452,37.1303,13.8867,14.0696,16.5409,-1.2313,4.5027,75.0567,4.4909,1327.1275,145.61
2.8502,37.242,13.8942,14.0889,16.5515,-1.2362,4.5005,75.0691,4.4973,1327.2065,145.6219
2.8551,37.2438,13.8917,14.0903,16.5517,-1.2373,4.4966,75.0631,4.4972,1327.2079,145.6202
2.8601,37.2478,13.8848,14.0835,16.5475,-1.2343,4.4904,75.0644,4.4951,1327.2046,145.6147
2.8651,37.2512,13.8928,14.0839,16.5451,-1.2393,4.4842,75.0604,4.488,1327.2153,145.6155
2.87,37.2538,13.8907,14.0874,16.5474,-1.2319,4.4984,75.0688,4.5004,1327.205,145.6112
2.875,37.2508,13.8973,14.0857,16.5464,-1.2305,4.4994,75.0684,4.4985,1327.2108,145.6221
2.88,37.2651,13.8852,14.0956,16.5516,-1.2284,4.4973,75.0653,4.4969,1327.2246,145.6187
2.8849,37.2729,13.8862,14.0768,16.5502,-1.2345,4.4922,75.0655,4.4899,1327.2123,145.608
2.8899,37.2727,13.8852,14.0899,16.544,-1.2283,4.4943,75.0653,4.4945,1327.2217,145.6113
2.8949,37.272,13.8863,14.0846,16.5518,-1.2263,4.4993,75.0598,4.4971,1327.2186,145.6178
2.8998,37.2686,13.8943,14.0881,16.5424,-1.236,4.4904,75.0706,4.5018,1327.2199,145.6178
2.9048,37.3576,13.8997,14.091,16.5637,-1.2382,4.4955,75.0742,4.4909,1327.2765,145.6264
2.9097,37.3586,13.8961,14.0978,16.5529,-1.2329,4.4856,75.0688,4.5005,1327.2768,145.6362
2.9147,37.3569,13.8964,14.1013,16.5513,-1.2363,4.4928,75.0728,4.4966,1327.2874,145.63
2.9197,37.3639,13.8921,14.0901,16.5556,-1.2389,4.5012,75.0713,4.4899,1327.2878,145.6251
2.9246,37.3653,13.8934,14.0993,16.5543,-1.2291,4.5014,75.0825,4.4992,1327.281,145.6232
2.9296,37.3661,13.8985,14.0926,16.5525,-1.2376,4.5021,75.0741,4.4856,1327.289,145.6282
2.9346,37.3742,13.8917,14.0938,16.5599,-1.2338,4.492,75.0719,4.4934,1327.2811,145.6292
2.9395,37.3695,13.8952,14.0866,16.558,-1.2299,4.4878,75.0674,4.4944,1327.2818,145.6214
2.9445,37.3603,13.8969,14.0976,16.5572,-1.239,4.4955,75.0785,4.4876,1327.2845,145.6226
2.9495,37.3702,13.895,14.099,16.5589,-1.2342,4.494,75.0624,4.4907,1327.2835,145.6383
2.9544,37.5178,13.9067,14.1136,16.5752,-1.2316,4.4896,75.0809,4.5019,1327.3806,145.6437
2.9594,37.5166,13.9092,14.1025,16.5654,-1.223,4.4978,75.0814,4.5019,1327.3887,145.6419
2.9644,37.523,13.9085,14.1137,16.5684,-1.2302,4.4975,75.0731,4.5004,1327.3887,145.649
2.9693,37.518,13.9025,14.1012,16.5641,-1.2292,4.4955,75.0879,4.4945,1327.3911,145.6506
2.9743,37.5159,13.9045,14.1074,16.5659,-1.234,4.4968,75.0802,4.4906,1327.3915,145.6378
2.9793,37.5224,13.9086,14.1065,16.5717,-1.2342,4.492,75.0809,4.4967,1327.382,145.6378
2.9842,37.5236,13.9139,14.1122,16.5714,-1.2239,4.5051,75.0779,4.4981,1327.3847,145.6458
2.9892,37.5238,13.9095,14.1012,16.5677,-1.232,4.498,75.0995,4.4893,1327.3815,145.6456
2.9942,37.5215,13.9078,14.1076,16.5639,-1.2306,4.4949,75.0908,4.5008,1327.3802,145.6426
2.9991,37.5302,13.9012,14.1013,16.5692,-1.2382,4.4936,75.081,4.4985,1327.3875,145.6329
3.0041,37.603,13.9077,14.1071,16.5772,-1.2306,4.4971,75.0937,4.4927,1327.4379,145.6481
3.009,37.6035,13.9075,14.1207,16.5785,-1.2329,4.5009,75.0907,4.4884,1327.4481,145.6441
3.014,37.6046,13.9083,14.1048,16.5752,-1.2321,4.4897,75.0995,4.4948,1327.4349,145.6356
3.019,37.6123,13.9159,14.1155,16.5754,-1.2261,4.4893,75.0947,4.4965,1327.4477,145.6506
3.0239,37.6093,13.9186,14.1101,16.5786,-1.2315,4.4936,75.0898,4.4942,1327.4443,145.6498
3.0289,37.6464,13.9101,14.1142,16.582,-1.2256,4.497,75.0958,4.4893,1327.4652,145.6539
3.0339,37.6465,13.9232,14.1075,16.5751,-1.236,4.4962,75.0992,4.4994,1327.4618,145.647
3.0388,37.6472,13.9088,14.1137,16.5778,-1.238,4.4895,75.0932,4.4965,1327.4646,145.6461
3.0438,37.6375,13.9154,14.1192,16.5789,-1.2287,4.4949,75.0995,4.5052,1327.4593,145.6504
3.0488,37.6418,13.9164,14.1178,16.5718,-1.2337,4.4955,75.0846,4.4984,1327.463,145.6419
3.0537,37.8257,13.9319,14.1249,16.5884,-1.2291,4.501,75.0974,4.5057,1327.574,145.6612
3.0587,37.825,13.9213,14.1262,16.5835,-1.2312,4.4973,75.1083,4.4948,1327.5742,145.6609
3.0637,37.8192,13.9289,14.1305,16.5916,-1.2355,4.5002,75.1094,4.5041,1327.5698,145.662
3.0686,37.8127,13.9207,14.123,16.593,-1.2344,4.4913,75.1111,4.4934,1327.577,145.6617
3.0736,37.8117,13.9301,14.1334,16.5838,-1.2423,4.5053,75.1095,4.4999,1327.569,145.664
3.0786,37.8362,13.9285,14.1344,16.6044,-1.2334,4.4985,75.1072,4.501,1327.5866,145.6634
3.0835,37.8396,13.9221,14.1237,16.5973,-1.2216,4.4983,75.1154,4.5003,1327.5962,145.6642
3.0885,37.8401,13.9183,14.139,16.5879,-1.239,4.4967,75.1129,4.5013,1327.5937,145.6644
3.0935,37.8429,13.9249,14.1296,16.5884,-1.2321,4.5048,75.1104,4.4972,1327.5882,145.666
3.0984,37.8428,13.9347,14.1252,16.5929,-1.2388,4.5045,75.1084,4.4914,1327.5921,145.6633
3.1034,37.9559,13.9301,14.1303,16.6013,-1.2343,4.5027,75.1115,4.4969,1327.6658,145.6685
3.1083,37.9508,13.9339,14.143,16.6032,-1.2385,4.4944,75.118,4.5018,1327.6651,145.6783
3.1133,37.955,13.9305,14.1384,16.5966,-1.2299,4.5116,75.132,4.4992,1327.6559,145.6777
3.1183,37.9606,13.932,14.1402,16.5996,-1.2264,4.4937,75.1186,4.5048,1327.662,145.6675
3.1232,37.9564,13.928,14.1355,16.6001,-1.2382,4.4925,75.1073,4.4871,1327.6522,145.6729
3.1282,37.958,13.9386,14.1424,16.5843,-1.2367,4.4966,75.12,4.4931,1327.6554,145.6672
3.1332,37.9595,13.9393,14.1402,16.6007,-1.2375,4.5028,75.1325,4.4992,1327.6597,145.6766
3.1381,37.9554,13.94,14.1465,16.5965,-1.2344,4.505,75.1237,4.4995,1327.6599,145.6714
3.1431,37.9633,13.9301,14.138,16.5977,-1.2248,4.5021,75.1126,4.5029,1327.6587,145.6729
3.1481,37.9603,13.9307,14.13,16.5951,-1.2255,4.4997,75.1247,4.4926,1327.6628,145.6761
3.153,38.1031,13.9417,14.1491,16.6051,-1.228,4.4883,75.1383,4.5032,1327.7451,145.6812
3.158,38.0983,13.9445,14.1457,16.614,-1.2277,4.4993,75.132,4.4953,1327.7368,145.6786
3.163,38.0938,13.9397,14.1458,16.6091,-1.2271,4.4989,75.1333,4.4996,1327.7484,145.6746
3.1679,38.0976,13.9379,14.1474,16.602,-1.2363,4.5009,75.1276,4.498,1327.7444,145.6832
3.1729,38.0878,13.9493,14.1451,16.6134,-1.2381,4.4899,75.1245,4.5003,1327.7454,145.6826
3.1779,38.1523,13.9432,14.1519,16.6156,-1.2319,4.5001,75.1346,4.5033,1327.7775,145.6915
3.1828,38.1501,13.9387,14.1526,16.6146,-1.2312,4.5073,75.1277,4.504,1327.7863,145.6851
3.1878,38.1517,13.9507,14.1545,16.6228,-1.2393,4.4936,75.1325,4.4916,1327.7818,145.6805
3.1928,38.1438,13.9418,14.1466,16.6198,-1.2281,4.5004,75.1365,4.4964,1327.7813,145.6915
3.1977,38.1523,13.9415,14.154,16.613,-1.2376,4.4996,75.1362,4.4879,1327.7707,145.6872
3.2027,38.1753,13.9486,14.1606,16.6189,-1.2265,4.4948,75.1413,4.499,1327.7916,145.6871
3.2076,38.1632,13.9485,14.1523,16.6085,-1.2305,4.4945,75.1316,4.4942,1327.7959,145.6844
3.2126,38.1686,13.9514,14.148,16.6144,-1.2337,4.4909,75.1329,4.494,1327.7852,145.6818
3.2176,38.1653,13.9437,14.1412,16.6144,-1.2311,4.5041,75.1268,4.5077,1327.7789,145.6816
3.2225,38.1606,13.9502,14.1547,16.6192,-1.2397,4.5005,75.1279,4.4974,1327.7845,145.6866
3.2275,38.2179,13.9463,14.1582,16.6199,-1.2234,4.4866,75.1365,4.4948,1327.8144,145.6883
3.2325,38.2167,13.9455,14.1485,16.6174,-1.2341,4.4966,75.1398,4.5038,1327.8178,145.6898
3.2374,38.2141,13.9383,14.1532,16.6206,-1.2312,4.4969,75.155,4.4943,1327.822,145.6943
3.2424,38.209,13.9479,14.1658,16.6248,-1.225,4.4906,75.1346,4.4999,1327.8146,145.6872
3.2474,38.2053,13.9551,14.1508,16.612,-1.2346,4.4957,75.1359,4.5019,1327.8096,145.6913
3.2523,38.2468,13.9441,14.1547,16.6183,-1.2227,4.4973,75.1441,4.4956,1327.8236,145.698
3.2573,38.2475,13.9436,14.1563,16.6222,-1.2319,4.4976,75.1325,4.5013,1327.8397,145.69
3.2623,38.245,13.9458,14.1569,16.6208,-1.2334,4.4974,75.1452,4.4987,1327.8314,145.6842
3.2672,38.2429,13.951,14.1541,16.63,-1.2349,4.5007,75.1477,4.495,1327.8395,145.6899
3.2722,38.245,13.955,14.1641,16.618,-1.2283,4.5016,75.1474,4.4972,1327.8354,145.6843
3.2772,38.2991,13.9538,14.169,16.6311,-1.2214,4.4973,75.1435,4.4961,1327.8611,145.6972
3.2821,38.2846,13.949,14.1606,16.6352,-1.2277,4.5025,75.1473,4.497,1327.86,145.7031
3.2871,38.3006,13.952,14.1684,16.6181,-1.245,4.501,75.149,4.4987,1327.8576,145.69
3.2921,38.282,13.9628,14.1601,16.6198,-1.2322,4.496,75.1398,4.4937,1327.8634,145.6975
3.297,38.2925,13.9547,14.1586,16.622,-1.2296,4.5069,75.1408,4.5031,1327.8613,145.7017
3.302,38.3417,13.9512,14.166,16.6315,-1.2287,4.5091,75.1518,4.4894,1327.8893,145.7008
3.3069,38.3436,13.9525,14.162,16.627,-1.2335,4.4999,75.1478,4.5037,1327.8879,145.7061
3.3119,38.3407,13.9516,14.16,16.6137,-1.236,4.5044,75.1529,4.4967,1327.886,145.7058
3.3169,38.3484,13.9619,14.1664,16.6381,-1.233,4.5001,75.1449,4.4979,1327.8889,145.7103
3.3218,38.3518,13.9592,14.1744,16.6343,-1.2279,4.5047,75.1468,4.4976,1327.8853,145.703
3.3268,38.4087,13.9622,14.1671,16.6318,-1.2318,4.5037,75.1489,4.5008,1327.9225,145.7017
3.3318,38.4081,13.9608,14.173,16.6274,-1.238,4.5062,75.1561,4.4944,1327.9275,145.707
3.3367,38.4077,13.9607,14.1677,16.6317,-1.237,4.4987,75.1658,4.4914,1327.9284,145.7124
3.3417,38.4067,13.9609,14.1739,16.6369,-1.2311,4.4909,75.1475,4.4969,1327.9301,145.7059
3.3467,38.4059,13.95,14.1702,16.6267,-1.2319,4.5033,75.1569,4.4918,1327.9279,145.7084
3.3516,38.5037,13.9657,14.1753,16.6308,-1.2284,4.4923,75.1636,4.4973,1327.9836,145.7043
3.3566,38.5157,13.9718,14.1756,16.6294,-1.2358,4.4955,75.1535,4.4987,1327.9914,145.713
3.3616,38.5154,13.9623,14.1743,16.6379,-1.2407,4.4947,75.1574,4.5056,1327.986,145.6963
3.3665,38.5168,13.9732,14.1746,16.6407,-1.2391,4.5056,75.1492,4.5035,1327.9806,145.7156
3.3715,38.517,13.9641,14.1732,16.6395,-1.2289,4.5067,75.1641,4.5014,1327.9792,145.7201
3.3765,38.5434,13.974,14.1712,16.633,-1.2352,4.497,75.164,4.5069,1327.9914,145.7182
3.3814,38.5404,13.968,14.1743,16.6371,-1.2238,4.4955,75.1667,4.4997,1327.9961,145.7099
3.3864,38.5386,13.9702,14.1768,16.6485,-1.2341,4.5016,75.1584,4.4877,1327.9928,145.7078
3.3914,38.5344,13.9674,14.173,16.6333,-1.2348,4.5111,75.1681,4.5061,1328.0023,145.721
3.3963,38.5328,13.9745,14.1735,16.6369,-1.2311,4.4951,75.1644,4.4923,1328.0083,145.7058
3.4013,38.6044,13.9686,14.1788,16.6448,-1.2299,4.5001,75.1713,4.5045,1328.0404,145.7112
3.4062,38.6066,13.9754,14.1907,16.6326,-1.229,4.4981,75.1528,4.501,1328.0397,145.7204
3.4112,38.6063,13.9704,14.1794,16.6351,-1.2286,4.5021,75.1657,4.5074,1328.031,145.716
3.4162,38.6089,13.9697,14.1772,16.6416,-1.2404,4.5055,75.1666,4.4944,1328.0373,145.7174
3.4211,38.609,13.9711,14.1813,16.6393,-1.2324,4.5119,75.1699,4.4902,1328.0278,145.7207
3.4261,38.6186,13.9645,14.1827,16.6473,-1.2273,4.5032,75.1616,4.5067,1328.0317,145.7244
3.4311,38.6062,13.9832,14.1778,16.6378,-1.2362,4.4946,75.1721,4.5048,1328.0528,145.7227
3.436,38.6096,13.9741,14.171,16.6422,-1.2334,4.4945,75.1614,4.4934,1328.0375,145.7147
3.441,38.6177,13.9707,14.187,16.6432,-1.2275,4.4969,75.1631,4.4946,1328.043,145.7106
3.446,38.6273,13.9688,14.1845,16.6443,-1.2372,4.5032,75.1635,4.5034,1328.0367,145.712
3.4509,38.7561,13.9761,14.199,16.6474,-1.2387,4.498,75.1721,4.499,1328.1201,145.7273
3.4559,38.7657,13.9847,14.18,16.6555,-1.2358,4.4962,75.181,4.5032,1328.1145,145.7275
3.4609,38.7713,13.9756,14.1949,16.6513,-1.2276,4.5073,75.1694,4.502,1328.1145,145.728
3.4658,38.759,13.9827,14.1875,16.6687,-1.2282,4.5001,75.1726,4.5066,1328.1096,145.7294
3.4708,38.7572,13.977,14.1879,16.6637,-1.2288,4.4946,75.1808,4.497,1328.115,145.7233
3.4758,38.783,13.9808,14.1965,16.6523,-1.2279,4.5019,75.1743,4.4958,1328.1279,145.7356
3.4807,38.784,13.9887,14.1891,16.6529,-1.2269,4.5037,75.1827,4.5093,1328.1297,145.7237
3.4857,38.7866,13.9851,14.1845,16.6545,-1.233,4.4936,75.1745,4.5038,1328.1248,145.7245
3.4907,38.7881,13.9795,14.1924,16.654,-1.2278,4.496,75.1832,4.4952,1328.1364,145.737
3.4956,38.7791,13.9819,14.1872,16.6544,-1.2264,4.5009,75.1794,4.4951,1328.1361,145.7278
3.5006,38.8965,13.9802,14.2046,16.6702,-1.2273,4.4919,75.1938,4.5003,1328.1934,145.7387
3.5055,38.8839,13.9812,14.1945,16.654,-1.2262,4.5091,75.1839,4.5064,1328.1938,145.7292
3.5105,38.8987,13.9836,14.198,16.6658,-1.2364,4.5021,75.1908,4.4977,1328.1964,145.726
3.5155,38.8977,13.9845,14.2006,16.6642,-1.2279,4.5015,75.1972,4.5009,1328.1985,145.7378
3.5204,38.8966,13.9839,14.2025,16.6524,-1.2238,4.5021,75.1808,4.5047,1328.181,145.7372
3.5254,38.9019,13.9852,14.195,16.6624,-1.2314,4.5059,75.1766,4.5035,1328.2031,145.7398
3.5304,38.9026,13.985,14.196,16.6613,-1.233,4.5112,75.1867,4.4944,1328.1798,145.7353
3.5353,38.898,13.9861,14.1966,16.6597,-1.2281,4.5011,75.1857,4.4958,1328.1919,145.7349
3.5403,38.9094,13.9862,14.2056,16.6587,-1.2282,4.5005,75.1808,4.5054,1328.1921,145.7347
3.5453,38.9048,13.9802,14.1917,16.663,-1.2313,4.4983,75.1889,4.4931,1328.1992,145.7333
3.5502,39.0136,13.9927,14.2003,16.6709,-1.2267,4.5032,75.1908,4.5031,1328.2549,145.7467
3.5552,39.0017,13.9891,14.2014,16.6691,-1.2266,4.5088,75.1869,4.5009,1328.2525,145.7447
3.5602,39.0043,13.9953,14.2054,16.6701,-1.2264,4.4987,75.1783,4.5066,1328.2416,145.7488
3.5651,39.0082,13.9885,14.2075,16.6747,-1.2173,4.4956,75.1977,4.494,1328.2492,145.7462
3.5701,39.0087,13.989,14.2085,16.6575,-1.2263,4.4876,75.1937,4.5013,1328.2545,145.7511
3.5751,39.0167,13.9922,14.2039,16.6657,-1.2355,4.5031,75.1866,4.4991,1328.2637,145.7435
3.58,39.0243,13.9868,14.2117,16.6667,-1.232,4.5051,75.2013,4.5056,1328.2559,145.7439
3.585,39.0206,13.988,14.2044,16.6712,-1.2284,4.5194,75.2016,4.5006,1328.2566,145.7401
3.5899,39.0263,14.0021,14.2032,16.6714,-1.2412,4.5083,75.1857,4.4987,1328.2631,145.7525
3.5949,39.0215,13.994,14.2102,16.6694,-1.2286,4.508,75.1969,4.5026,1328.2601,145.7402
3.5999,39.0215,13.994,14.2011,16.6643,-1.2356,4.4981,75.1916,4.4958,1328.2628,145.7437
3.6048,39.088,13.9944,14.2057,16.6714,-1.2378,4.5025,75.1965,4.5044,1328.2925,145.7405
3.6098,39.0953,13.9975,14.2076,16.676,-1.2207,4.5078,75.1961,4.5011,1328.2936,145.7407
3.6148,39.0902,13.9978,14.2058,16.6742,-1.2268,4.4979,75.2001,4.4939,1328.2913,145.7479
3.6197,39.0986,13.9923,14.2137,16.6727,-1.231,4.5165,75.1924,4.5105,1328.2841,145.7481
3.6247,39.0878,14.0016,14.2094,16.6717,-1.2331,4.5006,75.1925,4.5024,1328.2909,145.7503
3.6297,39.1371,13.9935,14.2162,16.6705,-1.2246,4.5042,75.1976,4.5022,1328.3153,145.7517
3.6346,39.1465,14.0013,14.2104,16.6761,-1.2302,4.4974,75.2055,4.5133,1328.323,145.7511
3.6396,39.1398,13.9969,14.2209,16.6796,-1.2312,4.5061,75.1966,4.5011,1328.3084,145.7477
3.6446,39.1382,13.9916,14.2126,16.6746,-1.2318,4.4977,75.1997,4.5005,1328.3174,145.756
3.6495,39.1409,13.9841,14.2158,16.6851,-1.2246,4.5014,75.1991,4.4984,1328.3188,145.7517
3.6545,39.2346,14.0041,14.2258,16.6761,-1.2369,4.5011,75.21,4.5039,1328.3684,145.7494
3.6595,39.2273,14.0102,14.213,16.6787,-1.228,4.5085,75.2063,4.4998,1328.3607,145.7494
3.6644,39.2295,14.0046,14.2144,16.681,-1.2326,4.5086,75.2136,4.5038,1328.358,145.7541
3.6694,39.2368,13.9996,14.2125,16.6729,-1.2332,4.5026,75.2145,4.5036,1328.3628,145.7597
3.6744,39.2323,13.9976,14.2098,16.6884,-1.242,4.5022,75.2086,4.505,1328.3592,145.7599
3.6793,39.2886,14.0072,14.2159,16.6721,-1.2332,4.5045,75.2118,4.5092,1328.3857,145.7546
3.6843,39.2955,14.0003,14.2151,16.6845,-1.2351,4.4992,75.2039,4.5037,1328.3882,145.7576
3.6892,39.2914,14.007,14.2322,16.6866,-1.235,4.505,75.2089,4.5048,1328.3864,145.7648
3.6942,39.283,14.0089,14.2174,16.6853,-1.2383,4.5073,75.2114,4.5055,1328.3935,145.749
3.6992,39.2822,13.9972,14.2257,16.6829,-1.2231,4.4986,75.2157,4.5092,1328.387,145.766
3.7041,39.3125,14.0057,14.2213,16.6903,-1.2319,4.4962,75.2139,4.4985,1328.4014,145.765
3.7091,39.319,14.008,14.2199,16.6881,-1.237,4.4967,75.2118,4.4976,1328.4076,145.7589
3.7141,39.3181,13.9968,14.2156,16.6804,-1.2327,4.5042,75.2094,4.5061,1328.4002,145.7554
3.719,39.3067,14.0059,14.2253,16.6941,-1.2319,4.5054,75.2153,4.5016,1328.3958,145.7565
3.724,39.3245,14.0025,14.2256,16.6752,-1.2302,4.5043,75.2112,4.4946,1328.4044,145.7676
3.729,39.3556,14.0092,14.2258,16.6819,-1.2208,4.4928,75.21,4.4942,1328.4151,145.7656
3.7339,39.3498,14.0038,14.2148,16.6852,-1.2337,4.5032,75.217,4.504,1328.4174,145.7632
3.7389,39.3543,14.0142,14.222,16.6863,-1.2297,4.4959,75.2082,4.504,1328.4222,145.7601
3.7439,39.3525,14.0113,14.223,16.6881,-1.2275,4.5032,75.2172,4.4969,1328.4138,145.7612
3.7488,39.3561,14.0036,14.2208,16.6926,-1.2312,4.5034,75.2019,4.4961,1328.409,145.7651
3.7538,39.3909,14.0165,14.2258,16.687,-1.2294,4.5066,75.2212,4.4992,1328.4303,145.7598
3.7588,39.3916,14.0069,14.2242,16.6809,-1.2283,4.5001,75.2169,4.5035,1328.4349,145.7673
3.7637,39.3993,14.0137,14.234,16.6899,-1.2285,4.5058,75.2148,4.4988,1328.4344,145.7634
3.7687,39.389,14.0145,14.2275,16.6868,-1.2292,4.5046,75.2229,4.5092,1328.4327,145.767
3.7737,39.396,14.0052,14.2237,16.6965,-1.2358,4.4989,75.2116,4.505,1328.441,145.7609
3.7786,39.429,14.0055,14.2299,16.6886,-1.2367,4.5049,75.2254,4.5002,1328.4514,145.7721
3.7836,39.4332,14.0148,14.223,16.6886,-1.2339,4.5057,75.2129,4.5005,1328.4551,145.7659
3.7885,39.4188,14.0154,14.2256,16.6872,-1.2193,4.5093,75.2251,4.5078,1328.453,145.7735
3.7935,39.4353,14.0038,14.231,16.6901,-1.2342,4.5088,75.2156,4.5021,1328.4468,145.7721
3.7985,39.4439,14.0143,14.2275,16.689,-1.2329,4.5019,75.2187,4.509,1328.4505,145.7687
3.8034,39.4872,14.0139,14.2407,16.6904,-1.2314,4.5001,75.222,4.5099,1328.4795,145.7736
3.8084,39.4819,14.0303,14.2263,16.6947,-1.2291,4.5043,75.2232,4.5086,1328.4751,145.7724
3.8134,39.4841,14.016,14.2339,16.6925,-1.2299,4.4994,75.2195,4.5066,1328.4765,145.7752
3.8183,39.483,14.0153,14.2288,16.6898,-1.2277,4.5021,75.2229,4.5055,1328.4861,145.7702
3.8233,39.4889,14.0213,14.2286,16.6936,-1.2322,4.5167,75.2181,4.5159,1328.4794,145.7874
3.8283,39.529,14.0172,14.2378,16.7026,-1.2293,4.5047,75.2284,4.5017,1328.4977,145.773
3.8332,39.5236,14.0116,14.2287,16.6881,-1.226,4.5087,75.2109,4.5041,1328.5025,145.7722
3.8382,39.5329,14.0185,14.2376,16.6944,-1.2348,4.5074,75.2294,4.5049,1328.5027,145.784
3.8432,39.5193,14.0291,14.2311,16.6993,-1.2334,4.4969,75.2132,4.5061,1328.497,145.7671
3.8481,39.5324,14.0143,14.2382,16.6936,-1.2273,4.5053,75.2285,4.5044,1328.502,145.7645
3.8531,39.6312,14.026,14.2378,16.7,-1.227,4.5124,75.2259,4.502,1328.5303,145.7774
3.8581,39.6247,14.0197,14.2418,16.702,-1.2373,4.5012,75.2331,4.5063,1328.5407,145.7759
3.863,39.6225,14.0152,14.2491,16.699,-1.2311,4.5048,75.2233,4.504,1328.5385,145.7825
3.868,39.63,14.0161,14.2441,16.7134,-1.2298,4.5087,75.2189,4.505,1328.5428,145.7814
3.873,39.6295,14.0174,14.2392,16.7039,-1.2336,4.4928,75.2317,4.5016,1328.5442,145.7817
3.8779,39.6468,14.0287,14.2406,16.7093,-1.2277,4.5098,75.2295,4.4949,1328.5542,145.7802
3.8829,39.6494,14.0259,14.2382,16.7025,-1.2397,4.4997,75.2339,4.5035,1328.5593,145.7754
3.8878,39.6546,14.0164,14.2435,16.7022,-1.233,4.5062,75.232,4.5171,1328.554,145.7778
3.8928,39.6485,14.027,14.2392,16.7102,-1.2258,4.5087,75.2298,4.5165,1328.5538,145.7747
3.8978,39.6465,14.0203,14.241,16.7014,-1.2256,4.5082,75.2276,4.4972,1328.5532,145.7759
3.9027,39.7828,14.0143,14.2412,16.7139,-1.2313,4.5027,75.2385,4.5079,1328.6123,145.7819
3.9077,39.7677,14.0255,14.2427,16.7185,-1.2339,4.5012,75.2242,4.4978,1328.6058,145.7809
3.9127,39.7777,14.0281,14.2409,16.7183,-1.235,4.5123,75.225,4.5074,1328.6043,145.7759
3.9176,39.7627,14.028,14.2491,16.7128,-1.2239,4.4966,75.2379,4.505,1328.6019,145.7831
3.9226,39.7681,14.0262,14.2439,16.72,-1.2307,4.5075,75.2389,4.5056,1328.6127,145.7886
3.9276,39.7926,14.0207,14.2485,16.7133,-1.237,4.5125,75.2395,4.4999,1328.6195,145.7892
3.9325,39.7882,14.0282,14.2488,16.7064,-1.2269,4.5021,75.2379,4.5023,1328.6213,145.7857
3.9375,39.7935,14.024,14.2417,16.696,-1.2311,4.5112,75.2366,4.5045,1328.6094,145.7929
3.9425,39.7952,14.0316,14.2474,16.7093,-1.2194,4.5034,75.2439,4.5023,1328.615,145.8021
3.9474,39.794,14.0227,14.2342,16.7212,-1.2328,4.5034,75.2361,4.5172,1328.6258,145.7953
3.9524,39.8551,14.0346,14.2479,16.7074,-1.227,4.5017,75.254,4.4995,1328.6463,145.7948
3.9574,39.863,14.036,14.2524,16.7186,-1.2314,4.5167,75.2459,4.501,1328.6582,145.7831
3.9623,39.8698,14.0381,14.2473,16.7211,-1.2214,4.5026,75.2422,4.5067,1328.6504,145.787
3.9673,39.8573,14.0316,14.2522,16.7084,-1.2451,4.5181,75.2466,4.5134,1328.6479,145.7924
3.9723,39.8505,14.0341,14.2568,16.7124,-1.2305,4.5,75.2395,4.5015,1328.6431,145.7998
3.9772,39.9096,14.0237,14.2537,16.7188,-1.2306,4.5065,75.2466,4.5077,1328.6559,145.7946
3.9822,39.9009,14.0199,14.2522,16.7207,-1.2389,4.5016,75.237,4.5096,1328.6551,145.7965
3.9871,39.8995,14.0405,14.2485,16.7277,-1.2354,4.5062,75.2447,4.507,1328.6623,145.8021
3.9921,39.9099,14.0301,14.2546,16.7187,-1.234,4.5095,75.2373,4.5059,1328.6683,145.7922
3.9971,39.9147,14.0393,14.2449,16.7082,-1.237,4.507,75.2451,4.5069,1328.6574,145.7931
4.002,39.9398,14.0261,14.2546,16.715,-1.2362,4.5081,75.2508,4.5029,1328.6828,145.7887
4.007,39.9454,14.0313,14.2515,16.7137,-1.2281,4.4939,75.2428,4.4988,1328.6841,145.8069
4.012,39.9367,14.0368,14.2472,16.7209,-1.2335,4.5015,75.2393,4.5098,1328.6757,145.798
4.0169,39.9467,14.0395,14.255,16.713,-1.2266,4.5077,75.2436,4.504,1328.6833,145.7926
4.0219,39.9466,14.0364,14.2592,16.726,-1.2319,4.5042,75.2401,4.5058,1328.6809,145.8004
4.0269,39.9938,14.0377,14.2586,16.7188,-1.2278,4.5072,75.2453,4.5095,1328.7019,145.7988
4.0318,39.9872,14.0327,14.2517,16.73,-1.2278,4.5101,75.2448,4.5108,1328.6974,145.8051
4.0368,39.9984,14.035,14.2649,16.7124,-1.237,4.5098,75.241,4.5124,1328.6991,145.7945
4.0418,39.9879,14.0367,14.2606,16.7212,-1.2283,4.5074,75.2532,4.4999,1328.7096,145.7928
4.0467,39.9917,14.04,14.264,16.7158,-1.2372,4.5108,75.2503,4.5021,1328.7044,145.8051
4.0517,40.0199,14.0442,14.257,16.7297,-1.2216,4.5058,75.2562,4.5069,1328.709,145.7977
4.0567,40.0413,14.0451,14.2587,16.7126,-1.2261,4.4958,75.2533,4.508,1328.7147,145.7983
4.0616,40.0299,14.0474,14.255,16.7264,-1.2291,4.507,75.2508,4.5122,1328.7213,145.7897
4.0666,40.0198,14.0373,14.2603,16.7207,-1.2312,4.4992,75.2511,4.5059,1328.7161,145.8097
4.0716,40.0295,14.0326,14.264,16.7281,-1.2388,4.5007,75.2506,4.5033,1328.7213,145.8005
4.0765,40.0772,14.0444,14.2686,16.7289,-1.2231,4.5068,75.2535,4.5046,1328.7442,145.8061
4.0815,40.0836,14.0396,14.2649,16.7176,-1.2268,4.5029,75.2573,4.5052,1328.7398,145.8006
4.0864,40.0838,14.0393,14.2648,16.723,-1.2335,4.4918,75.2542,4.4998,1328.7413,145.8042
4.0914,40.0849,14.0431,14.2627,16.7296,-1.2295,4.5047,75.2532,4.5075,1328.7461,145.8012
4.0964,40.0818,14.0378,14.2598,16.722,-1.2323,4.5016,75.2404,4.5008,1328.747,145.8042
4.1013,40.0934,14.0329,14.2658,16.7265,-1.226,4.5012,75.2514,4.513,1328.7427,145.8007
4.1063,40.1037,14.023,14.2644,16.7354,-1.2302,4.5118,75.253,4.5114,1328.7429,145.7917
4.1113,40.103,14.0422,14.2604,16.7249,-1.2237,4.5018,75.2632,4.5002,1328.7448,145.7976
4.1162,40.0841,14.0371,14.2579,16.7191,-1.2375,4.5043,75.2497,4.5007,1328.7441,145.8025
4.1212,40.1036,14.0357,14.2637,16.7388,-1.2199,4.5045,75.2568,4.5126,1328.7441,145.7946
4.1262,40.1584,14.0481,14.2797,16.7328,-1.2414,4.5023,75.2549,4.5067,1328.7608,145.8089
4.1311,40.171,14.0403,14.2607,16.7394,-1.2259,4.5068,75.2537,4.5083,1328.7716,145.8014
4.1361,40.1664,14.0498,14.2623,16.7252,-1.2213,4.5078,75.2593,4.5055,1328.778,145.8094
4.1411,40.1716,14.0413,14.2721,16.7327,-1.2338,4.5097,75.2596,4.5069,1328.7695,145.806
4.146,40.1484,14.0476,14.2628,16.7309,-1.2314,4.5108,75.2593,4.5053,1328.7655,145.8008
4.151,40.2627,14.0442,14.2846,16.7305,-1.2315,4.5051,75.2607,4.5066,1328.8133,145.823
4.156,40.2655,14.0477,14.2666,16.741,-1.2263,4.4993,75.2601,4.5111,1328.8164,145.8118
4.1609,40.2519,14.0395,14.2746,16.7388,-1.2269,4.5126,75.2544,4.5,1328.8016,145.8141
4.1659,40.2656,14.0449,14.2777,16.7387,-1.229,4.5088,75.2568,4.5002,1328.8101,145.8176
4.1709,40.2584,14.0489,14.2645,16.7333,-1.238,4.5121,75.2674,4.5171,1328.8146,145.8093
4.1758,40.2966,14.0469,14.2756,16.7408,-1.2281,4.5011,75.2592,4.5089,1328.8331,145.8179
4.1808,40.2977,14.0535,14.2703,16.7406,-1.2343,4.5113,75.2705,4.5163,1328.8222,145.8181
4.1857,40.2918,14.0525,14.2669,16.7409,-1.227,4.513,75.2633,4.5076,1328.826,145.8059
4.1907,40.2957,14.0434,14.2716,16.7361,-1.2285,4.5025,75.2571,4.5029,1328.8159,145.8182
4.1957,40.2865,14.0536,14.2802,16.7384,-1.2239,4.5029,75.2611,4.5034,1328.8237,145.8097
4.2006,40.2849,14.0435,14.2755,16.7312,-1.2258,4.5093,75.2604,4.5137,1328.8181,145.8081
4.2056,40.2835,14.0571,14.2777,16.7405,-1.2316,4.4903,75.2569,4.5144,1328.821,145.8074
4.2106,40.2824,14.0489,14.2818,16.7356,-1.2258,4.511,75.2606,4.51,1328.8299,145.8192
4.2155,40.2887,14.0406,14.2776,16.7305,-1.2274,4.5031,75.2649,4.5056,1328.8198,145.8096
4.2205,40.2799,14.046,14.2814,16.7415,-1.2385,4.5089,75.2719,4.5078,1328.8328,145.8121
4.2255,40.3283,14.0513,14.2715,16.744,-1.2431,4.5048,75.2648,4.5118,1328.8386,145.8162
4.2304,40.3493,14.0544,14.2703,16.7411,-1.225,4.5072,75.2659,4.5054,1328.8564,145.8109
4.2354,40.3482,14.058,14.2622,16.7456,-1.2373,4.5021,75.259,4.4996,1328.852,145.8184
4.2404,40.3406,14.0518,14.2726,16.7367,-1.2276,4.5066,75.2642,4.4985,1328.8446,145.8141
4.2453,40.3457,14.0415,14.269,16.7419,-1.2322,4.5142,75.2659,4.5003,1328.8418,145.8199
4.2503,40.3332,14.0522,14.2782,16.7444,-1.2308,4.5091,75.2648,4.5071,1328.8516,145.8126
4.2553,40.3669,14.0474,14.2715,16.7416,-1.2346,4.4963,75.2643,4.5149,1328.8612,145.825
4.2602,40.3668,14.0547,14.2808,16.7314,-1.2429,4.4994,75.2675,4.513,1328.868,145.8192
4.2652,40.3679,14.053,14.2772,16.7369,-1.2292,4.5017,75.27,4.5011,1328.8595,145.8227
4.2702,40.3556,14.0515,14.278,16.7446,-1.2258,4.5097,75.2652,4.5019,1328.8581,145.8218
4.2751,40.3733,14.0495,14.2773,16.7416,-1.2377,4.5057,75.2683,4.5033,1328.8483,145.8293
4.2801,40.3995,14.0534,14.2876,16.7424,-1.2291,4.5071,75.2762,4.5092,1328.8646,145.8135
4.285,40.3982,14.0537,14.2776,16.7429,-1.2337,4.5061,75.2751,4.5076,1328.8748,145.8246
4.29,40.3883,14.0598,14.2761,16.7456,-1.23,4.5038,75.2645,4.5137,1328.871,145.8205
4.295,40.4,14.0534,14.2695,16.7412,-1.2306,4.509,75.2702,4.5121,1328.8729,145.822
4.2999,40.3985,14.0483,14.2713,16.7407,-1.2328,4.5025,75.2682,4.5074,1328.8715,145.811
4.3049,40.398,14.0541,14.2873,16.7451,-1.2251,4.5094,75.2673,4.5015,1328.8713,145.8238
4.3099,40.3957,14.0536,14.2814,16.7414,-1.2435,4.5034,75.2708,4.5079,1328.8629,145.8091
4.3148,40.4049,14.0542,14.2709,16.7422,-1.2279,4.512,75.2642,4.5094,1328.8752,145.8085
4.3198,40.3957,14.0501,14.2824,16.7433,-1.2292,4.5036,75.2674,4.5052,1328.8732,145.8201
4.3248,40.3924,14.0438,14.2833,16.7382,-1.2333,4.5053,75.2676,4.509,1328.8675,145.8089
4.3297,40.445,14.0511,14.2821,16.7501,-1.2287,4.5033,75.2651,4.5086,1328.8855,145.8268
4.3347,40.4948,14.0579,14.2836,16.7422,-1.2262,4.5029,75.275,4.5161,1328.9051,145.823
4.3397,40.5015,14.0495,14.2916,16.7484,-1.2383,4.4986,75.2679,4.5053,1328.8967,145.8326
4.3446,40.4988,14.0579,14.2777,16.7448,-1.2299,4.5141,75.267,4.4988,1328.9027,145.8305
4.3496,40.4983,14.0577,14.2833,16.7436,-1.2281,4.513,75.2734,4.5034,1328.9034,145.8268
4.3546,40.5134,14.0535,14.2875,16.7532,-1.2327,4.5101,75.2736,4.5054,1328.9099,145.8205
4.3595,40.6395,14.0726,14.2826,16.7555,-1.2374,4.5031,75.2782,4.5062,1328.9448,145.8228
4.3645,40.6425,14.0595,14.2943,16.7545,-1.2335,4.5089,75.2796,4.5159,1328.9406,145.8329
4.3694,40.6376,14.0659,14.2784,16.7481,-1.2309,4.5123,75.2958,4.5041,1328.956,145.8263
4.3744,40.6329,14.0554,14.2844,16.7573,-1.2256,4.5041,75.2852,4.5043,1328.9579,145.8356
4.3794,40.7146,14.0645,14.3079,16.7513,-1.2328,4.5226,75.2826,4.5006,1328.9849,145.8354
4.3843,40.7056,14.0613,14.2889,16.7577,-1.2279,4.518,75.2848,4.5123,1328.9821,145.8392
4.3893,40.7155,14.0719,14.2935,16.7605,-1.2346,4.5096,75.294,4.5088,1328.9862,145.837
4.3943,40.7158,14.0627,14.2869,16.755,-1.2256,4.5143,75.2843,4.5122,1328.9853,145.8302
4.3992,40.7042,14.0702,14.2818,16.7517,-1.2228,4.5021,75.2838,4.5109,1328.9831,145.8348
4.4042,40.7864,14.0667,14.297,16.7556,-1.2264,4.5102,75.2854,4.5057,1329.0106,145.8481
4.4092,40.7861,14.0652,14.2898,16.7626,-1.2319,4.5055,75.2886,4.5056,1329.0124,145.8369
4.4141,40.7936,14.0647,14.2806,16.761,-1.229,4.5184,75.2895,4.5063,1329.0158,145.8354
4.4191,40.7802,14.068,14.2932,16.761,-1.232,4.5072,75.2816,4.5064,1329.0001,145.8265
4.4241,40.7879,14.0653,14.2991,16.7628,-1.2382,4.5092,75.2813,4.5024,1329.0098,145.8308
4.429,40.8053,14.0631,14.292,16.7691,-1.2287,4.4947,75.2865,4.5128,1329.0136,145.8249
4.434,40.8056,14.0667,14.3002,16.7694,-1.2386,4.5156,75.2955,4.5101,1329.0149,145.8412
4.439,40.8079,14.0584,14.2935,16.763,-1.2289,4.5035,75.2837,4.5045,1329.018,145.8335
4.4439,40.8126,14.0718,14.2991,16.7672,-1.2258,4.5061,75.2827,4.5093,1329.019,145.8423
4.4489,40.8071,14.0652,14.2944,16.7636,-1.2349,4.4993,75.2965,4.5063,1329.0149,145.8411
4.4539,40.8242,14.0663,14.2982,16.7618,-1.2316,4.5084,75.2888,4.5195,1329.0177,145.8396
4.4588,40.8301,14.0602,14.2946,16.7666,-1.2343,4.516,75.2908,4.5052,1329.019,145.8305
4.4638,40.8224,14.0582,14.2921,16.7705,-1.2238,4.51,75.2889,4.5028,1329.0321,145.8296
4.4687,40.8224,14.0695,14.2961,16.7627,-1.2362,4.5065,75.2797,4.5102,1329.0239,145.84
4.4737,40.8232,14.0544,14.2984,16.7697,-1.2345,4.5055,75.2859,4.5021,1329.0239,145.84
4.4787,40.8263,14.0768,14.297,16.7607,-1.225,4.511,75.2925,4.5092,1329.0382,145.8367
4.4836,40.8362,14.0777,14.2877,16.7734,-1.2302,4.5133,75.2861,4.509,1329.0328,145.8301
4.4886,40.8257,14.0717,14.3009,16.7608,-1.2295,4.5065,75.2986,4.5221,1329.0274,145.833
4.4936,40.8315,14.0661,14.2999,16.7628,-1.2314,4.5064,75.2843,4.5047,1329.0311,145.8423
4.4985,40.8394,14.066,14.2922,16.7739,-1.2252,4.5066,75.2885,4.5087,1329.0243,145.8369
4.5035,40.8344,14.0718,14.2917,16.7584,-1.2353,4.5051,75.2875,4.5053,1329.0243,145.8341
4.5085,40.9313,14.0768,14.3029,16.7659,-1.2338,4.5011,75.2979,4.5041,1329.068,145.8372
4.5134,40.9344,14.0837,14.3087,16.7651,-1.2354,4.5106,75.2985,4.4978,1329.068,145.8473
4.5184,40.9399,14.0777,14.302,16.7671,-1.2341,4.5093,75.2925,4.5091,1329.0718,145.8501
4.5234,40.9467,14.0691,14.2901,16.7647,-1.2261,4.5037,75.3004,4.5051,1329.0585,145.8413
4.5283,40.9363,14.075,14.2971,16.7577,-1.2291,4.504,75.2932,4.5025,1329.0784,145.8377
4.5333,40.9924,14.08,14.3043,16.7675,-1.2358,4.5033,75.2942,4.5056,1329.0922,145.8403
4.5383,40.9896,14.0762,14.3132,16.7668,-1.2351,4.5039,75.2984,4.5034,1329.094,145.842
4.5432,41.0014,14.0798,14.3076,16.7735,-1.2277,4.5099,75.3021,4.506,1329.0914,145.8522
4.5482,40.9866,14.0787,14.3067,16.7661,-1.2303,4.5131,75.3082,4.5097,1329.0937,145.8447
4.5532,40.9873,14.0794,14.3041,16.7655,-1.2333,4.504,75.2946,4.5088,1329.0926,145.8524
4.5581,41.0237,14.0749,14.3029,16.7701,-1.2357,4.509,75.2947,4.5071,1329.1038,145.8414
4.5631,41.0237,14.0786,14.3017,16.7719,-1.2213,4.5126,75.2945,4.5093,1329.1112,145.841
4.568,41.0341,14.0691,14.308,16.7722,-1.2289,4.5123,75.2973,4.5019,1329.1008,145.844
4.573,41.0201,14.0767,14.3103,16.7722,-1.2227,4.5064,75.302,4.5149,1329.1027,145.8492
4.578,41.0629,14.0734,14.3086,16.7811,-1.2348,4.5011,75.3042,4.5075,1329.1176,145.845
4.5829,41.0694,14.0773,14.309,16.7689,-1.2299,4.5073,75.3045,4.5148,1329.125,145.8495
4.5879,41.0703,14.0747,14.3123,16.7753,-1.2239,4.513,75.2959,4.5063,1329.1156,145.8589
4.5929,41.0774,14.0867,14.3095,16.7779,-1.2326,4.5189,75.2944,4.5029,1329.1194,145.8513
4.5978,41.0576,14.0858,14.3046,16.7752,-1.227,4.5152,75.2914,4.5112,1329.1202,145.8449
4.6028,41.1035,14.0801,14.3027,16.7746,-1.2353,4.5101,75.2973,4.5036,1329.1444,145.8553
4.6078,41.1019,14.0818,14.3025,16.7737,-1.2265,4.5196,75.298,4.5035,1329.1371,145.8546
4.6127,41.1088,14.0815,14.3103,16.771,-1.2307,4.5138,75.3021,4.4991,1329.1322,145.8458
4.6177,41.1005,14.073,14.3095,16.778,-1.2319,4.5085,75.2898,4.504,1329.1229,145.8442
4.6227,41.1038,14.0871,14.3115,16.771,-1.2318,4.5001,75.2991,4.5107,1329.1433,145.8597
4.6276,41.1656,14.0824,14.3147,16.775,-1.2292,4.5068,75.3097,4.5037,1329.1524,145.8518
4.6326,41.1472,14.0767,14.309,16.7772,-1.232,4.5112,75.2987,4.5118,1329.1601,145.8618
4.6376,41.1531,14.0692,14.3172,16.7805,-1.2419,4.5086,75.302,4.514,1329.1676,145.8497
4.6425,41.1505,14.0833,14.3141,16.7809,-1.2254,4.511,75.3069,4.5082,1329.1636,145.8481
4.6475,41.1539,14.0831,14.3068,16.7802,-1.2308,4.5001,75.3047,4.5115,1329.1578,145.8504
4.6525,41.1878,14.0788,14.3116,16.7824,-1.229,4.5098,75.2896,4.5003,1329.1887,145.8598
4.6574,41.182,14.077,14.3097,16.7712,-1.2272,4.5104,75.3029,4.5153,1329.1932,145.8617
4.6624,41.1922,14.0879,14.3115,16.7832,-1.2355,4.5002,75.3111,4.5184,1329.1907,145.8545
4.6673,41.1858,14.0776,14.3148,16.7823,-1.2256,4.506,75.3,4.5095,1329.1922,145.8626
4.6723,41.1934,14.0827,14.3161,16.7753,-1.2302,4.5114,75.3014,4.5132,1329.1982,145.8475
4.6773,41.2263,14.0766,14.3198,16.7804,-1.2357,4.5027,75.3013,4.5132,1329.2537,145.8603
4.6822,41.232,14.0879,14.3079,16.7839,-1.2324,4.5075,75.3044,4.5183,1329.2413,145.8588
4.6872,41.221,14.0816,14.3136,16.7805,-1.229,4.5091,75.3013,4.5126,1329.2544,145.851
4.6922,41.2258,14.0844,14.3192,16.7833,-1.2333,4.5118,75.3049,4.5068,1329.2514,145.8594
4.6971,41.2237,14.077,14.3028,16.7798,-1.2278,4.5089,75.2952,4.5127,1329.2491,145.8574
4.7021,41.262,14.0833,14.3134,16.7815,-1.2296,4.495,75.3031,4.5208,1329.281,145.8587
4.7071,41.256,14.0894,14.3147,16.7781,-1.2361,4.5106,75.3037,4.511,1329.2914,145.8573
4.712,41.261,14.0753,14.3234,16.782,-1.2289,4.507,75.3053,4.5087,1329.2775,145.8587
4.717,41.2607,14.0863,14.318,16.7849,-1.232,4.5115,75.3102,4.5013,1329.2874,145.8615
4.722,41.272,14.0818,14.3056,16.7836,-1.2304,4.5181,75.3048,4.5087,1329.2789,145.8643
4.7269,41.317,14.0905,14.3112,16.7798,-1.227,4.5087,75.3067,4.5204,1329.3425,145.8558
4.7319,41.3092,14.0861,14.3201,16.7816,-1.2401,4.512,75.3092,4.5127,1329.3387,145.8674
4.7369,41.3196,14.0858,14.3274,16.783,-1.2309,4.5064,75.3051,4.5099,1329.3414,145.8625
4.7418,41.3073,14.0852,14.3233,16.7829,-1.2227,4.5048,75.3107,4.5184,1329.3493,145.8628
4.7468,41.3117,14.0809,14.3234,16.7806,-1.227,4.505,75.3137,4.5045,1329.3375,145.8526
4.7518,41.4051,14.0853,14.3244,16.7933,-1.2276,4.5099,75.3102,4.5089,1329.4222,145.8638
4.7567,41.4064,14.0851,14.315,16.7899,-1.2156,4.5003,75.3198,4.513,1329.4146,145.8711
4.7617,41.4013,14.0907,14.3181,16.7905,-1.2362,4.5095,75.3138,4.5075,1329.4172,145.8623
4.7666,41.4072,14.0885,14.3196,16.7897,-1.2278,4.5127,75.3151,4.4998,1329.4199,145.8614
4.7716,41.4105,14.0905,14.3211,16.7855,-1.2307,4.5195,75.3104,4.5043,1329.4156,145.8656
4.7766,41.4412,14.0879,14.3217,16.7886,-1.2301,4.513,75.324,4.5165,1329.4231,145.862
4.7815,41.4451,14.088,14.3237,16.7962,-1.236,4.5037,75.3162,4.5081,1329.4315,145.8676
4.7865,41.4512,14.0829,14.3163,16.7994,-1.2305,4.4987,75.3066,4.5096,1329.4306,145.8681
4.7915,41.4519,14.0946,14.3252,16.7754,-1.2346,4.5135,75.3094,4.5117,1329.4298,145.8651
4.7964,41.4516,14.0884,14.3162,16.7928,-1.226,4.5163,75.3201,4.5113,1329.4329,145.8673
4.8014,41.4745,14.089,14.327,16.7873,-1.2283,4.5106,75.3294,4.5212,1329.4407,145.8651
4.8064,41.4865,14.0943,14.3204,16.7884,-1.231,4.5081,75.3181,4.5035,1329.4357,145.862
4.8113,41.4765,14.0982,14.3282,16.7918,-1.2351,4.5146,75.3219,4.5037,1329.4324,145.863
4.8163,41.4809,14.0905,14.3142,16.7868,-1.2406,4.5074,75.3236,4.5102,1329.4298,145.8639
4.8213,41.4806,14.0961,14.3199,16.7833,-1.232,4.512,75.3155,4.5109,1329.4396,145.8691
4.8262,41.5262,14.0936,14.3334,16.7918,-1.2347,4.4998,75.3138,4.525,1329.4215,145.8725
4.8312,41.515,14.0904,14.3271,16.7897,-1.2319,4.5098,75.3228,4.5045,1329.4069,145.8647
4.8362,41.5118,14.0904,14.3269,16.791,-1.2392,4.5114,75.3168,4.5016,1329.4079,145.8617
4.8411,41.5192,14.0954,14.3341,16.797,-1.2314,4.5059,75.3223,4.5029,1329.4073,145.8582
4.8461,41.5133,14.1004,14.3443,16.7898,-1.2345,4.5049,75.3232,4.5132,1329.4157,145.8661
4.8511,41.5557,14.0984,14.3248,16.7936,-1.2299,4.5073,75.3184,4.5033,1329.4005,145.8655
4.856,41.5593,14.096,14.3307,16.79,-1.2306,4.5078,75.3194,4.5105,1329.3997,145.8731
4.861,41.5464,14.1023,14.3281,16.7988,-1.2365,4.5085,75.3224,4.5164,1329.4003,145.8731
4.8659,41.5543,14.0979,14.3318,16.7989,-1.2294,4.512,75.3211,4.5079,1329.4034,145.8658
4.8709,41.5548,14.0909,14.3288,16.7977,-1.2249,4.5096,75.3201,4.5079,1329.3868,145.868
4.8759,41.5904,14.0972,14.3346,16.7934,-1.2324,4.5134,75.3167,4.5116,1329.398,145.8689
4.8808,41.5845,14.0915,14.3288,16.7935,-1.2311,4.517,75.3184,4.5085,1329.395,145.869
4.8858,41.5796,14.0917,14.3201,16.7973,-1.2369,4.5092,75.3232,4.5179,1329.3961,145.8723
4.8908,41.5941,14.0995,14.3329,16.8028,-1.2263,4.5134,75.3163,4.5087,1329.3939,145.8782
4.8957,41.5905,14.0962,14.3247,16.7989,-1.2236,4.5145,75.3148,4.5171,1329.3855,145.8772
4.9007,41.6072,14.0971,14.3371,16.7904,-1.23,4.5078,75.3242,4.5179,1329.3971,145.8652
4.9057,41.6132,14.0906,14.3249,16.8006,-1.2236,4.5031,75.329,4.5098,1329.3863,145.8715
4.9106,41.6073,14.0929,14.3188,16.7955,-1.2281,4.5166,75.3255,4.5109,1329.3901,145.8685
4.9156,41.6031,14.1042,14.3285,16.8058,-1.2378,4.5107,75.3179,4.5116,1329.3877,145.8667
4.9206,41.6134,14.0964,14.3273,16.791,-1.2236,4.5103,75.3227,4.5091,1329.3857,145.8698
4.9255,41.6395,14.1056,14.3269,16.7984,-1.236,4.5032,75.3242,4.5085,1329.3881,145.8714
4.9305,41.6396,14.0956,14.3343,16.796,-1.2383,4.5197,75.3256,4.5123,1329.3884,145.8718
4.9355,41.6381,14.096,14.3317,16.7905,-1.2264,4.513,75.3267,4.5046,1329.3811,145.8627
4.9404,41.6345,14.0997,14.3321,16.7979,-1.2266,4.5181,75.3217,4.5087,1329.3915,145.8721
4.9454,41.6327,14.091,14.3269,16.7967,-1.2301,4.5093,75.314,4.5098,1329.3876,145.8716
4.9504,41.6993,14.101,14.3401,16.8031,-1.2431,4.507,75.325,4.5083,1329.4019,145.8697
4.9553,41.7209,14.1112,14.3276,16.7976,-1.234,4.5075,75.3225,4.5074,1329.4105,145.8723
4.9603,41.7127,14.1057,14.3257,16.8039,-1.2368,4.5117,75.3275,4.5141,1329.4055,145.8801
4.9652,41.7001,14.1056,14.3307,16.8053,-1.2344,4.5151,75.3232,4.5116,1329.3951,145.8734
4.9702,41.7159,14.0981,14.3404,16.808,-1.2284,4.5067,75.3245,4.5088,1329.4118,145.8776
4.9752,41.7025,14.1014,14.3366,16.8011,-1.2152,4.512,75.3332,4.5091,1329.4031,145.8742
4.9801,41.7085,14.1025,14.333,16.7953,-1.2202,4.5088,75.3316,4.5059,1329.4052,145.8765
4.9851,41.7142,14.0952,14.3376,16.7999,-1.2312,4.5168,75.3223,4.5083,1329.4081,145.8692
4.9901,41.6938,14.0941,14.336,16.7915,-1.2382,4.5098,75.3309,4.5162,1329.4038,145.8719
4.995,41.7031,14.1055,14.3276,16.8016,-1.2295,4.5127,75.3235,4.5106,1329.3985,145.8685
5.0,41.7176,14.1067,14.333,16.813,-1.2345,4.5104,75.3252,4.5072,1329.4101,145.8726
