hemodynamics bgdiffusion value,caSys_pO2,cvSys_pO2,cvSys_O2sat,bgDO2,caSys_O2sat,paodia,paoavg,svr,col,cor
0.0001,159.1511,48.3706,83.6445,1275.5543,99.2836,91.1491,107.2796,72.738,4.3552,4.3565
0.00011,165.0633,48.5563,83.7939,1277.8054,99.3633,91.1502,107.2791,72.7387,4.3562,4.3579
0.00012,181.1637,49.0885,84.2062,1283.0591,99.5063,91.1492,107.2791,72.7372,4.3564,4.3555
0.00013,196.1586,49.5978,84.5841,1287.5223,99.6037,91.1497,107.2793,72.7369,4.3552,4.3564
0.00014,207.7133,49.9625,84.8506,1290.7837,99.6635,91.1497,107.2813,72.7383,4.3563,4.3571
0.00015,224.9694,50.4698,85.2121,1295.3613,99.7338,91.1497,107.2782,72.7372,4.3558,4.3566
0.00016,230.985,50.6251,85.3212,1296.9023,99.7533,91.1479,107.279,72.7378,4.3545,4.3558
0.00017,238.0977,50.8251,85.4595,1298.6976,99.7751,91.1519,107.2787,72.7345,4.3549,4.3566
0.00018,241.1442,50.8959,85.5089,1299.4542,99.7825,91.1502,107.2804,72.7364,4.3554,4.355
0.00019,246.4671,51.0431,85.6092,1300.7518,99.7947,91.1492,107.281,72.7381,4.3564,4.3549
0.0002,250.3949,51.1656,85.688,1301.7071,99.8036,91.1492,107.2785,72.7384,4.3555,4.3554
0.00021,253.7395,51.23,85.7344,1302.5193,99.8112,91.1506,107.2799,72.7371,4.356,4.3552
0.00022,255.9423,51.2898,85.7748,1303.0539,99.8151,91.1488,107.2795,72.7369,4.3549,4.3549
0.00023,257.3713,51.3613,85.8211,1303.3945,99.8185,91.151,107.2795,72.7382,4.3542,4.3552
0.00024,257.1664,51.3714,85.8284,1303.3441,99.8189,91.149,107.2815,72.7385,4.3572,4.3541
0.00025,258.4155,51.3794,85.831,1303.641,99.8207,91.1507,107.2791,72.7373,4.3542,4.355
0.00026,259.5031,51.4261,85.8632,1303.8996,99.822,91.1504,107.279,72.738,4.3555,4.3563
0.00027,259.9927,51.4338,85.8708,1304.0174,99.8238,91.1494,107.2781,72.7372,4.3554,4.3561
0.00028,261.8774,51.4659,85.8904,1304.4753,99.827,91.1494,107.2791,72.737,4.3569,4.3561
0.00029,262.2192,51.4786,85.9001,1304.5583,99.8288,91.1485,107.2817,72.7379,4.3558,4.3546
0.0003,262.1926,51.5199,85.9261,1304.5487,99.8284,91.1499,107.2788,72.735,4.3556,4.3548
0.00031,262.199,51.4869,85.9022,1304.5523,99.8278,91.1492,107.2788,72.7378,4.355,4.3555
0.00032,260.8545,51.473,85.8969,1304.2243,99.825,91.1492,107.2793,72.7382,4.3573,4.3569
0.00033,260.9044,51.4668,85.8934,1304.2345,99.8258,91.1502,107.2791,72.7372,4.3559,4.3554
0.00034,262.0415,51.4681,85.8921,1304.502,99.8288,91.1485,107.2793,72.7392,4.3548,4.3544
0.00035,262.6049,51.4856,85.9042,1304.6353,99.8291,91.15,107.2794,72.7367,4.3552,4.3568
0.00036,262.6963,51.4896,85.9051,1304.6585,99.8305,91.149,107.2811,72.7365,4.3566,4.356
0.00037,262.6001,51.5264,85.9317,1304.6373,99.8301,91.1502,107.278,72.7364,4.3558,4.3547
0.00038,261.2355,51.4929,85.909,1304.3094,99.8278,91.1484,107.2796,72.7375,4.3542,4.3567
0.00039,262.5916,51.5342,85.9367,1304.6411,99.8295,91.148,107.2804,72.7364,4.3558,4.3535
0.0004,261.8426,51.5212,85.9256,1304.4614,99.8269,91.1497,107.2797,72.7363,4.3573,4.3563
0.00041,261.795,51.5202,85.9256,1304.4474,99.8291,91.1495,107.2786,72.7374,4.3556,4.3553
0.00042,260.8652,51.4881,85.9034,1304.237,99.826,91.1489,107.2812,72.738,4.3545,4.3558
0.00043,260.9114,51.4963,85.9112,1304.2457,99.8254,91.1497,107.2811,72.7361,4.3568,4.3559
0.00044,261.7202,51.5384,85.9356,1304.4305,99.8263,91.1484,107.2803,72.738,4.355,4.3547
0.00045,262.0708,51.5472,85.9476,1304.5126,99.8287,91.1496,107.2795,72.7369,4.3551,4.358
0.00046,262.4069,51.5413,85.9384,1304.6029,99.8289,91.1503,107.2785,72.7362,4.3565,4.354
0.00047,261.1277,51.4844,85.9021,1304.2994,99.826,91.1504,107.2793,72.737,4.3546,4.3557
0.00048,261.3313,51.4765,85.8953,1304.3464,99.825,91.1486,107.2798,72.7369,4.3554,4.3568
0.00049,253.1881,51.0473,85.6051,1302.3803,99.8089,91.1491,107.2809,72.7298,4.3545,4.3554
0.0005,260.7196,51.4412,85.8732,1304.1983,99.8252,91.1494,107.2798,72.7384,4.3551,4.3556
0.00051,261.1961,51.4783,85.898,1304.313,99.827,91.1481,107.2805,72.7361,4.3544,4.3542
0.00052,260.5567,51.4665,85.8886,1304.1536,99.825,91.1494,107.2796,72.7385,4.3546,4.355
0.00053,260.5024,51.4658,85.8894,1304.1461,99.8245,91.1499,107.2795,72.737,4.3545,4.3554
0.00054,261.3547,51.4729,85.8939,1304.3404,99.8258,91.1489,107.2803,72.7379,4.3557,4.3544
0.00055,263.083,51.5111,85.9193,1304.7598,99.829,91.1483,107.2805,72.7361,4.356,4.3575
0.00056,261.8295,51.485,85.9037,1304.4637,99.8286,91.1489,107.279,72.7369,4.3558,4.3554
0.00057,261.8601,51.4957,85.9099,1304.4693,99.8266,91.148,107.2809,72.7378,4.3558,4.3556
0.00058,262.9405,51.546,85.9424,1304.7199,99.8282,91.148,107.2791,72.7367,4.354,4.3558
0.00059,263.1094,51.5448,85.9447,1304.757,99.8314,91.1495,107.2809,72.7371,4.3545,4.355
0.0006,262.5103,51.4894,85.9055,1304.6173,99.8287,91.1495,107.2791,72.7369,4.3569,4.3562
0.00061,262.8625,51.4741,85.8963,1304.7112,99.8293,91.1482,107.2797,72.7374,4.3562,4.3545
0.00062,263.2042,51.5274,85.9294,1304.7875,99.8302,91.1485,107.2796,72.7389,4.3546,4.3547
0.00063,262.7413,51.4848,85.9044,1304.6754,99.8288,91.1494,107.2803,72.7377,4.3573,4.3568
0.00064,261.2821,51.4727,85.8946,1304.3346,99.8259,91.1498,107.2784,72.7386,4.3551,4.3551
0.00065,262.751,51.5335,85.933,1304.6884,99.8287,91.1491,107.2821,72.7368,4.355,4.3561
0.00065,263.299,51.5543,85.9489,1304.817,99.8314,91.15,107.2796,72.7377,4.3553,4.3566
0.00066,262.7821,51.5448,85.9436,1304.6883,99.8295,91.1519,107.2796,72.7365,4.356,4.3564
0.00067,261.3288,51.4937,85.9101,1304.3418,99.8272,91.149,107.2802,72.7365,4.3558,4.3541
0.00068,262.7091,51.5568,85.9512,1304.6702,99.829,91.1484,107.2812,72.7364,4.3546,4.355
0.00069,262.6931,51.5582,85.9513,1304.6694,99.83,91.1489,107.2796,72.7359,4.3571,4.355
0.0007,262.3573,51.5608,85.9547,1304.583,99.8296,91.1505,107.277,72.7376,4.3548,4.3557
0.00071,262.3187,51.553,85.9495,1304.5766,99.8266,91.1495,107.2804,72.7377,4.3567,4.3563
0.00072,262.5714,51.5335,85.9362,1304.6386,99.8276,91.1491,107.2789,72.7376,4.3554,4.3553
0.00073,261.4151,51.4743,85.8985,1304.3551,99.8269,91.1497,107.2793,72.736,4.3554,4.3559
0.00074,261.61,51.4829,85.9029,1304.4007,99.8277,91.147,107.28,72.738,4.3557,4.3554
0.00075,262.3404,51.513,85.9224,1304.5783,99.8279,91.1481,107.2791,72.7379,4.3562,4.354
0.00076,262.0684,51.4751,85.8948,1304.5109,99.829,91.149,107.2796,72.7386,4.3551,4.3561
0.00077,261.5384,51.4926,85.9082,1304.3868,99.8262,91.1492,107.2797,72.7366,4.355,4.3565
0.00078,262.5374,51.5291,85.9328,1304.6245,99.8292,91.149,107.2777,72.7398,4.3556,4.3577
0.00079,261.5819,51.5014,85.9152,1304.4042,99.826,91.1498,107.2794,72.7379,4.3563,4.3556
0.0008,261.7183,51.5048,85.9174,1304.4395,99.8268,91.1499,107.2794,72.7381,4.3552,4.3553
0.00081,263.273,51.5525,85.9496,1304.8101,99.8316,91.151,107.2787,72.7368,4.356,4.3568
0.00082,262.362,51.5302,85.9338,1304.5867,99.8272,91.1494,107.2803,72.7377,4.354,4.354
0.00083,261.076,51.4873,85.9049,1304.2798,99.8273,91.1463,107.2804,72.7381,4.3559,4.3551
0.00084,262.8108,51.5546,85.9466,1304.693,99.8279,91.149,107.2806,72.7368,4.3562,4.3541
0.00085,262.9896,51.5523,85.9469,1304.7318,99.8297,91.1492,107.28,72.7377,4.3568,4.3567
0.00086,261.9372,51.4954,85.9089,1304.488,99.8272,91.1486,107.2779,72.7376,4.3558,4.3549
0.00087,261.867,51.4882,85.9044,1304.4763,99.827,91.1498,107.2794,72.7374,4.3566,4.3553
0.00088,262.7273,51.5266,85.9311,1304.6795,99.8287,91.1487,107.2791,72.7377,4.3557,4.3551
0.00089,261.9704,51.4755,85.8967,1304.4879,99.8287,91.1493,107.2793,72.7377,4.3552,4.3571
0.0009,261.5849,51.4841,85.9019,1304.3955,99.825,91.1506,107.2794,72.7374,4.3543,4.356
0.00091,262.4444,51.5211,85.9299,1304.6068,99.8287,91.1488,107.2789,72.7376,4.3542,4.3578
0.00092,261.8013,51.4907,85.9061,1304.4485,99.8255,91.1479,107.2797,72.7358,4.355,4.3544
0.00093,262.7573,51.5307,85.9341,1304.6793,99.8294,91.1501,107.2795,72.7386,4.3556,4.3542
0.00094,262.9637,51.5285,85.9324,1304.7318,99.8302,91.151,107.2793,72.7368,4.3562,4.3559
0.00095,262.7024,51.4916,85.9079,1304.6608,99.8288,91.1501,107.2822,72.7359,4.357,4.3561
0.00096,263.1648,51.5289,85.9325,1304.771,99.8309,91.1497,107.2784,72.7395,4.3556,4.3568
0.00097,263.0775,51.5431,85.943,1304.7531,99.8303,91.1493,107.2806,72.737,4.356,4.3552
0.00098,262.6138,51.5402,85.9391,1304.6483,99.8295,91.1485,107.2787,72.7379,4.3545,4.3559
0.00099,261.1624,51.4998,85.9113,1304.3046,99.8264,91.149,107.2806,72.7383,4.3561,4.357
0.001,261.6223,51.5331,85.935,1304.4114,99.8274,91.1498,107.2784,72.7374,4.3543,4.3565
0.00101,261.6088,51.5333,85.9341,1304.4074,99.8277,91.1486,107.2798,72.7378,4.3548,4.3558
0.00102,262.1385,51.5513,85.9478,1304.5299,99.8289,91.1488,107.2793,72.7362,4.3559,4.3548
0.00103,262.6366,51.5497,85.9462,1304.6532,99.829,91.1506,107.2802,72.7382,4.3549,4.3542
0.00104,262.4896,51.5445,85.942,1304.619,99.8272,91.1478,107.2782,72.7397,4.3546,4.3543
0.00105,262.3081,51.5307,85.9333,1304.576,99.8272,91.1485,107.2806,72.7373,4.3558,4.355
0.00106,262.3063,51.5317,85.9338,1304.5769,99.8293,91.1496,107.2785,72.7388,4.356,4.3547
0.00107,262.3401,51.5314,85.9337,1304.5831,99.829,91.1487,107.2807,72.7364,4.3546,4.355
0.00108,261.323,51.495,85.9099,1304.342,99.8258,91.1495,107.2797,72.7378,4.3529,4.3555
0.00109,261.3216,51.4941,85.9096,1304.3422,99.8255,91.1503,107.2799,72.7367,4.3556,4.3545
0.0011,261.3879,51.4955,85.9093,1304.3567,99.8267,91.149,107.2823,72.7392,4.3541,4.3549
0.00111,261.3899,51.4938,85.9102,1304.3565,99.8283,91.1492,107.2803,72.7363,4.3548,4.3557
0.00112,261.3893,51.4957,85.9093,1304.3565,99.8285,91.1471,107.2788,72.7388,4.3548,4.3565
0.00113,262.7286,51.5347,85.9372,1304.6728,99.8272,91.1509,107.2795,72.7377,4.3547,4.357
0.00114,262.7298,51.5352,85.9345,1304.6727,99.8303,91.1487,107.2817,72.7386,4.3547,4.3558
0.00115,262.6656,51.5331,85.9339,1304.6561,99.8279,91.1493,107.2778,72.737,4.3555,4.3548
0.00116,262.6665,51.5331,85.9343,1304.6579,99.8297,91.1495,107.2804,72.7383,4.3553,4.356
0.00117,262.6397,51.5325,85.9332,1304.6507,99.8303,91.149,107.2811,72.7361,4.3545,4.3557
0.00118,262.6272,51.5332,85.9355,1304.6472,99.8287,91.1488,107.2787,72.7364,4.3545,4.3545
0.00119,262.6244,51.5318,85.9355,1304.6453,99.8287,91.1487,107.2785,72.7374,4.3554,4.3562
0.0012,261.2746,51.495,85.9098,1304.321,99.8275,91.1501,107.2807,72.7379,4.3552,4.3542
0.00121,261.2729,51.4934,85.9093,1304.3221,99.8239,91.1495,107.2798,72.7371,4.3527,4.3558
0.00122,261.2754,51.4958,85.9074,1304.3208,99.8264,91.1506,107.2796,72.7383,4.3569,4.3564
0.00123,261.1554,51.4943,85.9099,1304.2922,99.8279,91.1482,107.2781,72.7351,4.3552,4.3563
0.00124,261.1558,51.4942,85.9087,1304.2946,99.825,91.1479,107.2812,72.7362,4.3563,4.3538
0.00125,261.1546,51.4941,85.9085,1304.2923,99.8255,91.1483,107.2798,72.7385,4.3539,4.3565
0.00126,260.9719,51.4897,85.9066,1304.2483,99.8244,91.149,107.281,72.7379,4.3567,4.3551
0.00127,260.9693,51.486,85.906,1304.2479,99.8258,91.1475,107.2794,72.7368,4.3552,4.3556
0.00128,261.7061,51.5319,85.9346,1304.4272,99.8259,91.1503,107.2794,72.736,4.3563,4.3559
0.00129,261.7061,51.5332,85.9336,1304.4271,99.8271,91.15,107.2804,72.7379,4.3543,4.3559
0.0013,261.7059,51.5328,85.9343,1304.4275,99.8268,91.147,107.2802,72.7365,4.3568,4.3562
0.00131,261.7653,51.5332,85.9358,1304.4414,99.8269,91.1481,107.2787,72.7366,4.3559,4.3558
0.00132,261.763,51.5343,85.933,1304.4413,99.8271,91.1494,107.2805,72.7381,4.3557,4.3568
0.00133,261.2324,51.4968,85.9088,1304.3143,99.8261,91.1492,107.2813,72.739,4.3562,4.3555
0.00134,261.2312,51.4944,85.908,1304.3132,99.8281,91.1478,107.2811,72.7371,4.3578,4.3553
0.00135,261.2323,51.4969,85.9104,1304.3155,99.827,91.1484,107.2772,72.738,4.3555,4.3533
0.00136,261.3816,51.4942,85.9095,1304.3537,99.8248,91.1494,107.2789,72.7384,4.3543,4.3556
0.00137,261.3825,51.4966,85.9108,1304.355,99.8278,91.1501,107.2794,72.737,4.3545,4.3561
0.00138,262.4373,51.5357,85.9357,1304.6088,99.8293,91.1487,107.2797,72.739,4.3561,4.3553
0.00139,262.4363,51.5336,85.9368,1304.6089,99.8284,91.1479,107.2788,72.7372,4.3556,4.3552
0.0014,262.4373,51.5355,85.9348,1304.6095,99.8296,91.1502,107.2809,72.7364,4.3536,4.3536
0.00141,262.5219,51.5341,85.9356,1304.6299,99.8284,91.1479,107.2811,72.7375,4.3545,4.354
0.00142,262.5215,51.5348,85.9379,1304.6297,99.8297,91.1495,107.2797,72.7398,4.3563,4.355
0.00143,263.1882,51.5592,85.952,1304.7905,99.8304,91.1488,107.2814,72.7364,4.3559,4.3555
0.00144,263.1912,51.5599,85.9525,1304.7888,99.8289,91.1492,107.2809,72.7372,4.356,4.3541
0.00145,263.188,51.5595,85.9528,1304.7928,99.8305,91.1499,107.2808,72.7397,4.3562,4.3568
0.00146,263.1852,51.5601,85.9533,1304.79,99.8306,91.1494,107.2782,72.7386,4.3554,4.3548
0.00147,263.1842,51.5584,85.9532,1304.7895,99.8299,91.1493,107.279,72.7375,4.3548,4.3549
0.00148,263.1845,51.5587,85.9508,1304.7887,99.8296,91.1485,107.28,72.7354,4.3555,4.3573
0.00149,263.1855,51.5606,85.9536,1304.7912,99.8305,91.1488,107.2786,72.7372,4.3572,4.3569
0.0015,263.1848,51.5595,85.9522,1304.7901,99.8322,91.1492,107.2808,72.738,4.3549,4.3556
0.00151,263.1962,51.5592,85.9531,1304.7941,99.8308,91.1492,107.281,72.7378,4.3553,4.3554
0.00152,263.1966,51.5581,85.9536,1304.7918,99.8298,91.1511,107.2812,72.7366,4.3553,4.3549
0.00153,263.181,51.5585,85.9504,1304.7857,99.8296,91.15,107.2784,72.7378,4.356,4.3545
0.00154,263.179,51.5572,85.9532,1304.7906,99.8307,91.1495,107.2787,72.7363,4.3561,4.3548
0.00155,263.181,51.5594,85.9518,1304.7913,99.8294,91.149,107.2788,72.7367,4.3575,4.3565
0.00156,263.1773,51.5578,85.9542,1304.7906,99.8313,91.1506,107.2811,72.7377,4.3543,4.3552
0.00157,263.1777,51.5582,85.951,1304.789,99.8291,91.1482,107.2803,72.7369,4.3555,4.3536
0.00158,263.1515,51.559,85.95,1304.7817,99.8306,91.1493,107.2807,72.7372,4.356,4.3549
0.00159,263.1507,51.5574,85.9532,1304.7825,99.8306,91.1486,107.2819,72.7392,4.3542,4.3561
0.0016,263.1504,51.5572,85.951,1304.7813,99.8314,91.1494,107.2802,72.7385,4.3534,4.3553
0.00161,263.2043,51.5574,85.9493,1304.794,99.8301,91.1495,107.2806,72.733,4.3574,4.3557
0.00162,263.2062,51.5591,85.9509,1304.7917,99.8301,91.15,107.2791,72.7372,4.3565,4.3534
0.00163,262.5763,51.5358,85.9356,1304.6433,99.828,91.1497,107.2803,72.7391,4.3571,4.3539
0.00164,262.576,51.5356,85.9366,1304.642,99.8292,91.1493,107.2787,72.7385,4.355,4.3556
0.00165,262.5758,51.5361,85.9368,1304.6415,99.8297,91.1488,107.2798,72.7378,4.3558,4.356
0.00166,262.5826,51.5361,85.9377,1304.6424,99.8287,91.1478,107.2787,72.7371,4.3558,4.3556
0.00167,262.5837,51.5369,85.9357,1304.6449,99.8288,91.15,107.28,72.7368,4.3568,4.353
0.00168,262.5043,51.5298,85.9356,1304.6256,99.8286,91.1494,107.2792,72.7374,4.3554,4.3573
0.00169,262.5046,51.5316,85.9344,1304.625,99.8287,91.1516,107.2792,72.7374,4.3556,4.3525
0.0017,262.5029,51.5321,85.933,1304.6243,99.8283,91.1487,107.2816,72.7378,4.3562,4.3534
0.00171,262.4758,51.5316,85.9335,1304.6175,99.8285,91.1502,107.2791,72.7388,4.3555,4.3574
0.00172,262.4762,51.5315,85.9344,1304.6192,99.8275,91.1491,107.2807,72.7387,4.3566,4.3559
0.00173,261.3063,51.4912,85.9076,1304.3389,99.827,91.1495,107.2793,72.7367,4.3545,4.3542
0.00174,261.3066,51.4932,85.9083,1304.336,99.827,91.1486,107.2778,72.7371,4.3554,4.3556
0.00175,261.3046,51.4921,85.9071,1304.3385,99.8251,91.1496,107.2801,72.7372,4.3549,4.3569
0.00175,261.3051,51.4907,85.9098,1304.3383,99.827,91.1477,107.2789,72.7369,4.356,4.3538
0.00176,261.3046,51.4913,85.9076,1304.3386,99.8267,91.1498,107.2804,72.7388,4.3571,4.3545
0.00177,261.3025,51.4913,85.9088,1304.3374,99.8266,91.1493,107.2819,72.7374,4.3553,4.3559
0.00178,262.4252,51.5284,85.932,1304.6062,99.829,91.151,107.2793,72.7371,4.3545,4.3554
0.00179,262.4242,51.528,85.9313,1304.6048,99.8281,91.1493,107.2798,72.7368,4.3552,4.3567
0.0018,262.5999,51.5265,85.9315,1304.6492,99.8258,91.1502,107.2788,72.7379,4.3553,4.3553
0.00181,262.5992,51.5294,85.9306,1304.6477,99.8288,91.1491,107.2776,72.7395,4.3559,4.3552
0.00182,262.5993,51.5274,85.9303,1304.6484,99.8301,91.1488,107.2789,72.7364,4.3555,4.3546
0.00183,261.9172,51.4949,85.9103,1304.4868,99.826,91.1518,107.2799,72.7372,4.3546,4.3564
0.00184,261.9168,51.4949,85.908,1304.4885,99.8292,91.1506,107.28,72.7389,4.3548,4.3551
0.00185,261.2135,51.4712,85.894,1304.3198,99.825,91.1493,107.2798,72.7375,4.3553,4.3559
0.00186,261.215,51.4719,85.894,1304.3188,99.8261,91.1478,107.2806,72.7402,4.3537,4.3558
0.00187,261.2143,51.4719,85.8963,1304.3184,99.8259,91.1502,107.2795,72.737,4.3553,4.3546
0.00188,260.7689,51.4683,85.8921,1304.2103,99.8253,91.1501,107.2796,72.7366,4.3552,4.356
0.00189,260.7684,51.4664,85.8919,1304.2128,99.8252,91.149,107.2794,72.7365,4.3559,4.3552
0.0019,260.6678,51.4652,85.8926,1304.1865,99.8255,91.148,107.2807,72.7377,4.3551,4.3546
0.00191,260.6651,51.4678,85.8907,1304.1871,99.8244,91.1496,107.2796,72.7369,4.3541,4.3554
0.00192,260.6672,51.4683,85.8919,1304.1872,99.8265,91.1476,107.2804,72.7381,4.3557,4.3562
0.00193,260.8767,51.4711,85.895,1304.2414,99.8266,91.1475,107.2801,72.7385,4.3559,4.3556
0.00194,260.8787,51.4708,85.893,1304.242,99.826,91.1505,107.2787,72.7367,4.3575,4.3584
0.00195,261.4472,51.4928,85.9086,1304.3742,99.8263,91.1498,107.2795,72.7373,4.3541,4.3577
0.00196,261.4473,51.4926,85.9093,1304.373,99.8268,91.1502,107.2785,72.7373,4.3538,4.3549
0.00197,261.4449,51.493,85.9083,1304.3733,99.8261,91.1488,107.2793,72.736,4.3543,4.3571
0.00198,262.5219,51.5339,85.9367,1304.6203,99.8291,91.1489,107.2791,72.7358,4.3569,4.3546
0.00199,262.5219,51.5339,85.9365,1304.6214,99.8289,91.1501,107.2795,72.7374,4.3553,4.3544
0.002,262.9426,51.5505,85.9446,1304.7182,99.8283,91.1506,107.2802,72.7384,4.3562,4.3558
0.00201,262.9413,51.5522,85.9461,1304.7182,99.8309,91.1494,107.2795,72.7373,4.354,4.3539
0.00202,262.9402,51.5509,85.9469,1304.7176,99.8294,91.1492,107.2817,72.737,4.3568,4.3563
0.00203,262.9918,51.5531,85.9488,1304.728,99.8297,91.1487,107.2796,72.7375,4.3551,4.3557
0.00204,262.9918,51.556,85.9506,1304.7261,99.8301,91.1493,107.2788,72.7382,4.3572,4.3547
0.00205,262.7854,51.5543,85.9516,1304.6811,99.8296,91.1488,107.2797,72.7368,4.3568,4.3545
0.00206,262.7851,51.5556,85.9491,1304.6799,99.8276,91.1505,107.2807,72.7375,4.3545,4.3556
0.00207,262.7858,51.5564,85.9482,1304.6807,99.8305,91.1492,107.282,72.7372,4.355,4.3561
0.00208,261.9753,51.5497,85.945,1304.4887,99.8287,91.1506,107.2793,72.7375,4.3556,4.3565
0.00209,261.9759,51.5494,85.9449,1304.4865,99.8275,91.148,107.2796,72.7376,4.3548,4.355
0.0021,261.6121,51.5352,85.936,1304.402,99.8267,91.1477,107.2802,72.7372,4.3552,4.3548
0.00211,261.6075,51.5346,85.9383,1304.4018,99.8289,91.1483,107.2801,72.7364,4.3545,4.3552
0.00212,261.609,51.5364,85.9349,1304.4044,99.8273,91.1494,107.2797,72.7385,4.3528,4.357
0.00213,261.2129,51.5002,85.9128,1304.3093,99.8262,91.149,107.2798,72.7379,4.357,4.3555
0.00214,261.2133,51.5002,85.9133,1304.307,99.8286,91.1485,107.2797,72.7377,4.3535,4.3563
0.00215,261.128,51.4937,85.911,1304.2886,99.826,91.1489,107.28,72.7373,4.3533,4.3553
0.00216,261.1275,51.4959,85.9099,1304.2877,99.8263,91.1479,107.2789,72.7361,4.356,4.3561
0.00217,261.1251,51.4972,85.9105,1304.2886,99.8288,91.1485,107.2795,72.7365,4.3566,4.3561
0.00218,261.0212,51.4819,85.899,1304.259,99.8258,91.1513,107.2779,72.7365,4.3554,4.3534
0.00219,261.0192,51.4764,85.8987,1304.2616,99.8268,91.1478,107.2789,72.7358,4.3553,4.3548
0.0022,261.1522,51.4739,85.8954,1304.2927,99.827,91.1488,107.279,72.7385,4.3549,4.3558
0.00221,261.1534,51.4723,85.895,1304.2931,99.826,91.1476,107.2794,72.7359,4.3561,4.3572
0.00222,261.1519,51.4731,85.8965,1304.2899,99.8256,91.1488,107.2794,72.7365,4.3541,4.3545
0.00223,261.2009,51.4673,85.8899,1304.3034,99.8256,91.1493,107.2794,72.7397,4.3568,4.3531
0.00224,261.1999,51.4657,85.892,1304.3032,99.8263,91.1497,107.2809,72.7385,4.3565,4.355
0.00225,261.4111,51.4647,85.8898,1304.3509,99.8278,91.1493,107.2794,72.7365,4.3563,4.3557
0.00226,261.4129,51.4663,85.8914,1304.3519,99.8268,91.1504,107.2797,72.737,4.3555,4.3547
0.00227,261.4108,51.4652,85.8924,1304.3506,99.8271,91.1508,107.279,72.7375,4.3547,4.3562
0.00228,261.4092,51.466,85.8913,1304.353,99.8281,91.1489,107.2789,72.7365,4.3551,4.3549
0.00229,261.4101,51.467,85.8899,1304.3509,99.8274,91.1497,107.2794,72.7385,4.3549,4.3554
0.0023,262.0386,51.465,85.8921,1304.5031,99.8289,91.1489,107.2805,72.7375,4.3557,4.3564
0.00231,262.0978,51.4677,85.891,1304.5164,99.8277,91.15,107.281,72.7372,4.356,4.3555
0.00232,262.0993,51.4669,85.8914,1304.5174,99.8284,91.1496,107.2798,72.7368,4.3529,4.355
0.00233,262.0371,51.4692,85.8934,1304.5039,99.8287,91.1488,107.2787,72.7366,4.3561,4.3565
0.00234,262.0378,51.4683,85.8923,1304.5044,99.8286,91.1478,107.2793,72.7378,4.3558,4.355
0.00235,262.0363,51.4684,85.8916,1304.5042,99.8295,91.1492,107.2795,72.7392,4.3565,4.3547
0.00236,262.1888,51.4746,85.8952,1304.5422,99.8273,91.1496,107.2782,72.7381,4.3555,4.355
0.00237,262.1918,51.4749,85.8961,1304.542,99.8286,91.1498,107.2814,72.7355,4.3551,4.3559
0.00238,261.33,51.4756,85.8963,1304.3409,99.8259,91.1469,107.2792,72.7389,4.3562,4.3542
0.00239,261.3286,51.476,85.8967,1304.3403,99.8251,91.1486,107.2799,72.7388,4.3565,4.3569
0.0024,261.3302,51.4752,85.8972,1304.3433,99.8274,91.1502,107.2793,72.7372,4.3554,4.3538
0.00241,261.5287,51.4901,85.9071,1304.3912,99.8271,91.1488,107.2792,72.7371,4.3576,4.3546
0.00242,261.5299,51.493,85.9071,1304.3915,99.8281,91.1496,107.2814,72.7404,4.3551,4.3552
0.00243,262.7461,51.5317,85.9342,1304.6857,99.8284,91.1495,107.2797,72.7385,4.3559,4.3556
0.00244,262.7441,51.5329,85.9328,1304.6856,99.8308,91.1491,107.2791,72.7383,4.3564,4.3557
0.00245,262.7439,51.5323,85.9351,1304.6856,99.8288,91.1487,107.2778,72.7352,4.3554,4.3552
0.00246,263.1812,51.5509,85.9457,1304.79,99.8287,91.151,107.2803,72.7365,4.355,4.3561
0.00247,263.1821,51.5486,85.9452,1304.7924,99.83,91.1484,107.2805,72.7385,4.3552,4.3556
0.00248,263.2508,51.5601,85.9496,1304.8099,99.8298,91.1481,107.2783,72.7381,4.3564,4.3538
0.00249,263.2504,51.5602,85.9528,1304.8099,99.8289,91.1492,107.279,72.7392,4.3554,4.356
0.0025,263.2809,51.5605,85.95,1304.8165,99.83,91.1489,107.2788,72.7367,4.3563,4.3532
0.00251,263.2138,51.5614,85.9536,1304.8006,99.8306,91.1481,107.28,72.7369,4.3568,4.3546
0.00252,263.214,51.5628,85.9539,1304.7998,99.8289,91.1489,107.2805,72.7371,4.3546,4.3558
0.00253,263.2479,51.5619,85.9537,1304.8071,99.8313,91.1497,107.2785,72.7368,4.3554,4.3571
0.00254,263.2502,51.5614,85.953,1304.8063,99.8312,91.1499,107.2769,72.7386,4.3552,4.3561
0.00255,263.3132,51.5618,85.9552,1304.8217,99.8327,91.1483,107.2788,72.7385,4.3566,4.3572
0.00256,263.3162,51.5604,85.9558,1304.8212,99.8295,91.148,107.2799,72.7357,4.3564,4.3573
0.00257,263.3159,51.5622,85.9543,1304.8198,99.8305,91.1487,107.2801,72.7385,4.3577,4.3555
0.00258,263.5012,51.5619,85.9538,1304.8651,99.8309,91.1489,107.2788,72.7371,4.3565,4.3557
0.00259,263.501,51.5636,85.9545,1304.867,99.829,91.1501,107.2809,72.7387,4.3556,4.3563
0.0026,263.3561,51.5637,85.9529,1304.8295,99.8313,91.1469,107.279,72.7381,4.357,4.3582
0.00261,263.3563,51.5639,85.9542,1304.8274,99.8309,91.1483,107.2799,72.7386,4.3564,4.3552
0.00262,263.3565,51.562,85.9533,1304.8304,99.8305,91.1491,107.2783,72.7372,4.3571,4.3576
0.00263,263.2946,51.5617,85.9552,1304.8076,99.831,91.1487,107.2792,72.7366,4.3571,4.3558
0.00264,263.2938,51.5623,85.9522,1304.8088,99.8287,91.1483,107.2799,72.7373,4.3554,4.3573
0.00265,263.2786,51.5634,85.9518,1304.8033,99.8289,91.1491,107.279,72.7392,4.3545,4.3546
0.00266,263.2794,51.5626,85.953,1304.8036,99.8303,91.1491,107.2798,72.7377,4.356,4.3576
0.00267,263.2794,51.563,85.9521,1304.804,99.8298,91.1497,107.2806,72.7376,4.3552,4.3565
0.00268,263.1032,51.5561,85.9506,1304.7672,99.8304,91.1481,107.2779,72.736,4.3542,4.3562
0.00269,263.106,51.5553,85.9499,1304.7663,99.8297,91.1497,107.2809,72.737,4.3572,4.3555
0.0027,263.0856,51.5545,85.9526,1304.7602,99.8309,91.1508,107.279,72.7374,4.3547,4.3559
0.00271,262.8079,51.5444,85.9423,1304.6963,99.8302,91.148,107.2793,72.737,4.3546,4.3562
0.00272,262.8083,51.5444,85.9449,1304.6936,99.8302,91.1508,107.2797,72.7368,4.3552,4.3572
0.00273,262.0164,51.5167,85.9229,1304.4976,99.8278,91.1468,107.2803,72.7366,4.3555,4.3565
0.00274,262.0169,51.5161,85.9218,1304.496,99.8273,91.1499,107.2793,72.7367,4.3562,4.3564
0.00275,262.0169,51.5143,85.9236,1304.4971,99.827,91.1499,107.2799,72.7382,4.3553,4.3561
0.00276,261.951,51.5117,85.9192,1304.4777,99.8283,91.1504,107.2816,72.7387,4.3528,4.3552
0.00277,261.9508,51.5102,85.9178,1304.4789,99.8302,91.1487,107.2788,72.7372,4.3547,4.3569
0.00278,261.7378,51.4824,85.8993,1304.4401,99.8251,91.1475,107.2798,72.7384,4.3558,4.3576
0.00279,261.738,51.4826,85.9021,1304.4401,99.8262,91.1518,107.2791,72.7368,4.3554,4.3564
0.0028,261.7368,51.4828,85.9027,1304.4409,99.8273,91.1505,107.2796,72.7366,4.3551,4.3537
0.00281,262.1306,51.4953,85.91,1304.5377,99.8274,91.1489,107.2789,72.7369,4.3546,4.3565
0.00282,262.1316,51.4971,85.9109,1304.536,99.8279,91.151,107.2801,72.7381,4.3536,4.3537
0.00283,263.0621,51.5519,85.9462,1304.755,99.8301,91.1498,107.2802,72.7358,4.3553,4.3548
0.00284,263.0625,51.5512,85.945,1304.7554,99.8286,91.149,107.2797,72.738,4.3552,4.3555
0.00285,263.0612,51.5509,85.9473,1304.753,99.8298,91.1507,107.2805,72.7373,4.3546,4.3544
0.00285,263.1457,51.5561,85.9476,1304.7749,99.8298,91.1499,107.2794,72.7361,4.3566,4.3558
0.00286,263.144,51.5521,85.9468,1304.775,99.8301,91.15,107.2775,72.7377,4.3546,4.3571
0.00287,263.1469,51.5537,85.9475,1304.7752,99.8305,91.1504,107.2796,72.7373,4.3555,4.3559
0.00288,263.223,51.5572,85.9501,1304.7913,99.8291,91.1481,107.2788,72.7361,4.3561,4.3559
0.00289,263.2227,51.558,85.9506,1304.7917,99.8316,91.1495,107.2809,72.74,4.3556,4.3575
0.0029,263.3153,51.5592,85.9509,1304.8124,99.8298,91.1478,107.2811,72.7373,4.3543,4.3572
0.00291,263.3142,51.5562,85.9496,1304.8123,99.8306,91.1489,107.2799,72.7374,4.3546,4.3545
0.00292,263.3157,51.5555,85.952,1304.8142,99.829,91.1479,107.2774,72.7355,4.3557,4.3561
0.00293,263.2969,51.5337,85.9358,1304.8086,99.8323,91.1489,107.281,72.7384,4.3546,4.3567
0.00294,263.2982,51.5345,85.9354,1304.8104,99.8298,91.1499,107.2785,72.7377,4.3558,4.3566
0.00295,263.0993,51.5281,85.9307,1304.7604,99.831,91.1483,107.2807,72.7386,4.3562,4.358
0.00296,263.0985,51.5263,85.9317,1304.763,99.8295,91.1482,107.2801,72.7366,4.3573,4.3551
0.00297,263.0987,51.5273,85.9312,1304.7605,99.8288,91.1487,107.2801,72.7381,4.3549,4.3569
0.00298,263.0622,51.4895,85.9084,1304.7528,99.83,91.1512,107.2793,72.7378,4.3554,4.3553
0.00299,263.0643,51.4903,85.9069,1304.7527,99.8302,91.1496,107.2797,72.7381,4.3543,4.3557
0.003,262.5551,51.4725,85.8966,1304.6297,99.8293,91.1507,107.2784,72.737,4.3561,4.3565
0.00301,262.5555,51.4736,85.8949,1304.6296,99.83,91.1491,107.28,72.7385,4.3545,4.3551
0.00302,262.5559,51.4741,85.8943,1304.6311,99.8281,91.149,107.2803,72.7363,4.3556,4.3552
0.00303,261.6037,51.4732,85.8934,1304.3998,99.8273,91.1488,107.2795,72.7385,4.3571,4.3572
0.00304,261.603,51.4746,85.8942,1304.3996,99.8255,91.149,107.2789,72.7387,4.3548,4.3537
0.00305,261.6576,51.4927,85.909,1304.4125,99.8301,91.1492,107.2793,72.7354,4.3558,4.3553
0.00306,261.6587,51.4954,85.9084,1304.4111,99.8266,91.148,107.2791,72.7401,4.3561,4.3546
0.00307,261.6579,51.4937,85.908,1304.4067,99.827,91.148,107.28,72.7375,4.3554,4.356
0.00308,262.762,51.534,85.9358,1304.6723,99.8299,91.1494,107.2806,72.7359,4.3554,4.3542
0.00309,262.7638,51.5335,85.9353,1304.6743,99.8303,91.1491,107.2808,72.7366,4.3555,4.3563
0.0031,263.1528,51.5489,85.9458,1304.7679,99.8293,91.1481,107.2797,72.738,4.3575,4.3554
0.00311,263.1529,51.5471,85.9458,1304.7676,99.8317,91.151,107.278,72.7379,4.3573,4.356
0.00312,263.1518,51.5501,85.9452,1304.7694,99.8298,91.1493,107.2795,72.7363,4.3557,4.3555
0.00313,262.9247,51.5518,85.9489,1304.7209,99.8286,91.1497,107.2802,72.7393,4.3545,4.3551
0.00314,262.9259,51.5546,85.9479,1304.7208,99.8311,91.147,107.2792,72.7359,4.3555,4.3555
0.00315,262.7057,51.5455,85.9445,1304.6702,99.8292,91.1469,107.2784,72.7377,4.3566,4.3558
0.00316,262.7052,51.5468,85.9415,1304.6701,99.8283,91.1513,107.2785,72.7365,4.3545,4.3535
0.00317,262.7039,51.5451,85.9428,1304.6706,99.8288,91.149,107.2798,72.7371,4.3542,4.3554
0.00318,261.5195,51.5007,85.9125,1304.3875,99.8262,91.1496,107.2805,72.7383,4.355,4.3532
0.00319,261.5208,51.4991,85.9144,1304.3875,99.8263,91.1491,107.2822,72.7368,4.3541,4.3552
0.0032,261.582,51.4962,85.9121,1304.4026,99.8268,91.1498,107.2792,72.7365,4.3557,4.3561
0.00321,261.5826,51.4996,85.9119,1304.4032,99.8281,91.1482,107.2807,72.7371,4.3558,4.3557
0.00322,261.5814,51.5008,85.9129,1304.4024,99.8295,91.1493,107.28,72.7372,4.3571,4.3564
0.00323,262.551,51.5309,85.932,1304.6313,99.8294,91.1488,107.28,72.7369,4.3545,4.3563
0.00324,262.5515,51.5309,85.9334,1304.6321,99.8297,91.1492,107.28,72.7362,4.3566,4.356
0.00325,262.4234,51.5255,85.9296,1304.5995,99.8264,91.149,107.2792,72.7383,4.3553,4.356
0.00326,262.4248,51.5261,85.9298,1304.6001,99.8289,91.1493,107.2794,72.7367,4.3557,4.3542
0.00327,262.4226,51.5242,85.9297,1304.6006,99.8277,91.1493,107.2801,72.7376,4.3569,4.3563
0.00328,262.3942,51.525,85.9285,1304.5893,99.8296,91.1465,107.2802,72.7378,4.3564,4.3556
0.00329,262.3946,51.524,85.9285,1304.591,99.8287,91.1489,107.2807,72.7372,4.354,4.3576
0.0033,261.4005,51.4958,85.9088,1304.3533,99.8273,91.1492,107.2785,72.7374,4.3578,4.3571
0.00331,261.3997,51.4931,85.9093,1304.3541,99.828,91.1501,107.2801,72.7375,4.3563,4.3576
0.00332,261.3994,51.4942,85.9101,1304.3527,99.8271,91.149,107.2802,72.7372,4.3556,4.3539
0.00333,261.628,51.5026,85.9149,1304.404,99.8281,91.1498,107.2791,72.7391,4.3554,4.3566
0.00334,261.6268,51.5026,85.9156,1304.4048,99.8276,91.1495,107.279,72.7375,4.3569,4.3552
0.00335,261.5874,51.502,85.913,1304.3953,99.8245,91.1502,107.2798,72.7389,4.3562,4.3562
0.00336,261.5871,51.502,85.9137,1304.3951,99.8274,91.15,107.2819,72.737,4.3559,4.356
0.00337,261.5875,51.5019,85.9141,1304.3956,99.8257,91.1479,107.2803,72.7368,4.3561,4.3542
0.00338,261.4629,51.4968,85.91,1304.3671,99.8282,91.1485,107.2813,72.7355,4.3556,4.3556
0.00339,261.4641,51.4942,85.9105,1304.3652,99.8253,91.1489,107.2775,72.7385,4.3546,4.3567
0.0034,262.5996,51.5343,85.9368,1304.6359,99.828,91.1492,107.2785,72.7388,4.3555,4.3565
0.00341,262.5997,51.5344,85.9358,1304.6355,99.83,91.149,107.2795,72.7369,4.3569,4.3559
0.00342,262.6013,51.5357,85.9374,1304.6364,99.8281,91.1489,107.2788,72.7365,4.3557,4.3572
0.00343,262.6968,51.5311,85.9362,1304.6631,99.8282,91.1483,107.2795,72.7378,4.3558,4.354
0.00344,262.6971,51.5328,85.9339,1304.6602,99.8293,91.1482,107.2788,72.7357,4.3545,4.3547
0.00345,262.696,51.5328,85.9336,1304.6613,99.829,91.1486,107.2804,72.7365,4.3561,4.3558
0.00346,262.6806,51.5314,85.9351,1304.6575,99.8293,91.1484,107.2796,72.7369,4.3547,4.3567
0.00347,262.6791,51.5348,85.9329,1304.6584,99.8304,91.1501,107.279,72.7356,4.356,4.3556
0.00348,262.0063,51.4906,85.9085,1304.5039,99.8287,91.1499,107.278,72.7395,4.3557,4.3548
0.00349,262.0055,51.492,85.9058,1304.5055,99.8273,91.1485,107.2795,72.7364,4.356,4.355
0.0035,262.0057,51.4922,85.9089,1304.5046,99.8265,91.1492,107.2789,72.7364,4.3554,4.357
0.00351,262.0214,51.4926,85.9075,1304.5088,99.8295,91.1498,107.2788,72.7379,4.3556,4.355
0.00352,262.0231,51.493,85.9067,1304.51,99.8287,91.1493,107.281,72.7373,4.3535,4.3563
0.00353,261.5228,51.4739,85.8955,1304.3916,99.8272,91.1504,107.2796,72.7366,4.3548,4.3558
0.00354,261.5244,51.4734,85.8948,1304.3907,99.8277,91.1496,107.2784,72.738,4.3573,4.3565
0.00355,261.5231,51.4732,85.8934,1304.3903,99.8275,91.1501,107.281,72.7381,4.3569,4.3562
0.00356,261.0717,51.4668,85.8889,1304.2789,99.8244,91.1484,107.2805,72.7382,4.3559,4.3562
0.00357,261.0697,51.4641,85.8905,1304.2787,99.8277,91.15,107.2792,72.7382,4.3556,4.356
0.00358,261.1189,51.4663,85.8903,1304.2884,99.826,91.148,107.2798,72.7371,4.3546,4.3554
0.00359,261.12,51.4644,85.8891,1304.288,99.8263,91.149,107.2805,72.738,4.3583,4.3555
0.0036,261.1186,51.4653,85.8903,1304.2889,99.8269,91.1504,107.2797,72.7371,4.3571,4.3565
0.00361,261.08,51.4652,85.891,1304.2796,99.8275,91.1494,107.2815,72.7372,4.3568,4.3554
0.00362,261.0801,51.4664,85.891,1304.278,99.8269,91.1464,107.2789,72.7373,4.3545,4.3553
0.00363,261.6777,51.4631,85.8906,1304.4195,99.8273,91.1492,107.2807,72.7376,4.3552,4.3554
0.00364,261.677,51.4657,85.8921,1304.4209,99.8266,91.1484,107.2773,72.7354,4.355,4.3549
0.00365,261.6772,51.4666,85.8911,1304.4201,99.8282,91.1494,107.2816,72.7369,4.3551,4.3546
0.00366,261.7255,51.4659,85.8883,1304.4289,99.8268,91.1478,107.2805,72.7357,4.355,4.3537
0.00367,261.7255,51.4632,85.8903,1304.4294,99.8285,91.1491,107.2802,72.7393,4.3557,4.3553
0.00368,261.2474,51.4635,85.8896,1304.3114,99.8267,91.1497,107.278,72.7385,4.3556,4.357
0.00369,261.2457,51.4646,85.8911,1304.3102,99.8276,91.1486,107.2805,72.7358,4.3552,4.3564
0.0037,261.2451,51.4668,85.8902,1304.3091,99.8277,91.1489,107.2783,72.7383,4.356,4.3543
0.00371,261.326,51.465,85.8892,1304.3316,99.8255,91.1478,107.28,72.7374,4.3549,4.3553
0.00372,261.3269,51.4645,85.8897,1304.3287,99.8295,91.1484,107.2787,72.7376,4.3564,4.3555
0.00373,262.0976,51.4652,85.8886,1304.5163,99.8269,91.1494,107.2788,72.7382,4.3563,4.3578
0.00374,262.0987,51.4649,85.8905,1304.5135,99.8262,91.1471,107.2805,72.7385,4.355,4.3566
0.00375,262.0986,51.4649,85.8892,1304.517,99.8298,91.1503,107.2791,72.7375,4.355,4.3554
0.00376,262.3463,51.4644,85.8902,1304.574,99.8299,91.1481,107.2791,72.7375,4.3554,4.3545
0.00377,262.3458,51.4653,85.888,1304.5742,99.8295,91.1499,107.2793,72.7384,4.3558,4.3547
0.00378,262.61,51.4645,85.8904,1304.6375,99.8299,91.1485,107.279,72.7376,4.354,4.3553
0.00379,262.6076,51.4644,85.8901,1304.6364,99.8284,91.1507,107.2801,72.7373,4.3539,4.3558
0.0038,262.6081,51.4641,85.8911,1304.6371,99.83,91.1507,107.2789,72.7369,4.3558,4.3556
0.00381,262.4274,51.4684,85.8925,1304.5974,99.8296,91.1484,107.2795,72.7387,4.356,4.3562
0.00382,262.4276,51.4685,85.8906,1304.596,99.8292,91.1493,107.2787,72.7385,4.3555,4.3564
0.00383,261.4401,51.4749,85.8956,1304.3696,99.8266,91.1498,107.2798,72.7359,4.3553,4.3556
0.00384,261.4407,51.4759,85.8962,1304.3696,99.8272,91.1482,107.279,72.7365,4.3543,4.3561
0.00385,261.4408,51.4741,85.8964,1304.3687,99.8277,91.1494,107.2788,72.7382,4.3557,4.3573
0.00386,261.5359,51.4896,85.9068,1304.3939,99.8262,91.1495,107.2794,72.7381,4.3563,4.3552
0.00387,261.5361,51.4898,85.9079,1304.3923,99.8265,91.1488,107.2794,72.7391,4.3555,4.3561
0.00388,262.9571,51.5383,85.9393,1304.7292,99.8291,91.1488,107.2787,72.7375,4.3552,4.3542
0.00389,262.9581,51.5372,85.9389,1304.7271,99.829,91.1524,107.2774,72.7384,4.3557,4.3566
0.0039,262.9593,51.5394,85.9388,1304.7271,99.8287,91.1481,107.2786,72.7386,4.3561,4.3562
0.00391,263.2971,51.5508,85.9468,1304.8097,99.8317,91.1488,107.2805,72.7372,4.3563,4.3556
0.00392,263.2989,51.5512,85.9452,1304.8073,99.8297,91.1482,107.2787,72.7371,4.3549,4.3565
0.00393,263.1403,51.5541,85.9494,1304.7761,99.831,91.1472,107.2793,72.7375,4.3546,4.3542
0.00394,263.1404,51.5534,85.9493,1304.7722,99.8289,91.1493,107.2776,72.7376,4.354,4.3572
0.00395,263.141,51.5547,85.9482,1304.7729,99.8278,91.149,107.2797,72.7382,4.3563,4.3569
0.00395,263.3117,51.5601,85.9536,1304.8138,99.8296,91.1507,107.2779,72.7387,4.3556,4.3558
0.00396,263.3106,51.562,85.9531,1304.8117,99.8304,91.1485,107.2794,72.7374,4.3561,4.3563
0.00397,263.3115,51.5652,85.9538,1304.8124,99.8319,91.1502,107.2788,72.7367,4.3566,4.3542
0.00398,263.1184,51.5623,85.9544,1304.7644,99.8309,91.1499,107.2797,72.7382,4.3554,4.3564
0.00399,263.1167,51.5624,85.9534,1304.7667,99.8296,91.1496,107.2787,72.7389,4.3554,4.3564
0.004,262.8692,51.5641,85.9543,1304.7006,99.8281,91.1482,107.2797,72.7384,4.3553,4.3577
0.00401,262.8698,51.5624,85.9547,1304.7016,99.8297,91.1497,107.2809,72.7383,4.3548,4.3553
0.00402,262.8692,51.5636,85.9553,1304.6986,99.8278,91.1496,107.2799,72.7375,4.3547,4.3541
0.00403,262.8691,51.5618,85.9544,1304.6971,99.8306,91.149,107.2788,72.737,4.3574,4.3556
0.00404,262.869,51.5643,85.9551,1304.6981,99.829,91.148,107.2799,72.7363,4.356,4.357
0.00405,262.8643,51.5606,85.9528,1304.6966,99.8301,91.1481,107.2799,72.738,4.356,4.3558
0.00406,262.8651,51.5606,85.9538,1304.6983,99.8294,91.1493,107.2799,72.736,4.3556,4.3571
0.00407,262.8654,51.5616,85.9551,1304.6978,99.8286,91.1514,107.2796,72.739,4.3537,4.3553
0.00408,263.111,51.5545,85.9495,1304.7586,99.8297,91.149,107.278,72.7378,4.3542,4.3552
0.00409,263.1147,51.5566,85.9503,1304.7573,99.8293,91.1498,107.2785,72.7362,4.3561,4.3562
0.0041,263.1106,51.5561,85.9488,1304.7562,99.8299,91.1498,107.2796,72.7384,4.3556,4.3553
0.00411,263.1114,51.5559,85.9501,1304.7576,99.8304,91.1492,107.2805,72.7366,4.3546,4.357
0.00412,263.1102,51.5569,85.9512,1304.7542,99.8285,91.151,107.2794,72.7381,4.3554,4.3551
0.00413,263.2204,51.5414,85.94,1304.7826,99.8314,91.1481,107.2777,72.738,4.3548,4.3573
0.00414,263.2189,51.541,85.9379,1304.7817,99.8296,91.148,107.2801,72.7386,4.3562,4.355
0.00415,263.2512,51.509,85.92,1304.7898,99.8298,91.1511,107.2789,72.7359,4.3557,4.3572
0.00416,263.2485,51.5094,85.9203,1304.7902,99.83,91.1492,107.2804,72.7394,4.3564,4.3535
0.00417,263.2477,51.5111,85.9203,1304.7888,99.8304,91.1483,107.2785,72.7378,4.3541,4.3549
0.00418,263.2572,51.51,85.9213,1304.794,99.8299,91.1515,107.2797,72.7383,4.355,4.3562
0.00419,263.2555,51.5103,85.9206,1304.7971,99.8308,91.1495,107.2805,72.7381,4.3545,4.3577
0.0042,263.2677,51.5105,85.9197,1304.7984,99.8301,91.1503,107.2823,72.739,4.3556,4.3548
0.00421,263.2686,51.5088,85.921,1304.7977,99.8289,91.1501,107.2799,72.7365,4.356,4.3588
0.00422,263.2681,51.5106,85.9198,1304.7979,99.8306,91.152,107.2808,72.7389,4.3572,4.3548
0.00423,263.1546,51.5339,85.936,1304.7779,99.8329,91.1507,107.279,72.7383,4.3581,4.3565
0.00424,263.1535,51.5337,85.9365,1304.7784,99.8299,91.1508,107.2808,72.7391,4.3565,4.3566
0.00425,263.1673,51.5483,85.941,1304.7817,99.8305,91.1498,107.2788,72.7396,4.3562,4.3556
0.00426,263.1666,51.5461,85.941,1304.7818,99.8292,91.1496,107.2794,72.7359,4.3547,4.356
0.00427,263.1677,51.5465,85.9435,1304.783,99.8299,91.1493,107.2804,72.7381,4.3564,4.3554
0.00428,263.0286,51.5484,85.9434,1304.7447,99.8282,91.149,107.2784,72.7366,4.3566,4.3555
0.00429,263.0302,51.5457,85.9452,1304.7464,99.8305,91.1507,107.2781,72.7376,4.3561,4.3557
0.0043,262.7012,51.5316,85.9349,1304.6641,99.8288,91.1501,107.2806,72.7381,4.3556,4.3563
0.00431,262.7013,51.5321,85.9342,1304.6644,99.829,91.1483,107.2793,72.736,4.3547,4.3562
0.00432,262.702,51.5303,85.9331,1304.664,99.8297,91.148,107.2831,72.7376,4.3555,4.3569
0.00433,262.0176,51.502,85.9143,1304.4984,99.8285,91.1496,107.2784,72.7379,4.3541,4.3554
0.00434,262.0177,51.5011,85.9136,1304.4982,99.8294,91.1495,107.2792,72.7368,4.3548,4.3542
0.00435,262.0169,51.502,85.9144,1304.4991,99.8273,91.1497,107.2794,72.737,4.3562,4.3563
0.00436,262.0187,51.5005,85.9138,1304.4976,99.8282,91.1494,107.2786,72.7382,4.3546,4.3554
0.00437,262.0167,51.5013,85.914,1304.4979,99.8265,91.1486,107.2813,72.7389,4.3559,4.3563
0.00438,262.0077,51.4993,85.9124,1304.4946,99.8291,91.1493,107.2792,72.7382,4.3546,4.3566
0.00439,262.0054,51.4994,85.912,1304.4946,99.8288,91.1489,107.2802,72.7388,4.3541,4.356
0.0044,262.9017,51.5333,85.9363,1304.7086,99.8288,91.1493,107.2795,72.7375,4.3563,4.3548
0.00441,262.9017,51.5351,85.936,1304.7069,99.8302,91.1503,107.2812,72.7367,4.3573,4.3564
0.00442,262.9012,51.5342,85.9334,1304.7054,99.8299,91.15,107.2814,72.7381,4.3562,4.3556
0.00443,262.8263,51.5333,85.9333,1304.6878,99.8293,91.1505,107.2788,72.7382,4.3565,4.3558
0.00444,262.8281,51.5317,85.9344,1304.6911,99.8294,91.1487,107.2787,72.7369,4.356,4.3554
0.00445,262.827,51.5337,85.9326,1304.691,99.8292,91.1506,107.2805,72.7365,4.355,4.3555
0.00446,262.8282,51.5321,85.9314,1304.6911,99.829,91.1501,107.2794,72.7372,4.356,4.3566
0.00447,262.8282,51.5326,85.9325,1304.6881,99.8285,91.1503,107.2807,72.7374,4.3558,4.3558
0.00448,261.8838,51.4964,85.9107,1304.4697,99.8277,91.15,107.2776,72.735,4.3552,4.3559
0.00449,261.8834,51.4993,85.9141,1304.4683,99.8263,91.1471,107.2783,72.7372,4.3563,4.3557
0.0045,261.8817,51.4995,85.912,1304.4674,99.8296,91.1496,107.278,72.738,4.3546,4.3546
0.00451,261.9043,51.5,85.9123,1304.4744,99.8296,91.1504,107.2812,72.738,4.3565,4.3542
0.00452,261.9053,51.5006,85.9133,1304.4771,99.826,91.1498,107.2795,72.7399,4.3557,4.355
0.00453,261.8307,51.4818,85.9001,1304.4555,99.8261,91.1477,107.2787,72.7391,4.3554,4.3547
0.00454,261.8317,51.4808,85.9016,1304.4567,99.827,91.149,107.2804,72.7371,4.3554,4.3563
0.00455,261.8325,51.4812,85.9029,1304.457,99.8281,91.1484,107.2796,72.7357,4.3548,4.3557
0.00456,262.8725,51.4813,85.9003,1304.7013,99.8287,91.15,107.2789,72.7367,4.3557,4.3562
0.00457,262.8724,51.4785,85.9021,1304.6994,99.8287,91.1487,107.2808,72.7381,4.3557,4.3546
0.00458,263.1449,51.4921,85.9077,1304.7651,99.8305,91.1505,107.2806,72.7376,4.358,4.3556
0.00459,263.1445,51.4919,85.9056,1304.7678,99.829,91.1495,107.2806,72.7368,4.3565,4.3555
0.0046,263.1437,51.4909,85.908,1304.7663,99.8298,91.1485,107.2794,72.7383,4.3554,4.3552
0.00461,263.2396,51.4934,85.9086,1304.7883,99.8296,91.1492,107.2793,72.7378,4.3558,4.3563
0.00462,263.2389,51.4938,85.9086,1304.7891,99.8297,91.1477,107.2796,72.7382,4.3554,4.355
0.00463,263.2694,51.5422,85.9407,1304.7971,99.8303,91.1486,107.2794,72.7362,4.3556,4.3543
0.00464,263.2666,51.5421,85.9413,1304.7983,99.8293,91.148,107.2783,72.7373,4.3561,4.3554
0.00465,263.2679,51.5409,85.9397,1304.7971,99.8292,91.1502,107.2808,72.7373,4.3555,4.3568
0.00466,263.3149,51.5544,85.9468,1304.8127,99.8286,91.1489,107.279,72.7372,4.3555,4.3555
0.00467,263.3159,51.5523,85.9484,1304.8108,99.8304,91.1499,107.278,72.7361,4.3553,4.3545
0.00468,263.4611,51.5588,85.952,1304.8534,99.8308,91.1497,107.279,72.7379,4.3565,4.3559
0.00469,263.4612,51.5583,85.9511,1304.8551,99.8313,91.1493,107.2778,72.7383,4.3552,4.354
0.0047,263.4621,51.5585,85.9511,1304.8547,99.8307,91.1484,107.2791,72.7393,4.3558,4.3552
0.00471,263.2639,51.5586,85.9504,1304.8061,99.8315,91.1499,107.2791,72.7381,4.3572,4.3556
0.00472,263.2645,51.5583,85.95,1304.8082,99.8301,91.1479,107.281,72.7355,4.3568,4.3542
0.00473,262.6368,51.5564,85.9472,1304.6442,99.8288,91.1491,107.2782,72.7382,4.3555,4.3571
0.00474,262.6373,51.5539,85.9493,1304.6488,99.8283,91.1493,107.2802,72.7376,4.355,4.3554
0.00475,262.6367,51.5551,85.9485,1304.6488,99.8299,91.1487,107.2802,72.7372,4.3539,4.3561
0.00476,262.282,51.5454,85.9413,1304.5636,99.8278,91.1509,107.2804,72.7383,4.3559,4.3547
0.00477,262.2818,51.5437,85.9438,1304.5603,99.827,91.1496,107.2788,72.7369,4.3548,4.356
0.00478,261.1438,51.4922,85.9081,1304.2941,99.8255,91.1484,107.2785,72.7375,4.355,4.3551
0.00479,261.1436,51.4929,85.908,1304.2953,99.8278,91.1514,107.282,72.7376,4.3544,4.3558
0.0048,261.1448,51.4937,85.9081,1304.2946,99.8256,91.1482,107.2785,72.7368,4.3556,4.3551
0.00481,261.1196,51.4908,85.9083,1304.2887,99.826,91.1509,107.2794,72.7366,4.3564,4.3555
0.00482,261.119,51.4915,85.9081,1304.2896,99.8277,91.1507,107.2774,72.7384,4.3575,4.3551
0.00483,261.1989,51.4909,85.9081,1304.3071,99.8264,91.1506,107.2785,72.7356,4.3556,4.355
0.00484,261.1982,51.492,85.9083,1304.3095,99.8274,91.1506,107.2811,72.7359,4.3556,4.3561
0.00485,261.199,51.4911,85.9079,1304.3072,99.8257,91.1498,107.2792,72.7375,4.3548,4.3562
0.00486,262.5126,51.5362,85.9353,1304.6191,99.8316,91.1506,107.2793,72.7367,4.3572,4.3547
0.00487,262.514,51.5363,85.9353,1304.6205,99.8286,91.149,107.2802,72.7362,4.354,4.3555
0.00488,262.9673,51.5515,85.9444,1304.7278,99.8268,91.1495,107.2808,72.7377,4.3541,4.3559
0.00489,262.9672,51.5508,85.9434,1304.7292,99.8303,91.1489,107.2787,72.7368,4.3552,4.3562
0.0049,262.9693,51.5517,85.9455,1304.729,99.83,91.1483,107.2793,72.7367,4.3554,4.3553
0.00491,263.0033,51.5493,85.9462,1304.7384,99.8293,91.1472,107.2798,72.7362,4.3549,4.3563
0.00492,263.0031,51.5515,85.9475,1304.7367,99.8285,91.1477,107.2787,72.7382,4.3548,4.3552
0.00493,263.0033,51.5484,85.9452,1304.7374,99.8302,91.1498,107.2814,72.7377,4.3568,4.3571
0.00494,263.0035,51.5515,85.9448,1304.7379,99.8294,91.1492,107.2804,72.7388,4.3566,4.3547
0.00495,263.0041,51.5502,85.9455,1304.737,99.8306,91.1501,107.2796,72.7384,4.3543,4.3558
0.00496,262.728,51.5375,85.9387,1304.6739,99.8303,91.15,107.28,72.7377,4.3546,4.3551
0.00497,262.7314,51.5366,85.9374,1304.674,99.8273,91.1487,107.2816,72.7375,4.3553,4.3558
0.00498,262.0068,51.5014,85.9128,1304.5066,99.8274,91.1489,107.28,72.7397,4.3533,4.3573
0.00499,262.0058,51.5015,85.9131,1304.5034,99.8292,91.1478,107.2791,72.738,4.3547,4.3545
0.005,262.0073,51.5002,85.9148,1304.5087,99.8286,91.1502,107.2807,72.7382,4.3563,4.3541
0.00501,262.0232,51.5013,85.912,1304.5102,99.828,91.1508,107.2817,72.739,4.3559,4.3554
0.00502,262.024,51.5005,85.9129,1304.509,99.8267,91.1493,107.2805,72.7351,4.3554,4.3565
0.00503,262.0245,51.5004,85.9151,1304.5089,99.829,91.1473,107.2792,72.7381,4.3574,4.3561
0.00504,262.0225,51.5023,85.9142,1304.5085,99.8257,91.1492,107.2785,72.7365,4.3534,4.354
0.00505,262.0228,51.5018,85.9115,1304.5101,99.8284,91.1512,107.2808,72.7384,4.3549,4.354
0.00505,261.9437,51.4933,85.9094,1304.4911,99.8287,91.1492,107.2796,72.7401,4.3574,4.3545
0.00506,261.9458,51.495,85.9095,1304.4905,99.8275,91.1469,107.279,72.7361,4.3552,4.3561
0.00507,261.9435,51.4939,85.9097,1304.4901,99.8284,91.1492,107.2807,72.7372,4.3549,4.3548
0.00508,261.7683,51.479,85.9018,1304.449,99.826,91.1493,107.2794,72.7379,4.355,4.3562
0.00509,261.7679,51.4794,85.8997,1304.4481,99.8276,91.1481,107.2787,72.7362,4.3575,4.3553
0.0051,262.0645,51.4776,85.8968,1304.5157,99.8306,91.1492,107.2792,72.7355,4.3565,4.3546
0.00511,262.0655,51.479,85.8996,1304.5154,99.8279,91.1498,107.2791,72.7365,4.356,4.3548
0.00512,262.0663,51.4781,85.9003,1304.5166,99.8283,91.1493,107.2792,72.7387,4.3556,4.3555
0.00513,261.9541,51.4726,85.8948,1304.4879,99.8277,91.1493,107.2825,72.7372,4.356,4.3545
0.00514,261.9567,51.4733,85.8941,1304.4887,99.8286,91.15,107.2804,72.7363,4.3567,4.3565
0.00515,261.9415,51.4724,85.8945,1304.4854,99.8278,91.1499,107.2792,72.7373,4.357,4.3555
0.00516,261.9384,51.4741,85.8947,1304.4841,99.8256,91.1485,107.2806,72.7363,4.3545,4.3555
0.00517,261.9391,51.4733,85.8963,1304.487,99.8255,91.1488,107.2792,72.7375,4.3574,4.3563
0.00518,261.9439,51.474,85.897,1304.4857,99.827,91.1482,107.2809,72.7364,4.3563,4.3566
0.00519,261.9415,51.4723,85.8955,1304.4857,99.8288,91.1503,107.2787,72.7373,4.3558,4.3566
0.0052,262.0039,51.4745,85.8974,1304.4998,99.8283,91.1508,107.2814,72.737,4.3557,4.3564
0.00521,262.0032,51.4752,85.8958,1304.5009,99.8291,91.1492,107.2794,72.7374,4.3548,4.3571
0.00522,262.0008,51.4758,85.8982,1304.4993,99.828,91.1498,107.2796,72.737,4.3576,4.3553
0.00523,262.003,51.4721,85.8962,1304.4995,99.8274,91.1503,107.2799,72.7378,4.3558,4.354
0.00524,262.0037,51.4728,85.8967,1304.5001,99.8286,91.1497,107.2799,72.7377,4.3542,4.3539
0.00525,261.3336,51.4727,85.8982,1304.3418,99.8261,91.1479,107.2817,72.7383,4.3566,4.3554
0.00526,261.3344,51.4728,85.8952,1304.3419,99.826,91.1508,107.2803,72.7376,4.355,4.355
0.00527,261.3346,51.4739,85.8939,1304.3406,99.8265,91.1507,107.2789,72.7376,4.3554,4.3559
0.00528,261.3327,51.4731,85.8967,1304.3423,99.8259,91.1489,107.2798,72.7379,4.3563,4.3552
0.00529,261.3327,51.472,85.8934,1304.342,99.8257,91.148,107.2796,72.7373,4.3569,4.3541
0.0053,261.5033,51.4862,85.9054,1304.3832,99.8269,91.1492,107.2792,72.7368,4.3549,4.3561
0.00531,261.5049,51.487,85.904,1304.3828,99.826,91.1489,107.2797,72.7377,4.3556,4.3557
0.00532,261.5041,51.4856,85.9025,1304.3828,99.8271,91.1486,107.2801,72.7364,4.3564,4.3567
0.00533,261.5038,51.4869,85.9019,1304.3809,99.8261,91.1488,107.2799,72.7385,4.3544,4.3548
0.00534,261.5065,51.4868,85.9048,1304.3822,99.8254,91.1503,107.279,72.7392,4.3566,4.3557
0.00535,262.7546,51.5283,85.9329,1304.6777,99.8298,91.1494,107.2788,72.7387,4.3542,4.3559
0.00536,262.7539,51.528,85.9312,1304.6773,99.83,91.1497,107.2822,72.7371,4.356,4.3552
0.00537,262.7551,51.5283,85.9306,1304.678,99.8291,91.1496,107.2805,72.7365,4.3571,4.3546
0.00538,262.755,51.5271,85.9302,1304.6787,99.8292,91.1498,107.2787,72.7358,4.354,4.3567
0.00539,262.7548,51.5246,85.9286,1304.6804,99.8301,91.1485,107.2786,72.7381,4.3539,4.3544
0.0054,263.0405,51.5268,85.9311,1304.7456,99.8294,91.1502,107.2797,72.7368,4.3564,4.3552
0.00541,263.0388,51.5267,85.9306,1304.7443,99.8288,91.151,107.2798,72.7366,4.3555,4.3549
0.00542,263.0387,51.5265,85.9308,1304.746,99.8298,91.1492,107.2797,72.7364,4.3556,4.3552
0.00543,263.0415,51.5255,85.9314,1304.7445,99.8318,91.1483,107.2793,72.7383,4.357,4.3537
0.00544,263.0397,51.5261,85.9308,1304.7434,99.83,91.1491,107.2787,72.737,4.3572,4.3549
0.00545,263.0042,51.4905,85.9063,1304.7329,99.8305,91.1483,107.2801,72.7373,4.3553,4.3557
0.00546,263.0045,51.4906,85.9055,1304.7314,99.8295,91.1488,107.2804,72.738,4.3574,4.3538
0.00547,263.0044,51.489,85.9051,1304.7319,99.8283,91.1502,107.2798,72.7368,4.3554,4.358
0.00548,263.0035,51.4903,85.907,1304.7317,99.8286,91.15,107.2807,72.7387,4.357,4.3566
0.00549,263.0039,51.4901,85.9069,1304.7337,99.8305,91.1487,107.2786,72.7382,4.356,4.3557
0.0055,262.6069,51.4767,85.897,1304.6369,99.8274,91.1465,107.2791,72.7373,4.3554,4.3556
0.00551,262.6078,51.4762,85.8989,1304.6362,99.8313,91.1508,107.2807,72.74,4.3557,4.3556
0.00552,262.6085,51.476,85.8963,1304.6365,99.8291,91.15,107.2814,72.7388,4.3545,4.3536
0.00553,262.6072,51.4766,85.8969,1304.6363,99.8298,91.1479,107.2794,72.7377,4.3556,4.3553
0.00554,262.6095,51.4747,85.8982,1304.6359,99.8282,91.1497,107.28,72.7363,4.356,4.3555
0.00555,261.2747,51.4688,85.8942,1304.3192,99.8262,91.1482,107.2795,72.7408,4.3556,4.3548
0.00556,261.2735,51.4681,85.893,1304.3196,99.8262,91.1466,107.2791,72.7356,4.355,4.3562
0.00557,261.2734,51.4699,85.8923,1304.321,99.8275,91.1489,107.2795,72.7377,4.3551,4.3548
0.00558,261.2737,51.4681,85.8923,1304.3213,99.8274,91.1505,107.2795,72.7367,4.3566,4.3544
0.00559,261.2754,51.471,85.8947,1304.3192,99.8245,91.1491,107.2805,72.7373,4.3543,4.356
0.0056,261.2742,51.4691,85.8921,1304.3198,99.8262,91.1503,107.2783,72.7362,4.3556,4.3555
0.00561,260.918,51.466,85.8909,1304.2371,99.8248,91.1507,107.2786,72.7375,4.3548,4.3552
0.00562,260.9176,51.4656,85.8902,1304.2398,99.8245,91.1494,107.2799,72.7388,4.3555,4.3554
0.00563,260.9179,51.4666,85.8911,1304.2377,99.8255,91.1504,107.2795,72.7382,4.3555,4.3566
0.00564,260.9193,51.4663,85.8899,1304.2386,99.8258,91.1473,107.2786,72.7376,4.356,4.3551
0.00565,260.9175,51.4667,85.8907,1304.238,99.8258,91.1486,107.2796,72.7359,4.3556,4.3534
0.00566,260.8397,51.4677,85.891,1304.225,99.8247,91.1481,107.2788,72.7376,4.3553,4.3557
0.00567,260.8388,51.4664,85.8895,1304.2256,99.825,91.1484,107.2779,72.7366,4.3556,4.354
0.00568,260.839,51.4679,85.8884,1304.2259,99.8254,91.1481,107.2811,72.7381,4.3535,4.3573
0.00569,260.838,51.4657,85.89,1304.2255,99.8255,91.1511,107.2807,72.7358,4.3547,4.3534
0.0057,260.8401,51.4661,85.8898,1304.2268,99.8271,91.1489,107.2802,72.7372,4.3563,4.3552
0.00571,261.1376,51.4647,85.8918,1304.2976,99.8245,91.1503,107.2785,72.7382,4.3559,4.3568
0.00572,261.1378,51.4652,85.8918,1304.2982,99.8268,91.1502,107.2801,72.7379,4.3559,4.3555
0.00573,261.1378,51.4642,85.8902,1304.2994,99.8244,91.15,107.2782,72.7366,4.3546,4.3564
0.00574,261.139,51.4654,85.8907,1304.2999,99.8283,91.1496,107.2809,72.7387,4.356,4.3553
0.00575,261.1367,51.4653,85.8912,1304.2989,99.8268,91.15,107.2807,72.7378,4.3546,4.356
0.00576,262.2749,51.4672,85.8905,1304.5682,99.8289,91.1471,107.2808,72.7373,4.3553,4.3557
0.00577,262.2739,51.4668,85.8927,1304.5671,99.8294,91.1469,107.2796,72.7374,4.3562,4.3562
0.00578,262.2731,51.4675,85.8893,1304.5681,99.8286,91.1511,107.2803,72.7367,4.3544,4.3549
0.00579,262.2739,51.4664,85.8917,1304.569,99.8273,91.1508,107.2805,72.7376,4.3554,4.3571
0.0058,262.2751,51.466,85.8913,1304.5682,99.8257,91.1494,107.2815,72.7389,4.3555,4.3555
0.00581,262.2642,51.4665,85.8911,1304.5664,99.8282,91.1479,107.2786,72.7379,4.3553,4.3548
0.00582,262.2655,51.4677,85.8917,1304.5653,99.8289,91.1506,107.2794,72.7387,4.3552,4.3558
0.00583,262.2626,51.4663,85.891,1304.5635,99.8278,91.1497,107.2795,72.7365,4.3574,4.3566
0.00584,262.2635,51.4658,85.8893,1304.5644,99.8294,91.1497,107.2814,72.7375,4.3569,4.357
0.00585,262.2642,51.4664,85.8916,1304.5665,99.8285,91.1474,107.2815,72.7385,4.3553,4.356
0.00586,261.3105,51.4707,85.8932,1304.3388,99.8263,91.1501,107.2776,72.7364,4.354,4.3551
0.00587,261.3117,51.4687,85.8919,1304.3381,99.8242,91.1502,107.2789,72.7379,4.3552,4.3563
0.00588,261.3117,51.4669,85.8915,1304.3371,99.8258,91.1496,107.2804,72.7355,4.3562,4.356
0.00589,261.3109,51.4697,85.8928,1304.3395,99.8258,91.1503,107.2812,72.7374,4.3563,4.3563
0.0059,261.3113,51.4703,85.8924,1304.339,99.8271,91.1493,107.2802,72.7368,4.3562,4.3553
0.00591,261.3376,51.4864,85.903,1304.3447,99.8252,91.1505,107.2788,72.7358,4.3549,4.357
0.00592,261.337,51.4876,85.9028,1304.3467,99.8258,91.1476,107.2793,72.737,4.3558,4.3562
0.00593,261.3391,51.4872,85.9028,1304.3466,99.8259,91.149,107.2789,72.7366,4.3563,4.356
0.00594,261.3378,51.4854,85.9051,1304.3464,99.825,91.1487,107.28,72.7349,4.3553,4.3566
0.00595,261.3386,51.4855,85.9021,1304.3468,99.8271,91.1495,107.2775,72.738,4.3558,4.3562
0.00596,262.3582,51.5256,85.9297,1304.5903,99.8278,91.1487,107.2798,72.738,4.3549,4.3552
0.00597,262.359,51.522,85.9299,1304.5899,99.827,91.1481,107.2797,72.7362,4.3554,4.3563
0.00598,262.3613,51.5235,85.9288,1304.5901,99.8282,91.1504,107.2803,72.7386,4.3548,4.3555
0.00599,262.3599,51.5255,85.9293,1304.5901,99.8284,91.1493,107.28,72.7358,4.3569,4.3538
0.006,262.3578,51.5245,85.9295,1304.5893,99.8285,91.1486,107.2789,72.7376,4.3563,4.3545
0.00601,262.3499,51.5233,85.9292,1304.5856,99.8286,91.1499,107.2809,72.7363,4.3552,4.356
0.00602,262.3508,51.525,85.9276,1304.5847,99.8303,91.1492,107.2785,72.7365,4.3563,4.3555
0.00603,262.3488,51.524,85.9277,1304.5841,99.8294,91.1497,107.2791,72.7377,4.356,4.3552
0.00604,262.3489,51.5232,85.9289,1304.5862,99.8282,91.1479,107.2785,72.7392,4.3558,4.3581
0.00605,262.3493,51.5253,85.9301,1304.5845,99.8276,91.1503,107.2819,72.7381,4.3566,4.3564
0.00606,261.4314,51.4883,85.9058,1304.3616,99.825,91.1497,107.2791,72.7376,4.3547,4.3554
0.00607,261.4296,51.4895,85.9091,1304.3632,99.8249,91.1491,107.2777,72.7373,4.3556,4.3553
0.00608,261.4291,51.4878,85.9067,1304.3601,99.8267,91.1496,107.2801,72.737,4.3568,4.3557
0.00609,261.429,51.49,85.9063,1304.3607,99.8253,91.1509,107.2793,72.7377,4.3559,4.3547
0.0061,261.4294,51.4883,85.9074,1304.3619,99.8287,91.1501,107.2783,72.7378,4.3552,4.3568
0.00611,261.0109,51.4756,85.8968,1304.2626,99.8245,91.1498,107.279,72.7356,4.3563,4.3564
0.00612,261.0116,51.4752,85.8961,1304.2619,99.8278,91.1498,107.2811,72.7365,4.356,4.354
0.00613,261.012,51.4768,85.8975,1304.2607,99.8243,91.148,107.2814,72.7379,4.3551,4.3559
0.00614,261.0114,51.4744,85.8978,1304.261,99.8256,91.1493,107.2799,72.7369,4.3551,4.3546
0.00615,261.0117,51.4748,85.8953,1304.2613,99.8251,91.1507,107.2819,72.7353,4.3552,4.3551
0.00615,260.7375,51.4761,85.8981,1304.2013,99.826,91.15,107.2809,72.7371,4.3558,4.3543
0.00616,260.7356,51.4754,85.8963,1304.2028,99.8236,91.1497,107.2795,72.7363,4.3559,4.356
0.00617,260.7369,51.4756,85.8976,1304.2016,99.8251,91.1487,107.2795,72.7378,4.3544,4.3542
0.00618,260.7374,51.4757,85.8953,1304.203,99.8268,91.1506,107.2804,72.7379,4.3541,4.354
0.00619,260.7375,51.4762,85.8957,1304.2025,99.8253,91.1508,107.2788,72.738,4.3548,4.3549
0.0062,260.9468,51.4928,85.9074,1304.2545,99.8252,91.1491,107.2795,72.7377,4.3576,4.3551
0.00621,260.9469,51.4916,85.9063,1304.2537,99.8265,91.149,107.2798,72.7382,4.3562,4.3538
0.00622,260.9466,51.4939,85.9068,1304.2547,99.8255,91.1495,107.2782,72.7374,4.3569,4.3563
0.00623,260.9487,51.4934,85.9066,1304.2551,99.8268,91.151,107.2806,72.7363,4.3554,4.356
0.00624,260.9493,51.4916,85.908,1304.2544,99.8263,91.1476,107.2778,72.7388,4.3557,4.3535
0.00625,261.5745,51.5295,85.9332,1304.397,99.826,91.1503,107.2786,72.7396,4.3555,4.3542
0.00626,261.5744,51.5279,85.9315,1304.3978,99.8269,91.1503,107.2802,72.739,4.3543,4.3546
0.00627,261.5758,51.5281,85.9315,1304.3976,99.8274,91.1493,107.2787,72.7378,4.3555,4.3576
0.00628,261.5753,51.5282,85.9317,1304.398,99.8264,91.1491,107.2794,72.7375,4.3547,4.356
0.00629,261.5745,51.5278,85.9315,1304.3963,99.8268,91.149,107.2778,72.7371,4.3557,4.3556
0.0063,261.5716,51.5283,85.9328,1304.3965,99.8264,91.1493,107.2776,72.7369,4.3561,4.3556
0.00631,261.5722,51.5276,85.9308,1304.3974,99.8262,91.1492,107.2786,72.7366,4.3563,4.3542
0.00632,261.5723,51.5276,85.9319,1304.3972,99.8275,91.1508,107.2801,72.7362,4.3557,4.3553
0.00633,261.5733,51.5267,85.9319,1304.398,99.8265,91.1497,107.2804,72.7374,4.355,4.3557
0.00634,261.5719,51.529,85.9335,1304.3971,99.8286,91.1499,107.281,72.7381,4.3564,4.3547
0.00635,261.6469,51.5283,85.9317,1304.4133,99.8286,91.1498,107.2788,72.7379,4.3557,4.3572
0.00636,261.646,51.5297,85.9324,1304.4127,99.8271,91.1496,107.281,72.7375,4.3559,4.3548
0.00637,261.6462,51.5286,85.9311,1304.4137,99.8282,91.1492,107.2799,72.7391,4.3576,4.3549
0.00638,261.6461,51.5282,85.9326,1304.4125,99.8256,91.148,107.2797,72.7394,4.3566,4.3552
0.00639,261.6454,51.5285,85.9313,1304.4113,99.8261,91.1481,107.2794,72.7376,4.3554,4.355
0.0064,261.2026,51.4907,85.9086,1304.3014,99.8267,91.1499,107.2794,72.7369,4.3566,4.356
0.00641,261.2031,51.4911,85.9059,1304.3026,99.8257,91.1483,107.2798,72.738,4.3546,4.3561
0.00642,261.2034,51.4919,85.9096,1304.3046,99.8265,91.1497,107.2809,72.7374,4.3569,4.3567
0.00643,261.203,51.492,85.9088,1304.3029,99.8284,91.1487,107.2788,72.7359,4.3543,4.3554
0.00644,261.2028,51.4922,85.9065,1304.3034,99.8262,91.1501,107.2775,72.7361,4.3556,4.3562
0.00645,261.0456,51.4762,85.8967,1304.2642,99.8273,91.15,107.2804,72.7375,4.3551,4.3556
0.00646,261.0476,51.475,85.8972,1304.2638,99.8253,91.1498,107.279,72.7369,4.3557,4.3553
0.00647,261.047,51.4728,85.8968,1304.264,99.8266,91.15,107.2807,72.7371,4.3563,4.3555
0.00648,261.0492,51.4735,85.8978,1304.2644,99.8263,91.1493,107.2795,72.7376,4.3547,4.3569
0.00649,261.046,51.4752,85.8968,1304.2654,99.8254,91.1495,107.279,72.7395,4.3555,4.3561
0.0065,260.9466,51.4698,85.8929,1304.2399,99.825,91.1475,107.2823,72.739,4.3556,4.3568
0.00651,260.9485,51.4686,85.8943,1304.2411,99.8268,91.1483,107.2788,72.7391,4.3559,4.3552
0.00652,260.9454,51.4679,85.8918,1304.2396,99.8242,91.1501,107.2809,72.7395,4.3564,4.3564
0.00653,260.9483,51.471,85.8918,1304.2394,99.828,91.1504,107.281,72.7378,4.3562,4.3562
0.00654,260.9473,51.4679,85.8924,1304.2387,99.8263,91.15,107.2794,72.737,4.3572,4.3547
0.00655,261.0713,51.4663,85.8926,1304.2705,99.8259,91.1489,107.2795,72.7385,4.3546,4.3556
0.00656,261.0709,51.4671,85.8923,1304.2709,99.8277,91.1479,107.2813,72.7376,4.3553,4.3575
0.00657,261.0719,51.4685,85.8935,1304.2709,99.8254,91.1487,107.2802,72.7373,4.3548,4.3552
0.00658,261.0716,51.4663,85.8914,1304.2703,99.8266,91.1491,107.2814,72.7378,4.3552,4.3554
0.00659,261.0727,51.4664,85.8912,1304.2707,99.8264,91.1477,107.2804,72.7366,4.3564,4.357
0.0066,261.0271,51.4691,85.8914,1304.2621,99.8263,91.1506,107.2786,72.7378,4.3564,4.3565
0.00661,261.0278,51.4669,85.8914,1304.2604,99.8256,91.1486,107.2783,72.7369,4.3546,4.356
0.00662,261.028,51.4668,85.8926,1304.2632,99.8246,91.1485,107.2784,72.7398,4.354,4.3536
0.00663,261.029,51.4657,85.8903,1304.2615,99.8254,91.1488,107.2794,72.7377,4.3545,4.3566
0.00664,261.0268,51.465,85.8915,1304.2607,99.8277,91.1509,107.2809,72.7379,4.3548,4.3562
0.00665,260.7886,51.465,85.8914,1304.2096,99.8234,91.1485,107.2796,72.7371,4.356,4.3548
0.00666,260.787,51.4662,85.8899,1304.2065,99.8252,91.1493,107.2812,72.7362,4.3565,4.3546
0.00667,260.7903,51.4655,85.8896,1304.2086,99.8261,91.1495,107.2811,72.7377,4.3559,4.354
0.00668,260.7905,51.4662,85.8912,1304.2079,99.8258,91.1503,107.2794,72.7385,4.3556,4.3563
0.00669,260.7896,51.4667,85.8904,1304.208,99.8271,91.1505,107.2792,72.7383,4.355,4.3552
0.0067,260.7883,51.466,85.8888,1304.2073,99.8274,91.149,107.2787,72.7391,4.3557,4.3565
0.00671,260.9441,51.4636,85.8917,1304.2444,99.8253,91.1498,107.2817,72.7376,4.3559,4.3532
0.00672,260.9432,51.4635,85.8888,1304.2444,99.8257,91.1503,107.2798,72.7384,4.3565,4.3545
0.00673,260.9457,51.4654,85.8918,1304.2451,99.8245,91.1478,107.2786,72.7382,4.3551,4.3573
0.00674,260.9448,51.4633,85.8904,1304.2465,99.8256,91.1487,107.2814,72.7372,4.3549,4.3559
0.00675,260.9438,51.4631,85.889,1304.2464,99.8262,91.1475,107.2787,72.7367,4.3563,4.3557
0.00676,261.5819,51.4654,85.8899,1304.3977,99.8272,91.1481,107.2788,72.7381,4.3568,4.3551
0.00677,261.5834,51.4634,85.8899,1304.3976,99.8269,91.1495,107.2815,72.7378,4.355,4.3564
0.00678,261.5847,51.4648,85.8905,1304.3983,99.8282,91.1491,107.2787,72.738,4.3557,4.3554
0.00679,261.5831,51.4656,85.8905,1304.3973,99.8287,91.1487,107.2787,72.7382,4.3539,4.3571
0.0068,261.5843,51.4645,85.8894,1304.3959,99.8284,91.1495,107.2802,72.7369,4.354,4.356
0.00681,261.544,51.4643,85.8884,1304.3887,99.8281,91.1498,107.2807,72.7385,4.3538,4.3561
0.00682,261.5444,51.4614,85.8906,1304.3883,99.8282,91.1501,107.2784,72.7369,4.3543,4.356
0.00683,261.5433,51.4639,85.8898,1304.39,99.8268,91.1512,107.2799,72.7382,4.3563,4.3553
0.00684,261.5434,51.4636,85.8889,1304.3902,99.8269,91.1505,107.279,72.7377,4.354,4.3542
0.00685,261.5437,51.4637,85.8908,1304.3894,99.8269,91.1486,107.2809,72.7381,4.3562,4.3565
0.00686,261.6054,51.4666,85.8919,1304.4039,99.8286,91.1482,107.2794,72.7367,4.355,4.3543
0.00687,261.6058,51.4654,85.891,1304.4018,99.8278,91.1477,107.2793,72.7378,4.356,4.3557
0.00688,261.6054,51.4654,85.8901,1304.4057,99.8272,91.1485,107.2786,72.7365,4.3554,4.3557
0.00689,261.6066,51.4669,85.8913,1304.4051,99.8289,91.1487,107.2795,72.7365,4.3556,4.3538
0.0069,261.6072,51.4664,85.8907,1304.4042,99.8259,91.1506,107.2814,72.7375,4.3577,4.3563
0.00691,261.1319,51.4662,85.8914,1304.294,99.8267,91.1484,107.28,72.7366,4.3571,4.3552
0.00692,261.1317,51.467,85.8916,1304.2904,99.8262,91.1491,107.2782,72.7359,4.3559,4.3563
0.00693,261.1315,51.4662,85.893,1304.2942,99.8261,91.1495,107.2794,72.7371,4.3561,4.3568
0.00694,261.1293,51.4675,85.8902,1304.2933,99.8274,91.1497,107.2811,72.7369,4.3556,4.356
0.00695,261.1316,51.4672,85.8913,1304.2947,99.8264,91.1492,107.2795,72.7389,4.3551,4.3554
0.00696,261.2898,51.4677,85.8941,1304.333,99.8262,91.1503,107.2808,72.7376,4.3556,4.3545
0.00697,261.2924,51.4672,85.8941,1304.3305,99.8274,91.1476,107.2795,72.7389,4.3562,4.3549
0.00698,261.2901,51.4693,85.8933,1304.333,99.8281,91.1503,107.2801,72.7381,4.3562,4.3571
0.00699,261.2932,51.467,85.8914,1304.331,99.8267,91.1495,107.2797,72.7368,4.355,4.3559
0.007,261.2904,51.4697,85.893,1304.3303,99.8279,91.1472,107.2778,72.7373,4.356,4.3541
0.00701,261.4084,51.4765,85.8968,1304.3594,99.8276,91.1501,107.2793,72.7382,4.3553,4.3543
0.00702,261.4062,51.4753,85.8991,1304.3599,99.8262,91.1488,107.2799,72.736,4.3566,4.3557
0.00703,261.4069,51.4761,85.8961,1304.3588,99.8276,91.1482,107.2796,72.737,4.3553,4.3539
0.00704,261.4052,51.4763,85.8986,1304.3596,99.8263,91.1481,107.279,72.7379,4.3547,4.3551
0.00705,261.4066,51.4753,85.8991,1304.36,99.8272,91.15,107.2789,72.7386,4.3557,4.3562
0.00706,262.3305,51.4791,85.8995,1304.5803,99.828,91.1481,107.2789,72.7379,4.3547,4.3553
0.00707,262.329,51.4783,85.8976,1304.5779,99.8291,91.1496,107.2826,72.7378,4.3566,4.3532
0.00708,262.328,51.4802,85.8989,1304.578,99.8298,91.1501,107.2796,72.7373,4.3534,4.3545
0.00709,262.3275,51.4768,85.899,1304.579,99.8303,91.1495,107.2784,72.7382,4.3539,4.3565
0.0071,262.3261,51.4785,85.9009,1304.5779,99.8298,91.1492,107.2802,72.7375,4.3558,4.3557
0.00711,262.6408,51.4895,85.9065,1304.6533,99.8302,91.1499,107.278,72.7385,4.3573,4.3554
0.00712,262.6387,51.4895,85.9066,1304.6524,99.8298,91.1487,107.2808,72.7376,4.3546,4.354
0.00713,262.6387,51.4912,85.9071,1304.6518,99.8297,91.1486,107.2807,72.7376,4.3553,4.3555
0.00714,262.6403,51.4889,85.9059,1304.6506,99.8291,91.1494,107.2808,72.7367,4.3548,4.3559
0.00715,262.6392,51.4865,85.9049,1304.6526,99.8288,91.1492,107.2798,72.7373,4.3567,4.3545
0.00716,262.9572,51.5258,85.9293,1304.7255,99.8307,91.1493,107.2797,72.738,4.3556,4.3546
0.00717,262.9563,51.528,85.9285,1304.7258,99.8296,91.1478,107.2786,72.7367,4.3549,4.3565
0.00718,262.9582,51.5286,85.9291,1304.7256,99.8306,91.1518,107.2797,72.7348,4.3558,4.3563
0.00719,262.956,51.5265,85.9307,1304.7252,99.8295,91.1498,107.2812,72.7346,4.3567,4.3552
0.0072,262.9567,51.5268,85.9323,1304.7246,99.8295,91.1484,107.2779,72.7378,4.3554,4.3541
0.00721,262.7389,51.5392,85.9388,1304.6732,99.8283,91.149,107.2779,72.7381,4.3548,4.3562
0.00722,262.7381,51.5409,85.9391,1304.6754,99.8308,91.1487,107.2805,72.7372,4.3553,4.3556
0.00723,262.7368,51.5362,85.939,1304.6732,99.8298,91.1498,107.2795,72.7387,4.3572,4.3567
0.00724,262.7384,51.5395,85.939,1304.6735,99.8293,91.1506,107.2795,72.7368,4.3531,4.3566
0.00725,262.7403,51.5369,85.9378,1304.6719,99.8277,91.1486,107.2801,72.7375,4.3559,4.355
0.00725,262.2594,51.5197,85.9249,1304.5587,99.8291,91.1489,107.2804,72.7378,4.3573,4.3558
0.00726,262.2586,51.518,85.9251,1304.56,99.8269,91.1498,107.2792,72.7378,4.3551,4.3541
0.00727,262.2595,51.5192,85.9255,1304.5612,99.8287,91.1496,107.28,72.737,4.3554,4.356
0.00728,262.2556,51.5179,85.924,1304.5616,99.8261,91.1495,107.2806,72.7376,4.3558,4.3543
0.00729,262.2612,51.5183,85.9244,1304.56,99.8268,91.1504,107.2784,72.7378,4.3551,4.3555
0.0073,262.2073,51.5209,85.9242,1304.5481,99.8276,91.1501,107.2805,72.7384,4.3563,4.3562
0.00731,262.2063,51.5207,85.927,1304.5475,99.8295,91.1494,107.2794,72.7368,4.3531,4.3564
0.00732,262.2077,51.5187,85.9247,1304.5485,99.8258,91.1498,107.2779,72.7393,4.3551,4.3557
0.00733,262.2084,51.5209,85.9233,1304.5469,99.8291,91.1506,107.2806,72.7377,4.3565,4.3537
0.00734,262.208,51.5191,85.9261,1304.548,99.8282,91.1465,107.2796,72.7374,4.3551,4.3552
0.00735,261.9815,51.5099,85.9204,1304.494,99.8279,91.1483,107.2805,72.7377,4.3557,4.3552
0.00736,261.9811,51.5091,85.9192,1304.4932,99.8267,91.1484,107.2796,72.7392,4.3579,4.3542
0.00737,261.981,51.511,85.9197,1304.4934,99.8269,91.1495,107.2781,72.7384,4.355,4.3536
0.00738,261.9828,51.5103,85.9199,1304.4954,99.8279,91.1502,107.2809,72.737,4.3566,4.3537
0.00739,261.9833,51.511,85.9211,1304.4935,99.8271,91.1487,107.2797,72.7366,4.3551,4.3565
0.0074,261.1944,51.4873,85.9043,1304.3085,99.8265,91.1495,107.2819,72.7372,4.3552,4.3556
0.00741,261.1928,51.4851,85.9042,1304.3089,99.8275,91.1503,107.2819,72.7381,4.3563,4.3577
0.00742,261.1944,51.4878,85.905,1304.3088,99.8249,91.1507,107.2811,72.7369,4.3553,4.3563
0.00743,261.196,51.4887,85.9046,1304.3098,99.8265,91.1487,107.2792,72.7385,4.356,4.3554
0.00744,261.1943,51.4858,85.9039,1304.3091,99.8275,91.1507,107.2799,72.7372,4.3563,4.3557
0.00745,261.1947,51.4871,85.9036,1304.3075,99.8259,91.1502,107.2791,72.738,4.3544,4.3552
0.00746,261.1943,51.4882,85.9053,1304.3067,99.826,91.1483,107.2793,72.7385,4.3548,4.3559
0.00747,261.1959,51.4879,85.9056,1304.3077,99.8272,91.1505,107.2807,72.7375,4.3552,4.3549
0.00748,261.194,51.4858,85.9042,1304.3079,99.8264,91.1476,107.2805,72.7384,4.3557,4.3574
0.00749,261.1939,51.4855,85.904,1304.3084,99.8262,91.1504,107.2804,72.7377,4.3571,4.3539
0.0075,261.4191,51.496,85.9112,1304.3598,99.8266,91.1487,107.2795,72.738,4.3559,4.3558
0.00751,261.4194,51.4963,85.9108,1304.3599,99.8262,91.1489,107.2789,72.738,4.3547,4.3564
0.00752,261.4194,51.4962,85.9115,1304.3598,99.8279,91.1508,107.2814,72.7368,4.3547,4.3572
0.00753,261.4183,51.4968,85.9094,1304.361,99.8267,91.1504,107.2802,72.7392,4.356,4.3555
0.00754,261.4179,51.4965,85.9095,1304.3611,99.8275,91.1478,107.277,72.7386,4.3561,4.3545
0.00755,261.5913,51.5003,85.9138,1304.4006,99.8266,91.1501,107.281,72.7383,4.3562,4.3576
0.00756,261.5906,51.5011,85.9149,1304.4006,99.8265,91.149,107.2793,72.7384,4.355,4.3552
0.00757,261.5929,51.4996,85.9145,1304.4009,99.8267,91.15,107.2805,72.7377,4.3568,4.3564
0.00758,261.5924,51.5001,85.9143,1304.4027,99.8273,91.149,107.2815,72.7383,4.3552,4.3566
0.00759,261.5927,51.4998,85.9153,1304.4019,99.8264,91.1495,107.2808,72.7383,4.355,4.3557
0.0076,262.4645,51.5314,85.9339,1304.6037,99.8282,91.1484,107.2804,72.7385,4.3549,4.3557
0.00761,262.4648,51.5323,85.9333,1304.6036,99.8292,91.1508,107.2784,72.7381,4.3571,4.3558
0.00762,262.4631,51.5312,85.9339,1304.6029,99.8288,91.1493,107.2793,72.7376,4.3555,4.3568
0.00763,262.4642,51.5323,85.9336,1304.6041,99.8283,91.1491,107.2794,72.7382,4.3536,4.3553
0.00764,262.4639,51.5301,85.9348,1304.6063,99.8265,91.1507,107.2791,72.7378,4.355,4.3562
0.00765,263.0865,51.5493,85.9457,1304.7516,99.8293,91.1478,107.2786,72.7356,4.3549,4.3551
0.00766,263.0871,51.5509,85.945,1304.753,99.8288,91.1487,107.2796,72.7366,4.3545,4.3545
0.00767,263.0865,51.5484,85.9451,1304.7513,99.8299,91.1486,107.2795,72.7382,4.3544,4.3548
0.00768,263.0849,51.5491,85.947,1304.7501,99.8298,91.1488,107.2791,72.7363,4.356,4.3555
0.00769,263.0872,51.5488,85.9448,1304.7505,99.8292,91.1488,107.2789,72.7387,4.3574,4.355
0.0077,263.0946,51.5486,85.9448,1304.7516,99.8304,91.1496,107.2797,72.737,4.3554,4.3548
0.00771,263.0939,51.5504,85.9457,1304.7514,99.831,91.1476,107.2786,72.7377,4.3555,4.3552
0.00772,263.0948,51.5508,85.9453,1304.7529,99.8315,91.1493,107.2787,72.7361,4.3551,4.3552
0.00773,263.0947,51.5484,85.9459,1304.7519,99.8295,91.1491,107.28,72.737,4.3566,4.354
0.00774,263.0958,51.5503,85.9449,1304.7494,99.8297,91.1487,107.2804,72.7372,4.3566,4.3549
0.00775,263.2924,51.5498,85.9464,1304.7982,99.8303,91.1471,107.2791,72.7366,4.3555,4.3565
0.00776,263.294,51.5491,85.947,1304.7993,99.8289,91.1482,107.2792,72.7374,4.3559,4.3558
0.00777,263.2945,51.5504,85.9455,1304.7987,99.831,91.1495,107.2809,72.7386,4.3557,4.3571
0.00778,263.2946,51.5486,85.9464,1304.7977,99.8301,91.1492,107.2788,72.7383,4.3542,4.3557
0.00779,263.2917,51.5492,85.9467,1304.7988,99.8301,91.148,107.2786,72.7374,4.3577,4.3557
0.0078,263.2945,51.5509,85.944,1304.7979,99.8305,91.1475,107.2788,72.7362,4.3567,4.3573
0.00781,262.952,51.5372,85.9379,1304.7154,99.8295,91.149,107.2779,72.7362,4.3553,4.3558
0.00782,262.9526,51.536,85.9375,1304.7165,99.8293,91.1485,107.2802,72.7381,4.3555,4.3542
0.00783,262.951,51.5362,85.9367,1304.7168,99.8302,91.1482,107.2803,72.7383,4.3556,4.3551
0.00784,262.951,51.537,85.938,1304.7156,99.8302,91.1487,107.2818,72.7381,4.3563,4.3558
0.00785,262.9504,51.5355,85.936,1304.7153,99.8307,91.1489,107.2786,72.7381,4.3557,4.3556
0.00786,261.6393,51.4894,85.9058,1304.4058,99.8281,91.1496,107.2769,72.7369,4.3545,4.3555
0.00787,261.6387,51.4916,85.9059,1304.4055,99.827,91.1488,107.2792,72.7382,4.3567,4.3546
0.00788,261.6388,51.4923,85.9062,1304.4041,99.827,91.1506,107.2783,72.7383,4.3561,4.3555
0.00789,261.6386,51.4897,85.9056,1304.405,99.8273,91.1491,107.2803,72.7377,4.3562,4.355
0.0079,261.6385,51.4904,85.9073,1304.4037,99.8288,91.1496,107.2791,72.7383,4.3559,4.3547
0.00791,261.2243,51.4732,85.8962,1304.3099,99.8262,91.1495,107.2795,72.7364,4.355,4.3541
0.00792,261.2232,51.4737,85.8964,1304.3092,99.8267,91.1498,107.2794,72.7364,4.3562,4.3575
0.00793,261.224,51.4735,85.8942,1304.3111,99.8262,91.1488,107.2809,72.7363,4.3575,4.3554
0.00794,261.2212,51.474,85.8958,1304.3085,99.8238,91.1501,107.2808,72.7373,4.3574,4.3546
0.00795,261.2225,51.4742,85.8953,1304.3091,99.8274,91.1505,107.2794,72.7379,4.3549,4.3555
0.00796,261.3957,51.4743,85.8946,1304.3564,99.8287,91.1482,107.2795,72.739,4.3522,4.3545
0.00797,261.3933,51.4716,85.8966,1304.3569,99.8264,91.1481,107.2787,72.7382,4.3545,4.3561
0.00798,261.3914,51.4728,85.8952,1304.3576,99.8278,91.1488,107.2803,72.7362,4.3554,4.3549
0.00799,261.3927,51.4734,85.8959,1304.3584,99.8255,91.1491,107.2784,72.7384,4.3546,4.3564
0.008,261.3937,51.4701,85.8935,1304.3577,99.8265,91.1495,107.28,72.7361,4.3552,4.3569
0.00801,261.369,51.4712,85.8945,1304.3516,99.8258,91.1509,107.2805,72.7387,4.3554,4.3552
0.00802,261.3678,51.4705,85.8937,1304.3517,99.8277,91.1492,107.2799,72.738,4.3575,4.3558
0.00803,261.3684,51.4706,85.8927,1304.3517,99.827,91.1492,107.2803,72.7373,4.3558,4.3532
0.00804,261.3664,51.4706,85.8933,1304.3508,99.8262,91.1497,107.2806,72.7375,4.3552,4.3562
0.00805,261.3689,51.4707,85.896,1304.3519,99.8258,91.1466,107.2801,72.738,4.3553,4.3555
0.00806,261.4189,51.4712,85.8923,1304.3648,99.8283,91.1478,107.28,72.7367,4.3553,4.3558
0.00807,261.4189,51.4711,85.8935,1304.3656,99.8276,91.1476,107.2798,72.7362,4.3551,4.3551
0.00808,261.4199,51.4711,85.8918,1304.3648,99.8258,91.1492,107.2798,72.7373,4.3549,4.3571
0.00809,261.4187,51.4713,85.8924,1304.364,99.8271,91.1475,107.2801,72.7367,4.3564,4.3567
0.0081,261.4181,51.4708,85.8937,1304.3638,99.8261,91.148,107.2799,72.7387,4.3546,4.3564
0.00811,261.3558,51.4695,85.8909,1304.3455,99.8257,91.1506,107.2786,72.7351,4.356,4.3544
0.00812,261.3544,51.4702,85.8943,1304.3429,99.8261,91.1498,107.2791,72.7372,4.3561,4.3565
0.00813,261.3548,51.4676,85.8932,1304.3442,99.8251,91.1477,107.2791,72.7356,4.3564,4.3564
0.00814,261.3552,51.469,85.8931,1304.345,99.8267,91.1494,107.2795,72.7385,4.3543,4.3546
0.00815,261.3539,51.4685,85.8926,1304.3471,99.826,91.1494,107.2801,72.7376,4.3559,4.3552
0.00816,261.4288,51.4728,85.8952,1304.3628,99.8275,91.1497,107.2799,72.7376,4.3559,4.3556
0.00817,261.4292,51.472,85.8948,1304.3634,99.8278,91.1505,107.2789,72.7376,4.355,4.3548
0.00818,261.4283,51.4713,85.8959,1304.3646,99.8254,91.1497,107.2797,72.7367,4.3556,4.3549
0.00819,261.4281,51.4724,85.8957,1304.3635,99.8263,91.1486,107.2798,72.7363,4.3554,4.3555
0.0082,261.4294,51.4739,85.8965,1304.3625,99.8248,91.1506,107.2794,72.7376,4.3542,4.3543
0.00821,261.8475,51.4897,85.9058,1304.4629,99.8277,91.1492,107.2806,72.7381,4.3553,4.3581
0.00822,261.8457,51.4899,85.9062,1304.4634,99.8275,91.1483,107.281,72.7386,4.3574,4.3554
0.00823,261.8474,51.489,85.9049,1304.4642,99.8263,91.1515,107.2808,72.7377,4.356,4.3545
0.00824,261.846,51.4895,85.9068,1304.4627,99.8266,91.1484,107.2784,72.7369,4.3551,4.3565
0.00825,261.8467,51.4877,85.9046,1304.4637,99.8276,91.1502,107.2793,72.7388,4.3537,4.3542
0.00826,261.9525,51.4873,85.9078,1304.4891,99.8283,91.1506,107.2781,72.7395,4.3561,4.3553
0.00827,261.95,51.4911,85.9062,1304.4882,99.8262,91.1513,107.281,72.7372,4.3552,4.3553
0.00828,261.951,51.4886,85.9065,1304.4904,99.8265,91.1491,107.282,72.7382,4.3564,4.3559
0.00829,261.9512,51.4874,85.906,1304.4879,99.8276,91.1489,107.279,72.7381,4.3546,4.3562
0.0083,261.9501,51.4893,85.9058,1304.4891,99.8289,91.1492,107.2794,72.7378,4.3558,4.354
0.00831,262.7136,51.5268,85.929,1304.6747,99.8302,91.1501,107.2796,72.7368,4.3546,4.3563
0.00832,262.7129,51.5246,85.9301,1304.6755,99.8291,91.1484,107.2802,72.7374,4.3562,4.3542
0.00833,262.7134,51.5269,85.9288,1304.6745,99.8294,91.1492,107.2795,72.738,4.356,4.3556
0.00834,262.7127,51.5242,85.9308,1304.6766,99.8299,91.1499,107.2781,72.7377,4.3538,4.3564
0.00835,262.7121,51.5263,85.9293,1304.6749,99.8282,91.1513,107.2785,72.7378,4.3552,4.3564
0.00835,262.9412,51.5259,85.9295,1304.7319,99.8312,91.1487,107.2782,72.7373,4.3562,4.3556
0.00836,262.9395,51.527,85.9302,1304.7317,99.8299,91.151,107.2799,72.7366,4.3567,4.3545
0.00837,262.9409,51.5284,85.9315,1304.7302,99.8283,91.1504,107.2811,72.7375,4.3551,4.3553
0.00838,262.9404,51.5284,85.9301,1304.7315,99.829,91.1507,107.2797,72.7385,4.3568,4.3545
0.00839,262.9412,51.5253,85.9292,1304.7298,99.8286,91.1486,107.2791,72.7374,4.3555,4.3556
0.0084,262.9448,51.5278,85.9311,1304.7317,99.8282,91.1489,107.28,72.7377,4.3563,4.3554
0.00841,262.9441,51.5258,85.9294,1304.7313,99.8305,91.1493,107.279,72.7372,4.3555,4.3554
0.00842,262.9443,51.5244,85.9304,1304.7312,99.8317,91.1483,107.2796,72.7383,4.3572,4.3555
0.00843,262.9456,51.5282,85.9312,1304.7303,99.8309,91.1505,107.2796,72.7369,4.3553,4.3538
0.00844,262.9443,51.5263,85.93,1304.7317,99.8313,91.1502,107.2803,72.7367,4.3561,4.3566
0.00845,262.8675,51.4872,85.9029,1304.7089,99.8299,91.1481,107.2802,72.7385,4.355,4.3547
0.00846,262.8666,51.4866,85.9047,1304.7093,99.8285,91.1483,107.2792,72.7381,4.3577,4.3543
0.00847,262.8686,51.4874,85.905,1304.7105,99.8293,91.1504,107.2806,72.7357,4.3552,4.3546
0.00848,262.8671,51.4866,85.9039,1304.709,99.8304,91.1489,107.2794,72.7381,4.3554,4.3542
0.00849,262.867,51.4861,85.9039,1304.7107,99.831,91.1483,107.2789,72.7384,4.3555,4.3556
0.0085,262.4994,51.4733,85.8948,1304.6225,99.8298,91.1488,107.2806,72.7367,4.3557,4.3552
0.00851,262.4986,51.474,85.8964,1304.6207,99.829,91.1477,107.2801,72.7372,4.3562,4.3579
0.00852,262.5006,51.474,85.8963,1304.6215,99.8297,91.1495,107.281,72.7369,4.3545,4.3545
0.00853,262.4983,51.4751,85.896,1304.6207,99.8287,91.1481,107.2805,72.7382,4.3536,4.355
0.00854,262.4984,51.4733,85.8969,1304.6227,99.8288,91.1508,107.2809,72.7364,4.3543,4.356
0.00855,261.3019,51.4721,85.8959,1304.3397,99.8265,91.1503,107.2803,72.7361,4.3546,4.355
0.00856,261.3002,51.4739,85.8938,1304.337,99.8257,91.1508,107.2804,72.7375,4.3533,4.356
0.00857,261.3017,51.4732,85.8952,1304.3376,99.8281,91.1488,107.2794,72.7372,4.3557,4.3546
0.00858,261.2984,51.4732,85.8967,1304.3382,99.8272,91.1486,107.2782,72.741,4.3557,4.3549
0.00859,261.2992,51.4722,85.8939,1304.3377,99.828,91.1468,107.2806,72.7387,4.3537,4.355
0.0086,261.4243,51.485,85.9056,1304.3663,99.8263,91.1496,107.2788,72.7362,4.3576,4.3548
0.00861,261.4237,51.4875,85.9052,1304.3644,99.8273,91.1488,107.2789,72.7375,4.3546,4.3542
0.00862,261.4216,51.4911,85.9061,1304.3646,99.8251,91.1501,107.2791,72.7383,4.3576,4.3538
0.00863,261.4245,51.488,85.9052,1304.3666,99.8279,91.1509,107.279,72.7369,4.3559,4.354
0.00864,261.4213,51.4859,85.9054,1304.3654,99.8285,91.1494,107.2798,72.7372,4.3535,4.3549
0.00865,262.7178,51.5257,85.9291,1304.6679,99.8289,91.1487,107.2797,72.7371,4.355,4.354
0.00866,262.7189,51.5272,85.9304,1304.6659,99.8287,91.1485,107.2812,72.7366,4.3537,4.3558
0.00867,262.719,51.5257,85.9309,1304.6658,99.8308,91.1479,107.2792,72.7376,4.3567,4.355
0.00868,262.7179,51.5247,85.9304,1304.6667,99.8303,91.148,107.2792,72.7387,4.3569,4.3553
0.00869,262.719,51.5257,85.9319,1304.6676,99.8306,91.1508,107.2807,72.7367,4.3566,4.3551
0.0087,263.1848,51.5254,85.9323,1304.7748,99.8311,91.1502,107.2782,72.7368,4.3552,4.3549
0.00871,263.1844,51.5268,85.9304,1304.7741,99.8306,91.1498,107.2798,72.738,4.3568,4.3569
0.00872,263.1858,51.5252,85.9316,1304.7722,99.8306,91.1505,107.2785,72.7378,4.3562,4.3581
0.00873,263.1861,51.5248,85.9302,1304.7742,99.8304,91.1494,107.2804,72.7381,4.3564,4.3569
0.00874,263.1842,51.5247,85.932,1304.7762,99.8294,91.1496,107.2794,72.7369,4.3528,4.3541
0.00875,262.9976,51.4918,85.9066,1304.729,99.8296,91.1487,107.2793,72.738,4.3511,4.3558
0.00876,262.9993,51.49,85.907,1304.7306,99.8306,91.1488,107.2799,72.7363,4.3552,4.3554
0.00877,262.9984,51.4898,85.9069,1304.7308,99.8322,91.1495,107.2803,72.7373,4.3559,4.3544
0.00878,262.9984,51.4911,85.9072,1304.7292,99.8283,91.149,107.2796,72.7356,4.3561,4.356
0.00879,262.9994,51.4893,85.9057,1304.7309,99.8293,91.1486,107.278,72.738,4.3562,4.3559
0.0088,262.5589,51.4772,85.8981,1304.6263,99.8271,91.1487,107.2795,72.7381,4.3562,4.3544
0.00881,262.5575,51.4779,85.8989,1304.6284,99.8279,91.1492,107.2796,72.7374,4.3563,4.3554
0.00882,262.5577,51.4763,85.9012,1304.6282,99.8288,91.1508,107.2796,72.7365,4.3561,4.3551
0.00883,262.5582,51.4748,85.8977,1304.63,99.829,91.1488,107.2795,72.7373,4.3556,4.3552
0.00884,262.5585,51.4793,85.8977,1304.6295,99.83,91.1478,107.2801,72.7386,4.356,4.3555
0.00885,261.527,51.4779,85.8981,1304.3901,99.8262,91.1504,107.2815,72.7385,4.354,4.3566
0.00886,261.5262,51.4771,85.8967,1304.3892,99.8272,91.1503,107.2789,72.737,4.3564,4.3561
0.00887,261.5276,51.4771,85.8984,1304.3895,99.8259,91.1466,107.2799,72.7385,4.3553,4.3547
0.00888,261.5278,51.4779,85.8983,1304.3894,99.8282,91.1482,107.2795,72.7375,4.3562,4.3557
0.00889,261.5279,51.4782,85.898,1304.3903,99.8259,91.1486,107.2798,72.7391,4.3544,4.3565
0.0089,261.5272,51.4773,85.8984,1304.3909,99.827,91.1483,107.2789,72.7368,4.3556,4.3547
0.00891,261.5602,51.4985,85.9111,1304.4007,99.8274,91.1503,107.282,72.739,4.3553,4.3556
0.00892,261.5614,51.4949,85.9095,1304.4018,99.8275,91.1498,107.2795,72.7368,4.3587,4.3556
0.00893,261.5588,51.4981,85.9104,1304.4012,99.8271,91.149,107.2809,72.7374,4.3555,4.3557
0.00894,261.5619,51.4985,85.9118,1304.4007,99.8273,91.149,107.2797,72.7397,4.3554,4.3553
0.00895,261.561,51.4982,85.9115,1304.4019,99.8275,91.1487,107.2804,72.7405,4.356,4.3555
0.00896,262.7341,51.5353,85.9345,1304.6791,99.8286,91.1487,107.2794,72.7375,4.3559,4.3565
0.00897,262.7354,51.5335,85.9372,1304.6807,99.8299,91.1503,107.281,72.7373,4.355,4.3564
0.00898,262.736,51.5354,85.9344,1304.6792,99.829,91.1496,107.2789,72.7361,4.3563,4.3547
0.00899,262.7342,51.534,85.9368,1304.6801,99.8278,91.1494,107.2792,72.7386,4.3555,4.3558
0.009,262.7347,51.5355,85.9355,1304.6811,99.8285,91.1495,107.28,72.738,4.3578,4.3537
0.00901,262.6044,51.5353,85.9372,1304.6507,99.828,91.1494,107.2807,72.7365,4.3555,4.355
0.00902,262.6051,51.5347,85.9357,1304.6498,99.8277,91.1493,107.2805,72.7382,4.3542,4.355
0.00903,262.6041,51.5354,85.9366,1304.6482,99.8285,91.1507,107.2805,72.7354,4.356,4.3547
0.00904,262.606,51.5363,85.9376,1304.6487,99.8285,91.1498,107.2795,72.7392,4.3556,4.3578
0.00905,262.6026,51.5357,85.9363,1304.6503,99.829,91.1478,107.2783,72.737,4.3541,4.3564
0.00906,262.6058,51.5361,85.9376,1304.6489,99.8296,91.1489,107.2783,72.7359,4.3555,4.3541
0.00907,262.6048,51.5366,85.9374,1304.6472,99.8276,91.1482,107.2798,72.7375,4.3558,4.3555
0.00908,262.6057,51.5376,85.9374,1304.6485,99.8293,91.1508,107.2804,72.737,4.3553,4.3552
0.00909,262.6057,51.5373,85.9364,1304.6486,99.8292,91.1495,107.2804,72.7375,4.3559,4.3546
0.0091,262.6059,51.5364,85.9362,1304.6488,99.8282,91.1498,107.2797,72.7356,4.3564,4.3566
0.00911,261.3397,51.497,85.9112,1304.3443,99.8261,91.1486,107.2813,72.737,4.3543,4.3556
0.00912,261.3408,51.4982,85.91,1304.343,99.827,91.1499,107.2807,72.7364,4.3561,4.3548
0.00913,261.339,51.4955,85.911,1304.3431,99.826,91.1488,107.2795,72.7383,4.357,4.3544
0.00914,261.3406,51.4979,85.9102,1304.3424,99.8278,91.1499,107.2809,72.7374,4.3574,4.3549
0.00915,261.3411,51.4963,85.9119,1304.3426,99.8269,91.1504,107.2789,72.7371,4.3563,4.3556
0.00916,261.2203,51.4975,85.9114,1304.3119,99.8265,91.1495,107.2785,72.735,4.353,4.3577
0.00917,261.2219,51.4976,85.9116,1304.3108,99.8261,91.1496,107.2794,72.7357,4.3567,4.3564
0.00918,261.2197,51.4964,85.9097,1304.3121,99.8281,91.1495,107.2812,72.7355,4.3561,4.3576
0.00919,261.2211,51.4968,85.9122,1304.313,99.8266,91.1484,107.2782,72.7383,4.3563,4.3527
0.0092,261.2247,51.4978,85.9114,1304.3113,99.8246,91.1474,107.2822,72.7376,4.3573,4.3554
0.00921,261.2168,51.4979,85.9119,1304.3108,99.8256,91.1492,107.2814,72.7386,4.3538,4.3556
0.00922,261.2175,51.4994,85.9111,1304.3111,99.8248,91.1485,107.2806,72.7365,4.3565,4.3562
0.00923,261.2152,51.4962,85.9122,1304.3112,99.8257,91.1481,107.2791,72.7374,4.3538,4.3551
0.00924,261.2176,51.4973,85.9115,1304.3103,99.8269,91.1473,107.2777,72.7369,4.356,4.355
0.00925,261.2185,51.4979,85.9102,1304.3097,99.8254,91.1497,107.2794,72.7376,4.354,4.3564
0.00926,261.9671,51.5305,85.9339,1304.4864,99.8275,91.1497,107.2777,72.7371,4.356,4.356
0.00927,261.9654,51.531,85.9332,1304.4855,99.8269,91.147,107.2824,72.736,4.3573,4.354
0.00928,261.967,51.5301,85.9321,1304.4856,99.8263,91.1492,107.2807,72.7368,4.3547,4.3558
0.00929,261.9669,51.5317,85.9341,1304.4835,99.8276,91.1483,107.279,72.7377,4.3553,4.354
0.0093,261.9676,51.5311,85.9347,1304.4839,99.829,91.1496,107.2802,72.7379,4.3542,4.357
0.00931,262.4471,51.5476,85.9449,1304.5977,99.8299,91.1505,107.2799,72.7381,4.3559,4.355
0.00932,262.448,51.5497,85.944,1304.6004,99.8303,91.149,107.2793,72.7369,4.3563,4.3563
0.00933,262.4493,51.5469,85.9434,1304.5981,99.8284,91.1498,107.2783,72.7374,4.3558,4.3554
0.00934,262.4484,51.5464,85.9453,1304.6012,99.8286,91.1504,107.2811,72.7373,4.3558,4.3564
0.00935,262.4471,51.5488,85.9456,1304.5987,99.8284,91.1506,107.2786,72.7386,4.3557,4.3565
0.00936,262.7732,51.5477,85.9446,1304.6816,99.8301,91.1498,107.2803,72.7394,4.3563,4.3544
0.00937,262.7695,51.5467,85.944,1304.6794,99.8285,91.1504,107.2803,72.7364,4.3567,4.3544
0.00938,262.7694,51.5488,85.9431,1304.6797,99.8297,91.1471,107.2815,72.7375,4.3546,4.3556
0.00939,262.7715,51.5481,85.9429,1304.6794,99.8281,91.1482,107.2795,72.7381,4.3548,4.3553
0.0094,262.7691,51.5471,85.9462,1304.6816,99.8301,91.1496,107.2802,72.7371,4.3564,4.3568
0.00941,262.576,51.5368,85.9402,1304.6327,99.8298,91.1494,107.2796,72.737,4.3567,4.3536
0.00942,262.5778,51.5371,85.9372,1304.6326,99.8293,91.1499,107.2807,72.7376,4.3547,4.3554
0.00943,262.5787,51.5403,85.9376,1304.6317,99.8281,91.1483,107.2812,72.7374,4.3548,4.3543
0.00944,262.5757,51.5364,85.9366,1304.6324,99.8299,91.1479,107.2786,72.7366,4.3565,4.3561
0.00945,262.5771,51.5361,85.9347,1304.632,99.8294,91.1486,107.2803,72.7367,4.3552,4.3554
0.00945,261.7097,51.5001,85.9152,1304.4237,99.8261,91.149,107.2782,72.7367,4.3551,4.3558
0.00946,261.7094,51.5022,85.9143,1304.4241,99.8296,91.1482,107.2794,72.7366,4.3552,4.355
0.00947,261.7106,51.5035,85.9141,1304.4228,99.8274,91.1486,107.2792,72.7372,4.3551,4.3559
0.00948,261.7086,51.5022,85.914,1304.4245,99.8276,91.1495,107.2803,72.7369,4.3547,4.3565
0.00949,261.7133,51.5023,85.9135,1304.4232,99.8263,91.1474,107.2803,72.7359,4.3561,4.3552
0.0095,261.7436,51.5025,85.9144,1304.4319,99.8277,91.148,107.2783,72.7392,4.3562,4.3548
0.00951,261.743,51.502,85.9153,1304.4314,99.8268,91.1497,107.2787,72.7374,4.3562,4.3555
0.00952,261.7441,51.5037,85.9147,1304.4315,99.8271,91.1488,107.2793,72.7366,4.3557,4.3559
0.00953,261.7437,51.5032,85.9142,1304.4301,99.8285,91.1494,107.2785,72.7372,4.3549,4.3571
0.00954,261.7438,51.5024,85.9145,1304.4332,99.8265,91.1512,107.2816,72.7352,4.355,4.3551
0.00955,261.7447,51.5013,85.9143,1304.43,99.8283,91.1494,107.2795,72.7389,4.3551,4.3561
0.00956,261.7451,51.5035,85.914,1304.4317,99.8278,91.148,107.279,72.7369,4.3551,4.3553
0.00957,261.743,51.5025,85.9147,1304.4314,99.8272,91.1499,107.2805,72.7378,4.3563,4.355
0.00958,261.7443,51.5024,85.9139,1304.4315,99.8282,91.1503,107.2811,72.7378,4.3548,4.3553
0.00959,261.7432,51.5028,85.9139,1304.4311,99.8272,91.1495,107.2793,72.7383,4.3552,4.3564
0.0096,262.5323,51.5339,85.9339,1304.6187,99.8297,91.149,107.2792,72.7365,4.3559,4.3551
0.00961,262.5343,51.5339,85.9356,1304.6202,99.8272,91.1502,107.2814,72.7382,4.3547,4.3549
0.00962,262.5332,51.5335,85.9355,1304.6193,99.8282,91.1474,107.2777,72.7388,4.3553,4.3538
0.00963,262.5334,51.5327,85.9351,1304.62,99.828,91.149,107.2782,72.7371,4.3562,4.3552
0.00964,262.5323,51.5353,85.9329,1304.62,99.8305,91.1486,107.2795,72.7385,4.3585,4.3562
0.00965,262.3782,51.5278,85.9313,1304.5794,99.8282,91.148,107.2803,72.7374,4.3561,4.3563
0.00966,262.3779,51.525,85.9313,1304.5798,99.8275,91.1476,107.2798,72.7379,4.3555,4.3552
0.00967,262.3757,51.5273,85.9296,1304.5801,99.8271,91.1476,107.2786,72.7385,4.3548,4.3569
0.00968,262.3774,51.5271,85.9301,1304.5811,99.8276,91.1489,107.278,72.7368,4.3543,4.3565
0.00969,262.377,51.5261,85.9303,1304.5821,99.8285,91.1494,107.279,72.7353,4.3534,4.355
0.0097,262.4034,51.5263,85.9307,1304.5877,99.8293,91.1478,107.2797,72.7388,4.3558,4.3564
0.00971,262.4026,51.525,85.9316,1304.5865,99.8301,91.1494,107.2798,72.7364,4.3543,4.3541
0.00972,262.4014,51.526,85.9307,1304.5874,99.8292,91.1472,107.2784,72.7376,4.3537,4.3548
0.00973,262.4022,51.5265,85.9287,1304.5862,99.8299,91.1481,107.2789,72.7372,4.3554,4.3555
0.00974,262.4043,51.5267,85.9318,1304.5878,99.8272,91.1485,107.2802,72.7379,4.3559,4.3566
0.00975,262.4285,51.5263,85.9317,1304.5941,99.8288,91.1489,107.2799,72.7355,4.3541,4.3545
0.00976,262.4276,51.526,85.9309,1304.5917,99.827,91.1489,107.2786,72.7386,4.3555,4.3557
0.00977,262.428,51.527,85.9303,1304.5935,99.8273,91.148,107.2794,72.7364,4.3542,4.3565
0.00978,262.4289,51.5269,85.9304,1304.5938,99.8278,91.1489,107.2803,72.7387,4.3576,4.3555
0.00979,262.4291,51.5277,85.9315,1304.5913,99.8275,91.151,107.2803,72.7376,4.3556,4.3555
0.0098,261.6322,51.4948,85.909,1304.4026,99.8271,91.1485,107.2816,72.7393,4.3542,4.356
0.00981,261.6325,51.4943,85.909,1304.4022,99.8257,91.1473,107.2796,72.7364,4.3555,4.3536
0.00982,261.6299,51.4938,85.9099,1304.4021,99.824,91.1491,107.2773,72.7366,4.3557,4.3559
0.00983,261.6323,51.4937,85.9081,1304.4035,99.8256,91.1501,107.2798,72.7387,4.3562,4.3553
0.00984,261.6326,51.4943,85.9111,1304.4014,99.8246,91.1501,107.2799,72.7367,4.3558,4.3558
0.00985,261.6441,51.4938,85.9085,1304.407,99.8278,91.1478,107.2799,72.7375,4.3558,4.3576
0.00986,261.6437,51.4936,85.9078,1304.4069,99.8282,91.1491,107.2791,72.7386,4.3554,4.3539
0.00987,261.6442,51.4948,85.9094,1304.406,99.8289,91.1482,107.2796,72.7373,4.3541,4.3557
0.00988,261.6435,51.4939,85.91,1304.4064,99.8277,91.1481,107.28,72.7387,4.358,4.3564
0.00989,261.6434,51.4948,85.9102,1304.4054,99.8259,91.1494,107.2786,72.7378,4.3566,4.3548
0.0099,261.643,51.4905,85.9085,1304.4057,99.827,91.1486,107.2794,72.7377,4.3582,4.3556
0.00991,261.6429,51.4952,85.909,1304.4058,99.8268,91.1496,107.2808,72.7393,4.3545,4.3564
0.00992,261.6435,51.4937,85.9089,1304.4058,99.8264,91.1488,107.28,72.7385,4.3571,4.3559
0.00993,261.6441,51.4922,85.9094,1304.4062,99.8256,91.1508,107.2799,72.7368,4.3547,4.3552
0.00994,261.6437,51.4924,85.9065,1304.4075,99.8278,91.1497,107.2787,72.7371,4.3548,4.3547
0.00995,262.7664,51.5391,85.9385,1304.6803,99.8294,91.1515,107.2795,72.7373,4.3554,4.3542
0.00996,262.7692,51.5392,85.9387,1304.6816,99.8276,91.1487,107.2791,72.7361,4.3549,4.356
0.00997,262.7669,51.5398,85.9365,1304.6795,99.8287,91.1496,107.2791,72.7365,4.3555,4.354
0.00998,262.7659,51.539,85.9404,1304.6788,99.8282,91.1498,107.2789,72.738,4.3559,4.3537
0.00999,262.7683,51.5393,85.9402,1304.6815,99.8305,91.1499,107.2816,72.7351,4.3558,4.3548
0.01,262.7672,51.5407,85.9397,1304.6793,99.8272,91.1483,107.2799,72.737,4.3557,4.3558
