hemodynamics bgrgasexchange value,ecmop2,ecmoUnitFlow,pcv,caSys_O2sat,cvSys_O2sat,caSys_pO2,paosys,cvSys_pO2,bgDO2,paoavg
0.0,163.2568,6.0624,5.0144,99.8341,86.0258,263.2013,143.8571,51.6598,1312.1839,107.8386
0.2002,163.2617,6.068,5.0184,99.8323,86.0222,263.1954,143.8423,51.6577,1312.1928,107.847
0.4004,164.1242,7.1012,5.0196,99.8305,86.0226,263.2907,143.82,51.6601,1311.781,107.8109
0.6006,164.3634,7.3849,5.0177,99.8313,86.0156,263.2747,143.8153,51.6612,1311.6603,107.8078
0.8008,165.25,8.4368,5.0104,99.8316,86.0124,263.0389,143.7834,51.6616,1311.1587,107.7628
1.001,165.3562,8.5522,5.0154,99.8286,86.0262,263.0548,143.7785,51.6567,1311.1109,107.7589
1.2012,165.3426,8.5451,5.0141,99.8328,86.016,263.0549,143.7883,51.6666,1311.1122,107.7587
1.4014,165.6487,8.9227,5.0172,99.8279,86.0139,263.0746,143.7723,51.6536,1310.952,107.7462
1.6016,167.4473,11.1183,5.0183,99.8292,86.0177,263.6625,143.7026,51.6562,1310.0039,107.6704
1.8018,167.7235,11.4509,5.0218,99.834,86.0247,263.7083,143.6947,51.6646,1309.8548,107.6508
2.002,167.9007,11.6712,5.016,99.8322,86.0203,263.7494,143.68,51.653,1309.7626,107.65
2.2022,167.9054,11.6772,5.0183,99.8337,86.0143,263.7453,143.6766,51.6538,1309.7526,107.6449
2.4024,168.6074,12.5011,5.011,99.8341,86.0151,263.885,143.6515,51.6581,1309.3584,107.6104
2.6026,169.1396,13.1228,5.0115,99.8342,86.0055,263.9597,143.6356,51.6446,1309.061,107.5889
2.8028,170.1561,14.2913,5.0271,99.83,85.9903,263.8696,143.5962,51.6151,1308.4702,107.5463
3.003,170.29,14.4754,5.0129,99.8317,85.9884,263.8417,143.5985,51.6111,1308.379,107.5448
3.2032,170.2864,14.4609,5.0221,99.8295,85.9917,263.8531,143.5919,51.617,1308.3876,107.5526
3.4034,171.1765,15.5064,5.0229,99.8324,85.9711,263.6289,143.5541,51.5948,1307.8919,107.508
3.6036,171.2571,15.6064,5.0149,99.8323,85.9744,263.6062,143.5646,51.5862,1307.8334,107.5056
3.8038,172.1049,16.6533,5.028,99.8329,85.9556,263.3895,143.5311,51.5693,1307.2299,107.4633
4.004,172.7293,17.4596,5.0168,99.8324,85.9597,263.0217,143.5091,51.5629,1306.7195,107.4334
4.2042,172.7405,17.462,5.0159,99.8276,85.9484,263.022,143.5024,51.5697,1306.7203,107.428
4.4044,173.4721,18.3874,5.0245,99.8323,85.9574,262.3485,143.4676,51.5556,1306.0838,107.3928
4.6046,173.589,18.5226,5.0182,99.8245,85.9539,262.2559,143.4641,51.5513,1305.9811,107.3941
4.8048,174.4828,19.629,5.0229,99.8331,85.9228,262.3343,143.4245,51.5069,1305.3724,107.3411
5.005,174.615,19.8049,5.0108,99.833,85.91,262.1046,143.4171,51.5044,1305.23,107.3294
5.2052,174.6155,19.7964,5.018,99.8334,85.9144,262.1138,143.425,51.4993,1305.2283,107.344
5.4054,175.2672,20.5351,5.0211,99.8248,85.8742,260.3818,143.3891,51.4316,1304.4273,107.3079
5.6056,175.8261,21.251,5.0103,99.8302,85.8811,260.5459,143.366,51.4443,1304.0717,107.2752
5.8058,176.7585,22.4445,5.0138,99.8289,85.9152,262.3805,143.3188,51.5032,1303.7836,107.2269
6.006,177.1064,22.896,5.0221,99.8274,85.9324,262.9334,143.3059,51.5193,1303.6462,107.2073
6.2062,177.1045,22.889,5.0191,99.8304,85.9228,262.9367,143.2983,51.5205,1303.6637,107.1983
6.4064,177.7479,23.6824,5.0147,99.831,85.9048,263.0375,143.2773,51.4797,1303.213,107.1564
6.6066,178.1137,24.1516,5.0197,99.8278,85.8919,263.0239,143.2585,51.4684,1302.9309,107.1465
6.8068,178.7321,24.9012,5.0229,99.8309,85.8952,262.8072,143.2192,51.4594,1302.3893,107.1103
7.007,179.0581,25.3331,5.0215,99.8349,85.8908,262.6544,143.2022,51.4589,1302.0858,107.0841
7.2072,179.0602,25.3385,5.013,99.8358,85.8958,262.6656,143.2036,51.4666,1302.0821,107.0896
7.4074,179.6646,26.1212,5.0136,99.8159,85.8815,262.2165,143.1754,51.4591,1301.4949,107.0571
7.6076,180.2596,26.8687,5.0101,99.8392,85.8844,261.7265,143.1428,51.4443,1300.916,107.0127
7.8078,180.9355,27.7184,5.0139,99.8246,85.8454,261.108,143.1203,51.3972,1300.267,106.976
8.008,181.2711,28.1674,5.0236,99.8236,85.8288,260.7184,143.106,51.3787,1299.8986,106.945
8.2082,181.2872,28.1683,5.0184,99.8224,85.8294,260.7279,143.0914,51.3849,1299.8969,106.9534
8.4084,181.7965,28.8249,5.0165,99.8238,85.8341,260.1482,143.0737,51.3672,1299.3153,106.9283
8.6086,182.079,29.2016,5.0232,99.8267,85.822,259.8522,143.0605,51.3578,1298.9947,106.899
8.8088,182.6534,29.965,5.0196,99.8144,85.7939,259.2274,143.0351,51.321,1298.3308,106.8615
9.009,183.0005,30.41,5.021,99.8218,85.7833,259.1337,142.9951,51.3049,1298.0001,106.8388
9.2092,182.9979,30.4187,5.0182,99.8236,85.7902,259.1324,143.0027,51.3042,1298.0055,106.8368
9.4094,183.9454,31.6436,5.0158,99.8258,85.7627,259.0715,142.9332,51.2754,1297.127,106.7679
9.6096,184.5362,32.425,5.0199,99.8163,85.7652,259.4814,142.9134,51.2785,1296.6822,106.738
9.8098,185.2434,33.3359,5.0166,99.8272,85.7606,259.5468,142.8798,51.2647,1296.0439,106.6775
10.01,185.4397,33.5958,5.0187,99.8215,85.7506,259.5296,142.8555,51.2529,1295.8447,106.6777
10.2102,185.4327,33.6021,5.0261,99.8324,85.745,259.5271,142.8541,51.2574,1295.8472,106.6657
10.4104,186.0961,34.4631,5.0166,99.8118,85.7456,259.2443,142.8162,51.2492,1295.1458,106.6138
10.6106,186.3604,34.8171,5.016,99.8157,85.7407,259.0103,142.8038,51.2432,1294.8148,106.5944
10.8108,186.8349,35.4902,5.0211,99.8291,85.7124,258.4196,142.7643,51.1977,1294.1304,106.5556
11.011,187.1597,35.9229,5.0229,99.8259,85.6931,258.0391,142.7429,51.1761,1293.7277,106.5351
11.2112,187.1576,35.9186,5.018,99.8205,85.7008,258.0417,142.7404,51.1864,1293.7177,106.5338
11.4114,187.7643,36.7159,5.0282,99.8259,85.7,257.3763,142.7041,51.177,1292.9574,106.4891
11.6116,188.0556,37.0668,5.0162,99.8194,85.6946,257.3099,142.6843,51.1814,1292.6729,106.4736
11.8118,188.8692,38.1278,5.0217,99.8182,85.6901,257.5824,142.6352,51.1777,1291.9548,106.407
12.012,189.3324,38.7456,5.0134,99.8128,85.694,257.7811,142.611,51.1757,1291.5527,106.3713
12.2122,189.3231,38.7478,5.0232,99.8079,85.6909,257.7784,142.6074,51.1679,1291.5495,106.3717
12.4124,189.7832,39.3764,5.0173,99.8145,85.6956,257.7829,142.5748,51.1775,1291.0936,106.3462
12.6126,189.9328,39.5725,5.0225,99.821,85.6886,257.7144,142.5693,51.1596,1290.937,106.3319
12.8128,190.4469,40.2302,5.0194,99.8173,85.6492,257.3367,142.523,51.1094,1290.4066,106.2962
13.013,190.5187,40.3289,5.0096,99.8186,85.6439,257.2739,142.5337,51.1148,1290.3178,106.2876
13.2132,190.5199,40.3236,5.0178,99.821,85.6454,257.2829,142.5327,51.1125,1290.3207,106.2791
13.4134,191.2981,41.3682,5.0115,99.8124,85.6316,256.5896,142.4906,51.0637,1289.3233,106.2229
13.6136,192.2639,42.6847,5.0177,99.808,85.6008,255.6165,142.4095,51.0084,1288.0046,106.1429
13.8138,192.6724,43.2369,5.0147,99.8146,85.5722,255.5218,142.3879,50.9937,1287.5159,106.1015
14.014,192.6661,43.2392,5.0187,99.813,85.5715,255.5145,142.3701,50.9877,1287.5192,106.1137
14.2142,192.6619,43.2384,5.0217,99.8219,85.5808,255.5144,142.3796,50.9898,1287.5211,106.1055
14.4144,193.2718,44.0636,5.0236,99.8225,85.5759,255.9479,142.3455,50.9797,1286.9742,106.063
14.6146,193.399,44.2332,5.0173,99.8091,85.5631,255.8797,142.3292,50.9805,1286.8145,106.0456
14.8148,193.6676,44.584,5.0145,99.8112,85.5525,255.7107,142.3124,50.9688,1286.4725,106.0193
15.015,194.3909,45.6223,5.0175,99.8076,85.5469,255.5675,142.263,50.9462,1285.6023,105.9672
15.2152,194.3938,45.6259,5.0221,99.82,85.5429,255.567,142.2564,50.9379,1285.6065,105.9556
15.4154,195.5503,47.2193,5.0267,99.8195,85.5162,254.734,142.1679,50.8942,1284.0828,105.854
15.6156,196.3159,48.2765,5.0149,99.8205,85.5042,254.0693,142.1076,50.8806,1283.042,105.7887
15.8158,196.54,48.5822,5.0188,99.8122,85.4892,253.9196,142.0873,50.8744,1282.7598,105.7695
16.016,196.5863,48.6578,5.0187,99.8144,85.4936,253.8951,142.0829,50.8654,1282.6852,105.7637
16.2162,196.5898,48.6497,5.0325,99.8185,85.4909,253.894,142.0778,50.8827,1282.6838,105.7679
16.4164,197.1027,49.3626,5.0154,99.8113,85.4854,253.2827,142.0436,50.8673,1281.9319,105.7191
16.6166,197.3313,49.6599,5.0233,99.806,85.4783,253.1711,142.0302,50.859,1281.6725,105.7093
16.8168,197.8174,50.3102,5.0201,99.8059,85.4596,253.2565,141.9924,50.8055,1281.1749,105.6733
17.017,198.2855,50.9423,5.0331,99.8128,85.4369,253.3573,141.9604,50.7829,1280.6446,105.6263
17.2172,198.2798,50.9438,5.0286,99.7961,85.4346,253.36,141.9664,50.7839,1280.6467,105.6282
17.4174,198.6395,51.4606,5.0224,99.8195,85.4201,253.4311,141.939,50.7877,1280.2138,105.5866
17.6176,198.8996,51.8585,5.0288,99.8079,85.4312,253.4142,141.9132,50.7795,1279.8585,105.5539
17.8178,199.4649,52.6831,5.0146,99.8212,85.4204,253.2089,141.8628,50.7804,1279.1013,105.5041
18.018,199.706,53.0112,5.031,99.8107,85.4366,253.065,141.851,50.7682,1278.7985,105.495
18.2182,199.7081,53.0214,5.0287,99.808,85.4282,253.0574,141.8423,50.7761,1278.8021,105.4811
18.4184,200.26,53.7463,5.013,99.8171,85.4292,252.5819,141.8055,50.7795,1278.1078,105.4443
18.6186,200.59,54.1875,5.027,99.81,85.4181,252.2055,141.787,50.7561,1277.6427,105.4256
18.8188,200.9569,54.7259,5.0196,99.8008,85.3921,251.6264,141.7545,50.7226,1277.0292,105.3832
19.019,201.2928,55.2062,5.0261,99.8057,85.369,251.307,141.7234,50.708,1276.5576,105.3512
19.2192,201.2979,55.1934,5.0209,99.806,85.3772,251.3107,141.7272,50.6831,1276.5653,105.3423
19.4194,201.7972,55.8501,5.0168,99.8048,85.3672,251.056,141.6901,50.703,1275.9728,105.311
19.6196,202.0653,56.2156,5.0128,99.8062,85.3638,250.9255,141.6678,50.6804,1275.6294,105.2807
19.8198,202.6324,56.986,5.0244,99.808,85.3679,250.8814,141.6188,50.6813,1274.9752,105.2328
20.02,203.2706,57.8277,5.0123,99.8039,85.3557,251.0666,141.5753,50.6872,1274.3107,105.1862
20.2202,203.2632,57.8382,5.0294,99.8062,85.368,251.0627,141.5693,50.6778,1274.3113,105.1753
20.4204,203.539,58.1971,5.019,99.8035,85.353,250.8986,141.551,50.67,1273.9638,105.1638
20.6206,204.28,59.2177,5.0202,99.8127,85.3287,250.5045,141.5051,50.632,1273.0059,105.0975
20.8208,204.4963,59.5126,5.0252,99.8109,85.3138,250.4416,141.4926,50.6211,1272.7383,105.0759
21.021,205.2672,60.6073,5.0239,99.7939,85.2512,249.1729,141.4225,50.5349,1271.5492,105.0071
21.2212,205.273,60.6055,5.0256,99.7993,85.2587,249.1723,141.4278,50.5267,1271.5284,105.0055
21.4214,205.6423,61.1314,5.0279,99.8038,85.2366,249.0206,141.3924,50.511,1271.0696,104.9735
21.6216,205.6421,61.1256,5.0249,99.8098,85.2385,249.0266,141.3933,50.4947,1271.0733,104.9756
21.8218,206.1974,61.8928,5.0238,99.7989,85.2308,249.7297,141.3509,50.4946,1270.5942,104.9207
22.022,206.2874,62.0267,5.0201,99.8035,85.2301,249.6845,141.3438,50.4904,1270.4653,104.9117
22.2222,206.2852,62.0385,5.0172,99.8017,85.228,249.6794,141.3427,50.4936,1270.4577,104.9204
22.4224,206.7902,62.6928,5.0105,99.7986,85.2287,249.8889,141.3102,50.4831,1269.9434,104.8719
22.6226,207.7843,64.0097,5.0213,99.7988,85.2203,249.3724,141.2381,50.4905,1268.7245,104.7858
22.8228,208.0366,64.3515,5.0227,99.7989,85.2233,249.1859,141.2277,50.4878,1268.3929,104.7628
23.023,208.0305,64.3608,5.02,99.8065,85.2239,249.1869,141.2195,50.4835,1268.3927,104.7752
23.2232,208.0379,64.3539,5.026,99.8043,85.2359,249.1858,141.2184,50.4791,1268.3918,104.7609
23.4234,208.5294,65.0105,5.0201,99.7858,85.2203,248.6304,141.184,50.4864,1267.6865,104.7286
23.6236,208.7351,65.3104,5.0161,99.7956,85.2176,248.5618,141.1616,50.4882,1267.4345,104.6914
23.8238,209.2013,65.9407,5.0174,99.7958,85.2061,248.2109,141.1265,50.4558,1266.8161,104.6752
24.024,210.0574,67.1317,5.0097,99.7973,85.1791,247.7761,141.0601,50.4195,1265.7301,104.5969
24.2242,210.0614,67.1259,5.0203,99.7941,85.1782,247.7666,141.0593,50.4192,1265.7169,104.5836
24.4244,210.5499,67.781,5.0207,99.7984,85.1637,247.6855,141.0264,50.3973,1265.1447,104.5446
24.6246,210.6519,67.9471,5.0191,99.8027,85.1609,247.6204,141.018,50.3899,1265.0069,104.5379
24.8248,210.948,68.35,5.0251,99.8048,85.1657,247.8784,140.9872,50.4058,1264.7183,104.5163
25.025,211.3042,68.8196,5.0218,99.7985,85.1653,247.8138,140.9653,50.3789,1264.3208,104.4759
25.2252,211.3036,68.8249,5.022,99.803,85.1671,247.8186,140.9699,50.3923,1264.3172,104.479
25.4254,211.7334,69.4149,5.0279,99.7947,85.1511,247.4338,140.9273,50.3888,1263.7312,104.4451
25.6256,212.1801,70.0486,5.0195,99.7974,85.1353,246.6795,140.8993,50.3509,1263.0054,104.4091
25.8258,212.5305,70.5736,5.024,99.7865,85.0965,245.72,140.8676,50.3118,1262.3371,104.3715
26.026,212.8843,71.0635,5.0186,99.7926,85.0742,245.209,140.8437,50.279,1261.7951,104.326
26.2262,212.8809,71.0565,5.0226,99.7913,85.0815,245.2023,140.8465,50.2734,1261.7924,104.337
26.4264,213.4548,71.8532,5.022,99.7973,85.0425,244.708,140.7955,50.2327,1261.0158,104.2847
26.6266,213.7505,72.2459,5.0205,99.794,85.0261,244.6237,140.7753,50.2075,1260.666,104.2575
26.8268,214.2247,72.8676,5.0242,99.7904,85.0274,244.8134,140.7372,50.2022,1260.1882,104.218
27.027,214.5338,73.2722,5.0176,99.7943,85.0196,245.0442,140.7149,50.1967,1259.8903,104.1995
27.2272,214.5182,73.2651,5.0247,99.8005,85.0198,245.0455,140.7205,50.2004,1259.8933,104.1891
27.4274,214.905,73.788,5.0288,99.7879,85.025,245.4777,140.6875,50.1998,1259.5606,104.1621
27.6276,215.1699,74.132,5.0241,99.7941,85.0293,245.5951,140.6653,50.1959,1259.3077,104.1404
27.8278,215.5926,74.6717,5.0128,99.7906,85.0119,245.3909,140.63,50.1919,1258.8081,104.1089
28.028,215.642,74.7552,5.0225,99.7863,85.0227,245.3807,140.6372,50.1922,1258.732,104.097
28.2282,215.6443,74.7591,5.0243,99.7973,85.0237,245.3736,140.6319,50.1952,1258.7349,104.1016
28.4284,215.6977,74.8352,5.0164,99.7956,85.0269,245.3612,140.6352,50.1963,1258.6797,104.0913
28.6286,215.8731,75.0768,5.0122,99.7992,85.0228,245.2849,140.6152,50.1891,1258.4426,104.0811
28.8288,216.3768,75.751,5.0278,99.7944,85.0046,244.9256,140.5722,50.1763,1257.779,104.0327
29.029,217.7855,77.696,5.0191,99.7891,84.9741,243.7687,140.4794,50.127,1255.8173,103.9052
29.2292,217.7786,77.6938,5.0266,99.794,84.9827,243.7862,140.4691,50.1275,1255.8146,103.9059
29.4294,217.9566,77.9145,5.0352,99.7935,84.9623,243.682,140.4591,50.1309,1255.5917,103.896
29.6296,218.0943,78.1269,5.029,99.7862,84.959,243.5925,140.4403,50.1223,1255.3958,103.8752
29.8298,218.2299,78.3135,5.0226,99.7828,84.9633,243.4817,140.4318,50.1146,1255.2164,103.8611
30.03,219.5703,80.115,5.0269,99.7896,84.9155,242.298,140.331,50.0417,1253.3886,103.7465
30.2302,219.5577,80.1108,5.0292,99.7938,84.921,242.3013,140.3281,50.0456,1253.3864,103.7528
30.4304,219.6951,80.3011,5.0301,99.7877,84.9078,242.2212,140.3228,50.0482,1253.2195,103.7471
30.6306,219.7762,80.4056,5.0194,99.779,84.9079,242.1893,140.3227,50.0421,1253.1255,103.7297
30.8308,219.9351,80.6313,5.0138,99.7833,84.9104,242.1049,140.295,50.022,1252.9072,103.716
31.031,221.4866,82.7451,5.0264,99.785,84.823,240.6145,140.1789,49.9384,1250.7773,103.5835
31.2312,221.4891,82.7427,5.0202,99.7855,84.8302,240.6253,140.1814,49.9353,1250.7716,103.5744
31.4314,221.8578,83.2504,5.012,99.7804,84.8254,240.5165,140.1495,49.9163,1250.322,103.5495
31.6316,221.9567,83.378,5.0265,99.7788,84.8217,240.4759,140.1438,49.915,1250.2178,103.5443
31.8318,222.1065,83.584,5.0266,99.7764,84.8095,240.4349,140.1341,49.8971,1250.0256,103.5311
32.032,222.1046,83.5968,5.0205,99.7794,84.8117,240.4342,140.1316,49.8992,1250.0206,103.5268
32.2322,222.1111,83.596,5.0306,99.7773,84.8102,240.4338,140.1422,49.9054,1250.0167,103.5248
32.4324,222.5528,84.2212,5.023,99.787,84.8002,241.4029,140.1045,49.8992,1249.7286,103.4775
32.6326,222.7809,84.5315,5.0252,99.7872,84.8192,241.6359,140.0794,49.9042,1249.5134,103.4646
32.8328,223.2072,85.1364,5.018,99.7882,84.81,241.5136,140.0413,49.9037,1248.9094,103.4214
33.033,223.4277,85.4293,5.0161,99.7854,84.8077,241.4519,140.0309,49.9023,1248.6565,103.4079
33.2332,223.4225,85.4184,5.021,99.7766,84.8073,241.4629,140.0254,49.8974,1248.6569,103.404
33.4334,223.871,86.0081,5.027,99.7807,84.8074,241.31,140.0041,49.8989,1248.1438,103.3687
33.6336,224.1903,86.4485,5.0194,99.7821,84.808,241.1079,139.9741,49.8986,1247.747,103.345
33.8338,224.7624,87.2031,5.026,99.7825,84.8006,240.67,139.9304,49.8837,1246.9807,103.2828
34.034,224.9378,87.4627,5.0198,99.7865,84.7851,240.4554,139.9181,49.8808,1246.7075,103.2796
34.2342,224.9425,87.464,5.019,99.7741,84.7909,240.4533,139.9213,49.8778,1246.7066,103.2692
34.4344,225.3486,88.0149,5.0207,99.7749,84.7578,239.9189,139.8844,49.8279,1246.0872,103.2408
34.6346,225.4871,88.216,5.0227,99.7837,84.7506,239.7858,139.8758,49.8308,1245.9017,103.2248
34.8348,225.769,88.5828,5.0198,99.7761,84.7312,239.5521,139.8472,49.8045,1245.528,103.2011
35.035,226.513,89.5558,5.026,99.7833,84.7003,239.1447,139.8023,49.7565,1244.6023,103.1341
35.2352,226.5087,89.5549,5.023,99.7766,84.7005,239.1486,139.7977,49.7557,1244.6064,103.1435
35.4354,226.8935,90.055,5.0273,99.7805,84.6981,239.0033,139.7717,49.75,1244.1314,103.0991
35.6356,227.2376,90.5251,5.0227,99.7768,84.6919,238.8845,139.7522,49.7443,1243.6753,103.0776
35.8358,227.7636,91.253,5.0264,99.7688,84.7247,238.8372,139.7153,49.7781,1243.054,103.0277
36.036,227.9677,91.5177,5.0243,99.7851,84.7224,238.8079,139.7042,49.7865,1242.7782,103.0231
36.2362,227.9602,91.5267,5.0207,99.7918,84.7332,238.8036,139.6972,49.7889,1242.7901,103.0228
36.4364,228.3363,92.0114,5.0231,99.7749,84.7302,238.6844,139.6884,49.7891,1242.1866,103.0063
36.6366,228.6251,92.4219,5.0173,99.7837,84.7184,238.4067,139.6722,49.7772,1241.7854,102.9797
36.8368,228.9996,92.9331,5.0214,99.7741,84.675,237.7795,139.6156,49.7298,1241.3107,102.9208
37.037,229.2636,93.2781,5.0243,99.7683,84.674,237.3653,139.595,49.7181,1240.9662,102.8975
37.2372,229.2467,93.2776,5.0239,99.7784,84.6754,237.3665,139.5958,49.7116,1240.9545,102.9063
37.4374,229.7018,93.8724,5.0327,99.7733,84.6661,236.718,139.5631,49.7054,1240.3036,102.8639
37.6376,229.847,94.0855,5.0207,99.7694,84.6556,236.5564,139.5507,49.6898,1240.052,102.8437
37.8378,230.2894,94.6724,5.0238,99.7698,84.6152,236.4295,139.5365,49.647,1239.3825,102.8283
38.038,230.7124,95.2341,5.0288,99.7635,84.6,236.7052,139.4871,49.6184,1238.9532,102.789
38.2382,230.708,95.234,5.0236,99.7715,84.6011,236.7028,139.5066,49.6185,1238.9404,102.7868
38.4384,231.0801,95.736,5.0204,99.7692,84.6034,237.3152,139.4467,49.6076,1238.8008,102.7437
38.6386,231.2757,96.0014,5.0249,99.7775,84.6003,237.3716,139.4293,49.6051,1238.6179,102.7136
38.8388,231.6062,96.448,5.0207,99.772,84.6029,237.0362,139.4086,49.6108,1238.17,102.6901
39.039,231.8822,96.8249,5.0183,99.7819,84.5946,236.8096,139.38,49.6052,1237.8091,102.6685
39.2392,231.8833,96.8296,5.0315,99.7703,84.5981,236.8105,139.3937,49.6044,1237.7985,102.6616
39.4394,232.2388,97.3054,5.0198,99.7724,84.5857,236.6552,139.3578,49.6013,1237.3484,102.6303
39.6396,232.4678,97.5979,5.0228,99.7709,84.5896,236.3791,139.3394,49.5986,1237.0219,102.6128
39.8398,232.9865,98.3053,5.0294,99.7726,84.5728,235.82,139.2931,49.5835,1236.2604,102.5643
40.04,233.7247,99.3267,5.028,99.7628,84.5393,234.8192,139.2405,49.523,1235.1407,102.5007
40.2402,233.7212,99.3423,5.0344,99.7645,84.5536,234.8146,139.2347,49.53,1235.1343,102.5039
40.4404,233.982,99.6777,5.0249,99.7661,84.5284,234.6035,139.2178,49.5209,1234.7961,102.4735
40.6406,234.2241,100.0111,5.0269,99.769,84.5295,234.4862,139.2002,49.5164,1234.4776,102.457
40.8408,234.5522,100.4396,5.0271,99.7687,84.5233,234.5551,139.1745,49.5054,1234.1304,102.4171
41.041,234.7597,100.7134,5.0253,99.7727,84.5285,234.6792,139.1519,49.5097,1233.9262,102.4064
41.2412,234.7508,100.7109,5.0276,99.765,84.5368,234.6848,139.1661,49.5068,1233.9164,102.399
41.4414,235.1649,101.2528,5.0223,99.7642,84.5187,234.8874,139.1293,49.5119,1233.5229,102.3629
41.6416,235.4462,101.6057,5.0289,99.7593,84.5229,234.9311,139.1068,49.5105,1233.2261,102.3406
41.8418,235.913,102.2372,5.0275,99.7662,84.5117,234.6672,139.0602,49.506,1232.6399,102.3101
42.042,236.1635,102.5691,5.0212,99.7662,84.5071,234.4833,139.0539,49.4864,1232.296,102.2801
42.2422,236.1669,102.5777,5.0197,99.7615,84.5047,234.4893,139.0518,49.4854,1232.2892,102.2873
42.4424,236.5027,103.0797,5.0339,99.7669,84.4635,234.124,139.0219,49.4334,1231.7694,102.2495
42.6426,236.6888,103.3271,5.0353,99.7778,84.4601,233.8748,139.0086,49.4245,1231.4791,102.2271
42.8428,237.0423,103.7991,5.0239,99.7491,84.4623,233.3143,138.9902,49.4257,1230.9389,102.1909
43.043,237.1744,103.9722,5.0313,99.7619,84.4621,233.2688,138.9779,49.4225,1230.7712,102.1968
43.2432,237.1785,103.9773,5.0222,99.7683,84.4505,233.2796,138.9772,49.4141,1230.7912,102.1913
43.4434,237.5863,104.5108,5.0372,99.7555,84.4558,233.1786,138.9387,49.4151,1230.2923,102.1479
43.6436,238.3355,105.536,5.0221,99.7707,84.4375,233.5613,138.8842,49.3991,1229.501,102.0884
43.8438,238.6421,105.9509,5.0257,99.764,84.4396,233.6114,138.861,49.3829,1229.1488,102.0551
44.044,238.8586,106.2455,5.0224,99.7668,84.4321,233.5852,138.8347,49.3736,1228.8767,102.0416
44.2442,238.8638,106.2429,5.0334,99.7513,84.4342,233.592,138.8385,49.3782,1228.8867,102.0332
44.4444,239.1841,106.6528,5.019,99.7574,84.3974,233.2915,138.8107,49.3391,1228.4519,102.0105
44.6446,239.4234,106.9587,5.0209,99.7711,84.3825,233.1233,138.7864,49.3296,1228.1244,101.9894
44.8448,239.7512,107.4361,5.0263,99.7727,84.3828,232.9418,138.769,49.3192,1227.6524,101.9597
45.045,240.1056,107.9003,5.0281,99.7661,84.3837,232.598,138.7465,49.3045,1227.1671,101.9334
45.2452,240.0985,107.9008,5.036,99.7551,84.3667,232.6014,138.7432,49.3098,1227.1634,101.9245
45.4454,240.5004,108.4246,5.0285,99.7695,84.3652,232.1405,138.7088,49.2973,1226.6349,101.8968
45.6456,240.6966,108.69,5.0297,99.7635,84.3605,231.857,138.7078,49.2927,1226.3376,101.875
45.8458,241.0454,109.1666,5.0309,99.7582,84.3294,231.1892,138.6688,49.2583,1225.7658,101.8481
46.046,241.2701,109.4572,5.0249,99.751,84.3163,230.8084,138.6565,49.23,1225.4108,101.8358
46.2462,241.2627,109.4598,5.0297,99.749,84.3231,230.8137,138.6583,49.229,1225.4153,101.8263
46.4464,241.4973,109.7398,5.028,99.7466,84.3187,230.4776,138.6275,49.2365,1225.0958,101.8028
46.6466,241.5024,109.7487,5.0318,99.7529,84.3303,230.4853,138.6455,49.2321,1225.0902,101.8101
46.8468,241.6456,109.9394,5.0229,99.7534,84.3143,230.3851,138.631,49.2241,1224.8952,101.7997
47.047,241.9099,110.3093,5.0298,99.7531,84.3015,230.2563,138.603,49.2086,1224.5492,101.7707
47.2472,241.9102,110.3087,5.027,99.7531,84.2992,230.2561,138.6069,49.2174,1224.5432,101.7691
47.4474,242.375,110.9182,5.0232,99.7592,84.2827,230.1328,138.5643,49.2077,1223.9582,101.7373
47.6476,243.6586,112.6465,5.0292,99.7557,84.252,230.0692,138.4748,49.1438,1222.3785,101.6342
47.8478,244.1662,113.3328,5.0256,99.755,84.248,230.0633,138.4336,49.1467,1221.7542,101.5774
48.048,244.2982,113.491,5.0271,99.7531,84.2382,230.0112,138.4205,49.1368,1221.5996,101.5649
48.2482,244.2927,113.4928,5.0259,99.7434,84.2353,229.9916,138.4314,49.134,1221.5993,101.5679
48.4484,244.4688,113.7325,5.0255,99.7527,84.2396,229.9426,138.4269,49.1251,1221.3857,101.5561
48.6486,244.8486,114.2315,5.0293,99.7444,84.2228,229.8688,138.3838,49.1174,1220.9227,101.5092
48.8488,245.2203,114.7055,5.0333,99.7507,84.2278,229.7457,138.3613,49.1009,1220.4647,101.4924
49.049,245.27,114.7831,5.0307,99.7591,84.2276,229.7094,138.3449,49.1101,1220.3922,101.485
49.2492,245.2693,114.7783,5.023,99.7413,84.2211,229.7011,138.3689,49.1046,1220.3952,101.4758
49.4494,245.2753,114.7827,5.0243,99.7493,84.22,229.7039,138.365,49.1074,1220.3911,101.4864
49.6496,245.6311,115.2518,5.0273,99.7519,84.2165,229.5877,138.3261,49.0956,1219.9669,101.4519
49.8498,246.5646,116.5535,5.0355,99.7505,84.1743,229.2496,138.2379,49.0418,1218.8341,101.3575
50.0501,246.9049,117.0209,5.0295,99.7447,84.162,229.0561,138.2157,49.0316,1218.3982,101.3266
50.2503,247.0395,117.1911,5.0316,99.7528,84.1682,228.9712,138.202,49.0317,1218.2365,101.3054
50.4505,247.0318,117.1868,5.0261,99.7533,84.1517,228.9631,138.1967,49.0182,1218.2494,101.3061
50.6507,247.0781,117.2573,5.0321,99.7435,84.163,228.936,138.2069,49.0264,1218.177,101.3042
50.8509,247.4753,117.7926,5.0359,99.7478,84.1594,228.4988,138.1538,49.0269,1217.5834,101.2745
51.0511,247.6699,118.0398,5.0315,99.7589,84.1616,228.2485,138.1503,49.0175,1217.3035,101.2534
51.2513,247.9857,118.4179,5.0262,99.7448,84.1572,227.8397,138.1268,49.0176,1216.8835,101.2275
51.4515,247.9911,118.4239,5.0336,99.7504,84.1604,227.8372,138.1243,49.0168,1216.8858,101.2354
51.6517,248.0951,118.5461,5.0249,99.7411,84.1538,227.7534,138.1176,49.0053,1216.7557,101.2209
51.8519,248.3149,118.8344,5.0302,99.7452,84.1453,227.588,138.1003,49.0034,1216.4758,101.2052
52.0521,249.0181,119.7853,5.0319,99.7485,84.1017,227.2666,138.0473,48.9674,1215.5636,101.1355
52.2523,249.4629,120.402,5.0316,99.7387,84.0942,227.2362,138.0145,48.9329,1214.9935,101.1019
52.4525,249.4557,120.3963,5.0291,99.7399,84.088,227.2378,138.0056,48.9315,1215.0067,101.0984
52.6527,249.6013,120.5973,5.0323,99.7487,84.0873,227.2246,137.9916,48.9254,1214.8216,101.0846
52.8529,249.9114,121.0528,5.0264,99.7429,84.0901,227.3932,137.972,48.9215,1214.4445,101.0511
53.0531,250.1407,121.3628,5.0313,99.7464,84.0779,227.4277,137.9448,48.93,1214.1896,101.0285
53.2533,250.4814,121.7553,5.03,99.7456,84.1002,227.2841,137.9368,48.9212,1213.8144,101.001
53.4535,250.4791,121.7563,5.0241,99.7443,84.08,227.2781,137.929,48.9259,1213.8174,101.0048
53.6537,250.653,121.982,5.0332,99.7381,84.0855,227.1941,137.9226,48.9261,1213.5994,100.9925
53.8539,251.1128,122.5626,5.022,99.7478,84.076,226.9092,137.8841,48.9198,1213.0075,100.9515
54.0541,251.3116,122.8253,5.037,99.744,84.0794,226.7559,137.8742,48.924,1212.7462,100.9305
54.2543,251.7299,123.408,5.0288,99.7402,84.0759,226.2171,137.8315,48.9195,1212.1231,100.8945
54.4545,251.7362,123.4054,5.0338,99.7432,84.0781,226.2226,137.8431,48.9123,1212.1169,100.9039
54.6547,251.9128,123.6406,5.0213,99.7414,84.0647,225.9358,137.8276,48.8969,1211.8649,100.8768
54.8549,252.2118,124.0338,5.0364,99.7361,84.0274,225.4196,137.7969,48.8596,1211.3884,100.8558
55.0551,252.4202,124.3109,5.0386,99.7436,84.0219,225.2994,137.7837,48.8457,1211.1086,100.8331
55.2553,252.7066,124.7109,5.0268,99.7437,84.0209,225.4714,137.7573,48.846,1210.8076,100.812
55.4555,252.726,124.7097,5.0274,99.7419,84.0115,225.4637,137.7539,48.8373,1210.8003,100.8107
55.6557,252.9313,124.9927,5.0207,99.7361,84.0096,225.4049,137.7492,48.8287,1210.5311,100.7787
55.8559,253.3075,125.5036,5.0306,99.7335,84.009,225.4983,137.7239,48.8296,1210.0891,100.748
56.0561,253.8983,126.3318,5.0155,99.746,84.0121,225.8112,137.6643,48.8293,1209.4344,100.6993
56.2563,254.1994,126.7671,5.0226,99.7455,84.0087,225.8237,137.6435,48.8308,1209.0822,100.6718
56.4565,254.1995,126.7598,5.0396,99.746,84.013,225.8302,137.6462,48.8329,1209.073,100.6635
56.6567,254.3423,126.9418,5.0252,99.7355,84.0164,225.7653,137.6336,48.8152,1208.8855,100.6535
56.8569,254.6232,127.3103,5.0336,99.742,83.9995,225.5255,137.6071,48.8264,1208.5368,100.6256
57.0571,254.7903,127.5317,5.0365,99.7376,83.9815,225.3378,137.5938,48.7992,1208.2928,100.6193
57.2573,255.1885,128.0421,5.0232,99.7296,83.9628,224.8472,137.5663,48.7495,1207.6949,100.5865
57.4575,255.1919,128.0529,5.0375,99.735,83.9588,224.848,137.5764,48.7655,1207.7024,100.5844
57.6577,255.4232,128.3382,5.0386,99.724,83.9459,224.4945,137.5571,48.7509,1207.3571,100.5711
57.8579,255.6909,128.6831,5.0433,99.7331,83.9395,223.9897,137.5248,48.7397,1206.9468,100.5405
58.0581,255.8955,128.9887,5.0275,99.7361,83.9425,223.5493,137.5154,48.7428,1206.5555,100.5234
58.2583,256.3018,129.5164,5.0401,99.7269,83.9242,222.9165,137.4938,48.7282,1205.8714,100.4825
58.4585,256.2886,129.5124,5.0265,99.7259,83.9311,222.9208,137.4829,48.7254,1205.8703,100.4835
58.6587,256.4419,129.6986,5.0352,99.7264,83.9216,222.7946,137.4885,48.7209,1205.6419,100.4576
58.8589,256.651,129.9337,5.029,99.7406,83.912,222.7293,137.4804,48.709,1205.3361,100.4465
59.0591,257.3864,130.7239,5.0392,99.7232,83.8827,222.9543,137.4675,48.6638,1204.2964,100.3584
59.2593,257.6576,130.9417,5.0281,99.7236,83.8654,222.9472,137.4394,48.649,1203.9008,100.3376
59.4595,257.657,130.9464,5.0296,99.7303,83.8676,222.946,137.4597,48.6381,1203.8933,100.3341
59.6597,257.9695,131.1736,5.0301,99.728,83.8527,222.7667,137.4277,48.6171,1203.3275,100.2948
59.8599,258.4115,131.3811,5.0315,99.7305,83.8471,222.3259,137.3841,48.6174,1202.5218,100.2267
60.0601,258.6135,131.4705,5.0306,99.7264,83.8354,222.0416,137.352,48.6057,1202.1111,100.1935
60.2603,258.9759,131.6676,5.0368,99.7254,83.8027,221.3744,137.3189,48.5711,1201.1531,100.1205
60.4605,258.9806,131.6567,5.0444,99.722,83.8105,221.3719,137.3169,48.5628,1201.1536,100.1383
60.6607,259.2127,131.7744,5.0337,99.7222,83.7923,221.1198,137.302,48.5468,1200.5496,100.0976
60.8609,259.6034,132.0,5.0321,99.7268,83.7933,220.9782,137.2833,48.5356,1199.4961,100.0249
61.0611,259.8345,132.1687,5.0325,99.7272,83.764,220.7181,137.2579,48.5202,1198.9667,99.9974
61.2613,260.4276,132.741,5.0336,99.7182,83.729,219.5812,137.1774,48.4643,1197.7303,99.9108
61.4615,260.4154,132.7395,5.0403,99.7147,83.7194,219.5843,137.1726,48.455,1197.7301,99.9053
61.6617,260.6024,132.9332,5.0287,99.7179,83.712,219.3845,137.159,48.4438,1197.3851,99.8818
61.8619,260.8564,133.2183,5.0404,99.7169,83.7054,219.5496,137.1147,48.4376,1196.8925,99.8344
62.0621,260.9902,133.3766,5.037,99.7284,83.7117,219.6905,137.1139,48.4342,1196.6175,99.8116
62.2623,261.1895,133.6359,5.0329,99.7187,83.7071,219.8593,137.0891,48.4311,1196.1865,99.7739
62.4625,261.1857,133.63,5.0331,99.7151,83.6974,219.846,137.0826,48.4353,1196.183,99.7858
62.6627,261.3977,133.8712,5.0416,99.7092,83.7037,219.8271,137.0479,48.4283,1195.6197,99.7536
62.8629,261.6795,134.1176,5.0335,99.7265,83.7094,219.5771,137.0336,48.4192,1194.8302,99.7014
63.0631,261.8739,134.3486,5.0299,99.7156,83.6842,219.291,137.0111,48.4062,1194.3259,99.6702
63.2633,262.1101,134.7467,5.0191,99.7126,83.6394,218.7996,136.9758,48.3638,1193.8723,99.6287
63.4635,262.1039,134.7529,5.0428,99.7244,83.6409,218.7991,136.9522,48.3645,1193.8664,99.6261
63.6637,262.2207,134.8926,5.036,99.7147,83.6346,218.5392,136.9498,48.3513,1193.5301,99.6018
63.8639,262.4957,135.137,5.0348,99.709,83.6273,217.9632,136.9361,48.3396,1192.6548,99.5673
64.0641,262.7506,135.4041,5.0362,99.7095,83.6079,217.3375,136.9102,48.318,1191.8754,99.5193
64.2643,263.0115,135.7463,5.0374,99.7,83.5686,216.59,136.8808,48.2657,1191.0296,99.4795
64.4645,263.0169,135.7511,5.0456,99.7111,83.5825,216.5844,136.8782,48.2609,1191.0246,99.4885
64.6647,263.1354,135.9263,5.0282,99.7015,83.5567,216.5134,136.8669,48.2552,1190.7302,99.457
64.8649,263.3484,136.2045,5.0301,99.7132,83.5446,216.8577,136.8296,48.2432,1190.3368,99.4274
65.0651,263.4036,136.2763,5.04,99.699,83.548,216.7415,136.8306,48.2412,1190.1992,99.414
65.2653,263.4687,136.3734,5.0411,99.7034,83.5466,216.6406,136.8113,48.2371,1189.9903,99.3926
65.4655,263.4744,136.3721,5.0306,99.7026,83.5456,216.6492,136.8204,48.2337,1190.005,99.3924
65.6657,263.7224,136.7302,5.0304,99.7021,83.5332,216.2724,136.7738,48.217,1189.3429,99.3462
65.8659,264.2734,137.6137,5.0303,99.7012,83.5081,214.7348,136.6556,48.1786,1187.7703,99.243
66.0661,264.5564,138.0413,5.0371,99.6958,83.4798,214.473,136.6098,48.1519,1187.046,99.1798
66.2663,264.7629,138.2971,5.028,99.6959,83.472,214.2185,136.5744,48.1501,1186.468,99.1446
66.4665,264.7522,138.2963,5.0405,99.6958,83.4688,214.2331,136.5801,48.1478,1186.4741,99.1323
66.6667,264.8121,138.3686,5.0343,99.6952,83.4566,214.1562,136.5648,48.1496,1186.3179,99.1287
66.8669,264.9946,138.6037,5.0403,99.6972,83.477,214.8112,136.5285,48.1309,1185.9897,99.0844
67.0671,265.1395,138.7297,5.0427,99.6958,83.4671,214.9872,136.5167,48.1334,1185.6147,99.072
67.2673,265.3352,138.8888,5.0398,99.6993,83.4557,214.6183,136.4974,48.1448,1184.854,99.0355
67.4675,265.3351,138.8904,5.0418,99.6971,83.4652,214.6262,136.5127,48.1365,1184.8566,99.0316
67.6677,265.4583,139.0173,5.0366,99.7069,83.4477,214.4385,136.4915,48.1237,1184.4632,99.0227
67.8679,265.6925,139.3318,5.0423,99.7063,83.4112,213.9205,136.4597,48.0697,1183.7038,98.9618
68.0681,265.914,139.6641,5.0355,99.6914,83.3971,213.3529,136.4121,48.0489,1183.0883,98.9151
68.2683,266.1111,140.0115,5.0349,99.6977,83.3772,212.7508,136.3644,48.032,1182.5813,98.8764
68.4685,266.097,140.0114,5.0299,99.6929,83.3898,212.7505,136.3578,48.0335,1182.5766,98.8804
68.6687,266.1873,140.1356,5.0424,99.6909,83.377,212.6553,136.3499,48.0207,1182.3346,98.8673
68.8689,266.42,140.3233,5.0414,99.6954,83.3298,212.8942,136.3406,47.9744,1181.5741,98.8205
69.0691,266.5658,140.4644,5.0306,99.6946,83.3216,212.9919,136.3165,47.9537,1181.0746,98.7871
69.2693,266.7487,140.729,5.0283,99.6916,83.3184,212.8681,136.2855,47.9489,1180.4066,98.7445
69.4695,266.7627,140.7306,5.0318,99.6968,83.3242,212.8648,136.2821,47.9563,1180.4092,98.7412
69.6697,266.8685,140.9209,5.0395,99.6959,83.315,212.5803,136.2513,47.9525,1179.974,98.7048
69.8699,267.0721,141.2759,5.0305,99.6776,83.3201,211.7661,136.1932,47.9419,1179.2583,98.6553
70.0701,267.1311,141.3821,5.0382,99.6846,83.3019,211.4103,136.1766,47.9378,1178.9733,98.6427
70.2703,267.3601,141.6683,5.0334,99.6793,83.2437,210.0137,136.1269,47.8579,1177.809,98.5896
70.4705,267.3677,141.6675,5.045,99.6735,83.2417,210.0081,136.1228,47.8609,1177.7963,98.5776
70.6707,267.4031,141.7234,5.0358,99.6796,83.2426,210.0108,136.1238,47.8594,1177.6936,98.5749
70.8709,267.6064,142.0862,5.0468,99.6832,83.2205,210.9168,136.0613,47.8385,1177.4186,98.509
71.0711,267.8026,142.363,5.0317,99.6801,83.2299,211.1439,136.0209,47.849,1177.036,98.4773
71.2713,267.9883,142.5849,5.0406,99.6856,83.2285,210.8266,135.993,47.8424,1176.559,98.4353
71.4715,267.987,142.5834,5.041,99.6872,83.2315,210.8371,135.9966,47.8531,1176.5504,98.4342
71.6717,268.1374,142.7689,5.0343,99.6761,83.2259,210.6173,135.9699,47.8469,1176.1528,98.4052
71.8719,268.3934,143.0863,5.0465,99.6914,83.228,210.1934,135.9296,47.8486,1175.4399,98.3683
72.0721,268.5545,143.287,5.0467,99.6829,83.2171,209.9017,135.8998,47.8184,1174.9666,98.3291
72.2723,268.6895,143.4789,5.0357,99.6785,83.1785,209.3281,135.8803,47.7757,1174.3928,98.299
72.4725,268.6947,143.4664,5.0428,99.6815,83.1737,209.3346,135.875,47.7748,1174.3873,98.3035
72.6727,268.8085,143.5932,5.0342,99.6749,83.1692,209.238,135.8465,47.7801,1174.1164,98.2714
72.8729,269.0147,143.8149,5.0372,99.6749,83.1573,209.0735,135.8206,47.7557,1173.5974,98.2468
73.0731,269.4787,144.2777,5.0457,99.6784,83.1556,209.1845,135.7588,47.7504,1172.6539,98.1622
73.2733,269.8033,144.6095,5.0441,99.6824,83.1494,208.9884,135.7203,47.7456,1172.0571,98.132
73.4735,269.7962,144.6074,5.038,99.6804,83.1481,208.9822,135.7229,47.7549,1172.0585,98.1231
73.6737,269.9053,144.717,5.0392,99.6754,83.1557,208.9181,135.7182,47.7443,1171.8095,98.1117
73.8739,270.1508,144.9989,5.0311,99.673,83.1415,208.4087,135.693,47.7379,1171.4081,98.095
74.0741,270.3017,145.1453,5.0325,99.6744,83.1345,208.1372,135.6795,47.7352,1171.0497,98.0675
74.2743,270.5663,145.3398,5.0349,99.6746,83.1009,207.8366,135.6645,47.6952,1170.4117,98.0587
74.4745,270.5699,145.3404,5.0424,99.675,83.0994,207.846,135.6687,47.6807,1170.4088,98.0495
74.6747,270.736,145.5338,5.0337,99.6676,83.083,207.5684,135.6585,47.6656,1170.1617,98.0457
74.8749,271.0705,145.9974,5.04,99.6734,83.0884,206.9744,135.6194,47.6688,1169.9876,98.0128
75.0751,271.2224,146.1502,5.0429,99.6719,83.0763,206.9387,135.6117,47.6556,1169.8019,97.9997
75.2753,271.6606,146.6093,5.0386,99.6686,83.0809,206.9913,135.5878,47.6572,1169.4848,97.9783
75.4755,271.6549,146.6032,5.0467,99.6719,83.0725,206.9923,135.5768,47.6638,1169.4772,97.9791
75.6757,272.3156,147.1579,5.0459,99.6693,83.0693,207.6736,135.5575,47.6594,1168.9302,97.9387
75.8759,272.6009,147.4784,5.0395,99.6654,83.0718,207.8456,135.5476,47.6575,1168.8166,97.93
76.0761,272.9257,147.8231,5.0398,99.6708,83.0693,208.069,135.5417,47.6539,1168.699,97.9238
76.2763,273.1853,148.2706,5.0446,99.673,83.0648,208.1326,135.5213,47.6606,1168.915,97.9181
76.4765,273.1987,148.2833,5.0402,99.6752,83.0635,208.1521,135.5176,47.6516,1168.9218,97.9234
76.6767,273.429,148.5657,5.0435,99.6731,83.069,208.2046,135.5081,47.6639,1168.9503,97.9123
76.8769,273.6861,148.859,5.0378,99.669,83.0649,208.2446,135.5003,47.6619,1168.8416,97.9083
77.0771,274.0145,149.2033,5.0376,99.6705,83.0772,208.2546,135.499,47.6548,1168.7586,97.891
77.2773,274.4482,149.6265,5.0288,99.6705,83.0747,208.2602,135.4953,47.6516,1168.6207,97.8863
77.4775,274.4442,149.6196,5.0267,99.6661,83.058,208.2615,135.4912,47.6516,1168.6109,97.8874
77.6777,275.3141,150.3856,5.0373,99.6685,83.0783,208.2003,135.4894,47.6671,1168.1357,97.8714
77.8779,275.7861,150.8685,5.0413,99.6684,83.0722,208.1364,135.4816,47.6523,1168.051,97.8649
78.0781,275.9995,151.0974,5.0435,99.6785,83.0705,208.0938,135.4793,47.6532,1168.0027,97.865
78.2783,276.4144,151.6985,5.0335,99.6766,83.077,207.9383,135.4691,47.6524,1168.2595,97.8556
78.4785,276.4112,151.6996,5.0391,99.6756,83.0666,207.9565,135.4704,47.663,1168.2584,97.8627
78.6787,276.7106,152.047,5.0468,99.6784,83.0711,207.8541,135.4619,47.6548,1168.274,97.8624
78.8789,277.3464,152.6864,5.0411,99.6618,83.0725,207.7342,135.4606,47.6581,1168.1778,97.8569
79.0791,277.5171,152.8352,5.0387,99.677,83.0744,207.6715,135.4617,47.6522,1168.0521,97.8491
79.2793,278.0157,153.1806,5.0413,99.6733,83.0766,207.5591,135.4694,47.6442,1167.5585,97.8437
79.4795,278.0188,153.1736,5.0391,99.6626,83.0793,207.5617,135.4687,47.6522,1167.5541,97.85
79.6797,278.2695,153.4069,5.0281,99.6673,83.0816,207.4807,135.4675,47.6642,1167.3862,97.8424
79.8799,278.765,153.9231,5.0433,99.6646,83.0727,207.2978,135.4699,47.6433,1167.2521,97.8391
80.0801,279.0783,154.2323,5.0387,99.6709,83.0559,207.1812,135.4626,47.6288,1167.1887,97.8389
80.2803,279.4162,154.5675,5.039,99.6601,83.0258,207.0292,135.464,47.5938,1167.1103,97.8339
80.4805,279.414,154.572,5.0286,99.6679,83.025,207.025,135.4594,47.5906,1167.1153,97.8337
80.6807,279.4114,154.5717,5.0352,99.6632,83.0313,207.0331,135.4497,47.5899,1167.1202,97.8374
80.8809,279.4075,154.5741,5.043,99.6701,83.0292,207.0306,135.4613,47.6015,1167.1245,97.8315
81.0811,279.8312,154.9978,5.0415,99.6693,83.0106,206.8578,135.4569,47.5857,1167.017,97.8356
81.2813,280.0598,155.2611,5.0459,99.6689,83.0153,206.752,135.4561,47.5856,1166.998,97.8295
81.4815,280.0509,155.2515,5.0426,99.6636,83.0165,206.7574,135.4519,47.5835,1166.9872,97.8292
81.6817,280.9051,156.1937,5.0373,99.6636,83.006,206.3763,135.4476,47.576,1166.8908,97.8233
81.8819,282.8226,158.376,5.0395,99.6657,83.0012,205.5089,135.4209,47.5649,1166.7254,97.7982
82.0821,283.7938,159.3994,5.0435,99.6605,82.9971,205.0689,135.4066,47.554,1166.4871,97.7878
82.2823,284.2705,159.8921,5.0419,99.6496,82.9887,204.8408,135.4063,47.5544,1166.3671,97.7811
82.4825,284.2713,159.9024,5.0366,99.6565,82.9852,204.8436,135.4052,47.5616,1166.3742,97.7814
82.6827,284.3382,159.9648,5.0548,99.6568,82.9969,204.8024,135.4068,47.5659,1166.359,97.7797
82.8829,284.4133,160.041,5.0389,99.6617,82.9915,204.8101,135.4038,47.5597,1166.3414,97.7845
83.0831,284.5082,160.1319,5.0386,99.6673,82.9972,204.8138,135.4015,47.5566,1166.3352,97.7828
83.2833,284.8546,160.3554,5.0354,99.6504,82.9915,204.6492,135.406,47.555,1165.8922,97.7784
83.4835,284.8653,160.3548,5.0426,99.653,82.9942,204.642,135.4053,47.5541,1165.8852,97.7806
83.6837,285.0121,160.476,5.0406,99.6562,82.9922,204.5605,135.4061,47.5701,1165.7808,97.7809
83.8839,285.5622,161.0235,5.0456,99.6537,82.9904,204.2835,135.3967,47.5507,1165.6436,97.7753
84.0841,285.859,161.393,5.032,99.6688,82.9639,204.1973,135.4017,47.5384,1165.711,97.768
84.2843,286.3738,162.1032,5.0403,99.6562,82.9348,204.2591,135.3887,47.4968,1165.9908,97.7631
84.4845,286.3663,162.0985,5.0395,99.6597,82.9326,204.2594,135.3887,47.4879,1165.9889,97.7615
84.6847,286.6723,162.4336,5.0438,99.6629,82.9404,204.744,135.3762,47.4892,1166.0607,97.7597
84.8849,287.1914,162.811,5.0458,99.6586,82.9754,206.2818,135.383,47.5379,1166.0283,97.7583
85.0851,287.4072,162.988,5.042,99.6752,82.9794,206.7727,135.3841,47.5412,1165.9925,97.754
85.2853,287.898,163.5108,5.0308,99.6629,82.9926,206.9033,135.3788,47.5577,1165.9498,97.7524
85.4855,287.8994,163.522,5.0345,99.666,82.9907,206.8971,135.3792,47.5463,1165.9542,97.7457
85.6857,288.2619,163.9549,5.0421,99.6627,82.9943,206.4788,135.3778,47.5625,1165.9072,97.7437
85.8859,288.785,164.6486,5.0447,99.668,82.9948,205.3116,135.3516,47.5638,1165.8018,97.7359
86.0861,289.1289,165.001,5.0395,99.6584,82.9788,204.8428,135.3441,47.5593,1165.6755,97.7225
86.2863,289.6019,165.3352,5.0453,99.6577,82.9885,204.6358,135.3572,47.5546,1165.3157,97.7224
86.4865,289.6134,165.3309,5.0439,99.6492,82.9898,204.6392,135.3566,47.5495,1165.3153,97.7272
86.6867,289.9361,165.6679,5.0378,99.6539,82.9699,204.6043,135.353,47.5337,1165.2646,97.7361
86.8869,290.3988,166.3245,5.0423,99.6603,82.9401,204.7107,135.3452,47.4965,1165.5209,97.7125
87.0871,290.7387,166.6749,5.0361,99.6594,82.9422,205.1847,135.3369,47.499,1165.5861,97.7232
87.2873,291.2099,167.0007,5.0308,99.6653,82.9703,206.1494,135.3363,47.535,1165.435,97.7099
87.4875,291.21,167.0052,5.033,99.6674,82.9675,206.1544,135.341,47.5386,1165.4222,97.7139
87.6877,291.4748,167.2435,5.0212,99.6742,82.9846,206.1573,135.3366,47.5424,1165.2958,97.6996
87.8879,292.0163,167.8012,5.0337,99.6598,82.9929,205.2141,135.3389,47.5475,1164.926,97.7098
88.0881,292.319,168.1061,5.0375,99.6522,82.965,204.6901,135.3411,47.5298,1164.7521,97.6998
88.2883,292.7007,168.5074,5.04,99.6601,82.9317,204.4963,135.3333,47.4849,1164.6356,97.7014
88.4885,292.7108,168.5221,5.033,99.6594,82.9341,204.5021,135.3335,47.4876,1164.6407,97.6948
88.6887,292.9407,168.7556,5.0434,99.6608,82.9341,204.4947,135.3244,47.4829,1164.594,97.6972
88.8889,293.2009,169.0304,5.0362,99.651,82.9354,204.6168,135.3294,47.4872,1164.5724,97.6897
89.0891,294.0141,169.8485,5.0385,99.6591,82.9748,205.5771,135.3312,47.5321,1164.7175,97.6957
89.2893,294.2211,170.0687,5.0424,99.6646,82.9732,205.6439,135.3198,47.5246,1164.7086,97.6766
89.4895,294.2208,170.0654,5.0419,99.6629,82.9675,205.6481,135.3226,47.5366,1164.7038,97.6726
89.6897,294.9234,170.802,5.0456,99.6586,82.9883,206.0531,135.314,47.5579,1164.7115,97.6686
89.8899,295.0401,170.9165,5.04,99.668,82.9888,206.0703,135.3043,47.5398,1164.7016,97.6732
90.0901,296.1064,172.0389,5.0429,99.6676,82.9854,206.1968,135.301,47.5656,1164.5845,97.6637
90.2903,296.2894,172.2474,5.0373,99.6604,82.9818,206.2554,135.2961,47.5581,1164.5567,97.6599
90.4905,296.2808,172.2484,5.0422,99.6628,82.9953,206.25,135.2996,47.5616,1164.5527,97.6568
90.6907,296.5809,172.5488,5.0469,99.6588,82.9894,206.2805,135.3041,47.5564,1164.5331,97.6557
90.8909,296.7042,172.6798,5.0528,99.6667,82.9901,206.3048,135.2934,47.5501,1164.5231,97.6587
91.0911,297.5839,173.6275,5.0472,99.6578,82.9773,206.4,135.2787,47.5537,1164.4543,97.6443
91.2913,298.0248,174.0903,5.0435,99.6731,82.9853,206.5501,135.2813,47.5564,1164.4265,97.6329
91.4915,298.017,174.0893,5.0371,99.6644,82.9912,206.5443,135.2784,47.55,1164.4306,97.6364
91.6917,298.3409,174.4595,5.0368,99.6695,82.9722,206.3563,135.2877,47.5373,1164.389,97.6318
91.8919,298.6713,174.825,5.0405,99.6656,82.9702,206.4224,135.2817,47.5468,1164.3767,97.6293
92.0921,298.9836,175.1736,5.0307,99.6577,82.9701,206.0621,135.264,47.5294,1164.3302,97.636
92.2923,299.6148,175.9278,5.0439,99.6544,82.9169,204.5079,135.2689,47.4662,1164.1298,97.6225
92.4925,299.6186,175.9284,5.033,99.6654,82.9183,204.5134,135.2602,47.4669,1164.1337,97.6312
92.6927,299.686,176.0135,5.0375,99.6568,82.9095,204.4508,135.2552,47.4613,1164.1389,97.6237
92.8929,300.1636,176.6148,5.0467,99.654,82.9127,204.9212,135.2528,47.4609,1164.3818,97.6265
93.0931,300.5247,177.0563,5.0359,99.6597,82.9059,205.1313,135.2456,47.47,1164.4635,97.6254
93.2933,301.0411,177.5806,5.0475,99.6615,82.9087,205.1947,135.2416,47.451,1164.3773,97.6181
93.4935,301.0492,177.5846,5.0385,99.6635,82.9162,205.2006,135.2429,47.4601,1164.369,97.6153
93.6937,301.2723,177.8107,5.0427,99.6627,82.9126,205.2958,135.2469,47.4579,1164.3027,97.606
93.8939,301.7308,178.1294,5.0452,99.6679,82.9075,205.6065,135.2449,47.4654,1164.0615,97.5977
94.0941,302.1424,178.5654,5.0327,99.6596,82.914,205.7633,135.234,47.4753,1164.0176,97.6024
94.2943,302.6505,179.2072,5.0389,99.6529,82.9065,205.8448,135.2428,47.4628,1164.1417,97.5955
94.4945,302.6556,179.2114,5.0481,99.6689,82.9066,205.8405,135.2345,47.4596,1164.1381,97.6004
94.6947,302.965,179.5334,5.0381,99.6556,82.9137,205.8756,135.2275,47.4644,1164.0997,97.5938
94.8949,303.496,179.9347,5.0284,99.6571,82.9099,205.9176,135.2284,47.4583,1163.7597,97.5895
95.0951,303.7748,180.233,5.0428,99.6553,82.9101,205.9218,135.2313,47.4533,1163.7301,97.5847
95.2953,304.2682,180.9152,5.0403,99.6585,82.908,205.8674,135.2128,47.4609,1163.9512,97.5753
95.4955,304.2632,180.9283,5.0256,99.661,82.9165,205.8638,135.2171,47.4667,1163.9391,97.5757
95.6957,304.5296,181.2822,5.0398,99.6499,82.9215,205.8374,135.2036,47.4683,1164.0268,97.5669
95.8959,304.8525,181.6269,5.0415,99.6654,82.9134,205.7997,135.2049,47.4623,1163.9786,97.5662
96.0961,305.0878,181.8844,5.0404,99.6546,82.9052,205.7613,135.1996,47.4639,1163.9838,97.5593
96.2963,305.4918,182.3113,5.0366,99.6681,82.9128,205.6831,135.1992,47.4489,1163.9167,97.5546
96.4965,305.4972,182.3085,5.0506,99.6688,82.9082,205.6732,135.1984,47.4653,1163.9116,97.5571
96.6967,306.4364,183.2833,5.0461,99.6627,82.908,205.4554,135.1873,47.4654,1163.6939,97.5505
96.8969,306.916,183.7112,5.0394,99.6602,82.9109,205.3492,135.185,47.4639,1163.4614,97.5494
97.0971,307.0937,183.8799,5.0274,99.6596,82.912,205.2927,135.1954,47.459,1163.3989,97.5395
97.2973,307.569,184.2137,5.0373,99.6631,82.9142,205.1643,135.1808,47.4585,1162.9821,97.5411
97.4975,307.5681,184.2123,5.0425,99.6612,82.9113,205.1643,135.1783,47.458,1162.9945,97.5362
97.6977,307.8123,184.3935,5.0411,99.6595,82.9156,205.0953,135.1883,47.4504,1162.831,97.5448
97.8979,308.1576,184.7651,5.0356,99.6486,82.9082,204.9612,135.1796,47.4561,1162.7358,97.5332
98.0981,308.4761,185.152,5.0435,99.6697,82.9175,204.8479,135.1731,47.4624,1162.7523,97.527
98.2983,308.9639,185.8328,5.0389,99.6597,82.9105,204.6621,135.1637,47.4568,1162.9661,97.5186
98.4985,308.9616,185.8419,5.0354,99.6573,82.9074,204.67,135.1587,47.4577,1162.9541,97.5169
98.6987,309.336,186.3001,5.0408,99.6529,82.9164,204.5066,135.1619,47.4566,1162.9936,97.5232
98.8989,309.7723,186.7898,5.0349,99.653,82.9127,204.3053,135.1591,47.4489,1162.9373,97.5118
99.0991,310.0578,187.0995,5.0433,99.6548,82.9198,204.1923,135.1515,47.4625,1162.8705,97.4978
99.2993,310.529,187.6,5.0433,99.6553,82.9074,204.0115,135.1529,47.4656,1162.7722,97.5039
99.4995,310.5414,187.6002,5.0428,99.6556,82.9113,204.0025,135.1451,47.4659,1162.7651,97.5112
99.6997,310.8277,187.9024,5.0472,99.6515,82.9194,203.8889,135.1429,47.4565,1162.6984,97.5028
99.8999,311.2337,188.326,5.0362,99.6553,82.9184,203.6921,135.1479,47.4603,1162.5659,97.5032
100.1001,311.4288,188.5142,5.0382,99.6479,82.9147,203.6314,135.1306,47.4627,1162.4982,97.4915
100.3003,311.908,188.9347,5.0287,99.6544,82.9087,203.4755,135.1336,47.4601,1162.2796,97.4996
100.5005,312.4866,189.3955,5.0435,99.6468,82.9051,203.3371,135.1293,47.456,1161.8857,97.4861
100.7007,312.485,189.402,5.0376,99.6486,82.9115,203.3352,135.1441,47.4507,1161.8854,97.4896
100.9009,312.5643,189.4721,5.045,99.6436,82.9182,203.2988,135.1278,47.4567,1161.8741,97.4835
101.1011,312.7538,189.6753,5.0388,99.6443,82.9049,203.249,135.1319,47.4647,1161.8241,97.4797
101.3013,313.0603,189.9829,5.037,99.6721,82.908,203.1615,135.1253,47.458,1161.7503,97.4888
101.5015,313.6332,190.5762,5.0348,99.6439,82.8884,202.9831,135.1196,47.4488,1161.6237,97.4727
101.7017,313.6338,190.591,5.0381,99.6389,82.892,202.9782,135.1234,47.4389,1161.6144,97.4754
101.9019,313.9299,190.9025,5.0382,99.6498,82.8954,202.9646,135.118,47.435,1161.537,97.4735
102.1021,315.4514,192.6382,5.0369,99.6525,82.8538,202.597,135.1084,47.3942,1161.4202,97.4587
102.3023,315.5461,192.7319,5.0437,99.6406,82.8523,202.5995,135.1088,47.3905,1161.3991,97.4441
102.5025,316.3578,193.6,5.046,99.6508,82.8362,202.6727,135.0948,47.3779,1161.2902,97.4381
102.7027,316.3502,193.5978,5.0357,99.6446,82.8441,202.6793,135.08,47.3788,1161.2813,97.4356
102.9029,316.4467,193.6915,5.0475,99.6534,82.8485,202.6801,135.0822,47.3787,1161.2683,97.4348
103.1031,317.0291,194.3509,5.0386,99.6515,82.8459,202.8229,135.0733,47.3803,1161.2586,97.4245
103.3033,317.0329,194.3565,5.0388,99.6559,82.8453,202.8154,135.0854,47.3805,1161.2576,97.4399
103.5035,317.7998,195.0088,5.0364,99.6567,82.8448,203.3889,135.0721,47.3819,1160.9992,97.4167
103.7037,317.7914,195.0116,5.0328,99.6516,82.8399,203.3918,135.0727,47.3833,1160.9921,97.425
103.9039,317.8088,195.0033,5.0422,99.6646,82.8425,203.3861,135.0786,47.378,1160.9862,97.4257
104.1041,318.2535,195.499,5.0468,99.6509,82.851,203.7856,135.0654,47.3863,1161.0205,97.4133
104.3043,318.2573,195.5043,5.0431,99.6509,82.853,203.7836,135.0756,47.391,1161.0224,97.4171
104.5045,319.0279,196.445,5.0363,99.6529,82.8873,204.3226,135.0559,47.4335,1161.2896,97.4064
104.7047,319.0311,196.4486,5.0346,99.6524,82.8918,204.3142,135.0526,47.4254,1161.2948,97.4109
104.9049,319.0236,196.4572,5.0449,99.654,82.8815,204.3086,135.06,47.4271,1161.2996,97.4132
105.1051,319.7217,197.2383,5.0375,99.6628,82.8937,204.5837,135.0523,47.4429,1161.3598,97.3979
105.3053,319.7194,197.2493,5.0364,99.6552,82.8968,204.5814,135.0454,47.436,1161.3667,97.3908
105.5055,320.0822,197.5442,5.0331,99.6536,82.8785,204.4739,135.0488,47.4226,1161.1307,97.3898
105.7057,320.0743,197.552,5.0493,99.6459,82.8821,204.4778,135.0533,47.4161,1161.1229,97.3974
105.9059,320.071,197.538,5.0343,99.659,82.8773,204.4805,135.052,47.4168,1161.1314,97.3919
106.1061,320.4157,197.9052,5.0428,99.6601,82.8635,204.2037,135.046,47.4093,1161.0032,97.3818
106.3063,320.4175,197.914,5.0375,99.663,82.8713,204.1927,135.0456,47.4205,1161.0054,97.3935
106.5065,321.8774,199.577,5.0473,99.646,82.8481,202.7992,135.029,47.3821,1160.6338,97.3753
106.7067,321.8781,199.5775,5.047,99.6474,82.8502,202.7957,135.0329,47.3756,1160.6337,97.3712
106.9069,321.8837,199.5674,5.0443,99.6425,82.8467,202.7882,135.0353,47.3839,1160.6439,97.3825
107.1071,322.7752,200.4417,5.0358,99.6346,82.8288,202.1976,135.0179,47.3674,1160.2631,97.3635
107.3073,322.7689,200.4472,5.0365,99.6437,82.841,202.1959,135.0296,47.3755,1160.2578,97.3595
107.5075,323.6702,201.1586,5.0387,99.6481,82.8381,201.876,135.0119,47.3693,1159.7137,97.3506
107.7077,323.6687,201.1525,5.0333,99.6473,82.8297,201.866,135.0151,47.362,1159.7214,97.3511
107.9079,323.665,201.1554,5.0378,99.6396,82.8346,201.8747,135.008,47.3744,1159.7159,97.3527
108.1081,324.2595,201.7085,5.046,99.641,82.8323,202.1313,135.0089,47.3646,1159.58,97.3501
108.3083,324.2619,201.6984,5.0344,99.6429,82.8396,202.1295,135.0088,47.3611,1159.5773,97.3473
108.5085,325.227,202.734,5.0372,99.6638,82.8304,203.2139,135.0054,47.3609,1159.6872,97.3293
108.7087,325.2272,202.7327,5.0477,99.6595,82.8244,203.2232,134.9913,47.358,1159.6749,97.3361
108.9089,325.2202,202.7309,5.042,99.653,82.8334,203.2223,135.0074,47.3632,1159.6763,97.3367
109.1091,325.8773,203.5156,5.0463,99.6516,82.824,203.6713,134.9891,47.369,1159.8056,97.3255
109.3093,325.893,203.5185,5.0406,99.6394,82.8278,203.683,134.9967,47.3591,1159.8023,97.3302
109.5095,326.9041,204.8535,5.0426,99.6571,82.8253,203.8913,134.9659,47.3504,1160.0773,97.312
109.7097,326.912,204.8692,5.0396,99.6528,82.8329,203.8974,134.9733,47.3688,1160.0706,97.307
109.9099,326.9037,204.8659,5.0354,99.6466,82.8323,203.8905,134.9709,47.3615,1160.0797,97.3183
110.1101,327.3178,205.3682,5.0457,99.6566,82.8298,203.9455,134.9617,47.3607,1160.1032,97.3148
110.3103,327.3206,205.3657,5.0409,99.6587,82.8228,203.9584,134.9643,47.3596,1160.0938,97.3098
110.5105,328.4181,206.5516,5.037,99.652,82.8276,203.9624,134.946,47.3556,1159.9414,97.2835
110.7107,328.4199,206.5419,5.0315,99.6541,82.8309,203.9692,134.9514,47.3625,1159.923,97.2978
110.9109,328.4236,206.5445,5.0417,99.6543,82.8283,203.9667,134.9535,47.3623,1159.9264,97.2978
111.1111,329.0227,207.1859,5.0335,99.6553,82.8335,203.9511,134.9426,47.3612,1159.814,97.2771
111.3113,329.0173,207.1925,5.0394,99.6584,82.826,203.9686,134.9414,47.365,1159.8152,97.2849
111.5115,329.8752,208.1039,5.0438,99.6431,82.8274,203.906,134.9266,47.3598,1159.6497,97.2745
111.7117,329.8832,208.1081,5.038,99.6412,82.8307,203.9109,134.9358,47.3589,1159.6421,97.2695
111.9119,329.8921,208.1118,5.0431,99.659,82.8263,203.9052,134.9389,47.3623,1159.642,97.2661
112.1121,330.2433,208.494,5.0373,99.6545,82.8264,203.8488,134.9279,47.364,1159.5744,97.2609
112.3123,330.2441,208.4942,5.0493,99.6532,82.8322,203.8578,134.9186,47.3681,1159.5764,97.2679
112.5125,331.1291,209.4172,5.0463,99.6604,82.835,203.6927,134.9093,47.3641,1159.3508,97.2551
112.7127,331.1368,209.4138,5.0523,99.6435,82.8321,203.6884,134.9063,47.3623,1159.3422,97.2507
112.9129,331.1302,209.4199,5.0343,99.6569,82.8305,203.6975,134.9137,47.3566,1159.3434,97.2451
113.1131,331.7724,210.0265,5.0391,99.6548,82.8224,203.5624,134.9122,47.356,1159.0556,97.2456
113.3133,331.7553,210.0258,5.0437,99.6553,82.828,203.5529,134.9115,47.3629,1159.0567,97.2474
113.5135,332.8068,210.9839,5.0428,99.6471,82.8283,203.3185,134.9025,47.355,1158.5172,97.2344
113.7137,332.8018,210.979,5.0445,99.6553,82.8252,203.3124,134.8975,47.3546,1158.5159,97.2276
113.9139,332.8119,210.9763,5.0451,99.6563,82.8244,203.3156,134.9095,47.3619,1158.5228,97.2312
114.1141,333.3776,211.6053,5.0428,99.6513,82.8238,203.1331,134.887,47.3599,1158.3624,97.2267
114.3143,333.392,211.608,5.0371,99.6476,82.8286,203.1355,134.8923,47.364,1158.3592,97.2228
114.5145,334.2295,212.6979,5.0387,99.6434,82.8253,202.8225,134.8774,47.3546,1158.4038,97.2061
114.7147,334.2284,212.687,5.0418,99.6485,82.8227,202.8198,134.8739,47.3573,1158.4015,97.2145
114.9149,334.2344,212.7049,5.0439,99.647,82.8181,202.8092,134.87,47.3501,1158.4042,97.2027
115.1151,334.9149,213.4593,5.0418,99.6572,82.8019,202.5432,134.8622,47.3416,1158.2504,97.1881
115.3153,334.9135,213.4607,5.0434,99.64,82.8018,202.5523,134.8618,47.3322,1158.269,97.2004
115.5155,335.6844,214.2439,5.0347,99.6458,82.7691,202.1991,134.8613,47.2804,1158.0362,97.1786
115.7157,335.6823,214.2463,5.0383,99.642,82.7602,202.1975,134.85,47.293,1158.0351,97.1926
115.9159,335.6798,214.2513,5.0494,99.642,82.76,202.1983,134.8467,47.3013,1158.0391,97.1949
116.1161,336.1163,214.6736,5.0401,99.6486,82.7515,201.9941,134.8445,47.2701,1157.8385,97.1866
116.3163,336.109,214.6773,5.0472,99.6363,82.7556,202.0039,134.8522,47.2712,1157.8306,97.1741
116.5165,337.0754,215.4851,5.0399,99.6411,82.7603,201.5926,134.8338,47.2715,1157.1962,97.1558
116.7167,337.0842,215.4845,5.0406,99.6429,82.7588,201.5863,134.8404,47.279,1157.1975,97.1567
116.9169,337.0699,215.4872,5.0492,99.6404,82.7543,201.5875,134.8318,47.2661,1157.2041,97.1632
117.1171,337.7414,216.0998,5.0482,99.6376,82.7528,201.2966,134.8415,47.2636,1156.8333,97.1557
117.3173,337.7404,216.1,5.0438,99.6352,82.7574,201.3052,134.8384,47.2649,1156.8398,97.1539
117.5175,338.5586,216.9596,5.0437,99.6315,82.7566,200.9969,134.8177,47.2677,1156.5962,97.1464
117.7177,338.5456,216.9527,5.0439,99.6443,82.7482,200.9973,134.8206,47.2655,1156.6042,97.1402
117.9179,338.5446,216.95,5.0439,99.6379,82.7469,200.9925,134.8165,47.2632,1156.6022,97.1412
118.1181,339.222,217.7129,5.0376,99.6314,82.7607,200.8361,134.8087,47.2682,1156.4997,97.1336
118.3183,339.2178,217.715,5.0431,99.6368,82.7489,200.8471,134.8112,47.2655,1156.5032,97.1358
118.5185,340.0529,218.7811,5.0474,99.6404,82.7433,200.6534,134.803,47.2615,1156.5382,97.122
118.7187,340.0396,218.7891,5.0444,99.6334,82.7433,200.6515,134.8017,47.2688,1156.5317,97.1209
118.9189,340.0408,218.7818,5.041,99.643,82.751,200.6522,134.7956,47.2637,1156.5366,97.1123
119.1191,340.8833,219.7608,5.0362,99.6359,82.7497,201.2016,134.7847,47.2611,1156.6196,97.1007
119.3193,340.8863,219.7594,5.0431,99.6424,82.7408,201.2015,134.7922,47.2744,1156.6111,97.1051
119.5195,341.6991,220.5128,5.0399,99.6433,82.7516,202.4716,134.7837,47.2663,1156.649,97.0923
119.7197,341.6849,220.5144,5.0418,99.6444,82.7465,202.4776,134.7731,47.2618,1156.6434,97.0978
119.9199,341.6836,220.4983,5.0332,99.6391,82.7537,202.4768,134.7808,47.2673,1156.6467,97.0932
120.1201,341.9452,220.766,5.05,99.65,82.7421,202.5709,134.771,47.2688,1156.5908,97.0853
120.3203,341.9416,220.7648,5.0445,99.6564,82.7498,202.5735,134.7676,47.2602,1156.5964,97.0834
120.5205,342.6847,221.4522,5.0434,99.6427,82.746,202.3892,134.7731,47.2673,1156.1587,97.0671
120.7207,342.675,221.4582,5.0461,99.641,82.7403,202.3927,134.7592,47.2684,1156.1442,97.0773
120.9209,342.6675,221.4474,5.0331,99.6433,82.7511,202.3963,134.7562,47.2658,1156.1599,97.0746
121.1211,343.4152,222.3245,5.0466,99.638,82.726,201.59,134.7508,47.2329,1155.86,97.0553
121.3213,343.3943,222.3254,5.0357,99.6426,82.7245,201.5905,134.7468,47.2377,1155.8617,97.063
121.5215,344.3157,223.5232,5.0437,99.6309,82.6911,200.2688,134.729,47.199,1155.6332,97.0451
121.7217,344.3116,223.5265,5.0439,99.6302,82.6858,200.2684,134.7422,47.1946,1155.6369,97.039
121.9219,344.3021,223.5186,5.0329,99.6422,82.6777,200.2641,134.7241,47.1919,1155.6415,97.0428
122.1221,344.7462,224.0577,5.0396,99.6343,82.6897,200.1008,134.7124,47.1961,1155.5684,97.0381
122.3223,344.7528,224.0636,5.0452,99.6299,82.6949,200.0953,134.7266,47.2026,1155.5721,97.0408
122.5225,345.5189,224.892,5.0435,99.6381,82.7227,200.8304,134.7118,47.2397,1155.5898,97.0344
122.7227,345.5113,224.8889,5.0367,99.6371,82.7266,200.8199,134.7076,47.24,1155.5854,97.0211
122.9229,345.5226,224.8965,5.048,99.6437,82.7267,200.8215,134.7064,47.2373,1155.5853,97.0232
123.1231,345.9787,225.4028,5.0378,99.6465,82.7356,201.0394,134.7001,47.2663,1155.5294,97.0088
123.3233,345.976,225.3985,5.0397,99.6401,82.7431,201.0465,134.6967,47.2522,1155.5286,97.0107
123.5235,346.8317,226.3324,5.0432,99.6482,82.7446,201.0302,134.6957,47.2593,1155.2827,96.9968
123.7237,346.817,226.3354,5.0351,99.637,82.7384,201.0235,134.6842,47.262,1155.2891,96.9953
123.9239,346.8202,226.3322,5.0453,99.6343,82.7337,201.0298,134.6915,47.2564,1155.2904,96.9934
124.1241,347.5003,227.0384,5.0311,99.6343,82.736,201.1013,134.6749,47.26,1155.0964,96.9724
124.3243,347.5072,227.0436,5.0375,99.6413,82.7373,201.1013,134.6792,47.2675,1155.0989,96.9804
124.5245,348.3223,227.8724,5.0507,99.6397,82.7292,201.1394,134.6628,47.2503,1154.8331,96.9677
124.7247,348.3219,227.8708,5.0438,99.6382,82.7348,201.1532,134.6545,47.2515,1154.8372,96.9634
124.9249,348.3284,227.8718,5.0463,99.6435,82.7311,201.149,134.6589,47.2484,1154.8347,96.965
125.1251,348.6754,228.1813,5.0438,99.6318,82.723,201.1351,134.6555,47.2334,1154.6378,96.9585
125.3253,348.6736,228.1802,5.0425,99.6398,82.7206,201.1299,134.6567,47.2333,1154.6446,96.9574
125.5255,349.4011,228.7584,5.0562,99.6365,82.692,200.995,134.6451,47.1948,1154.0949,96.9351
125.7257,349.4084,228.7673,5.0415,99.6339,82.6823,200.9903,134.6418,47.1974,1154.0911,96.932
125.9259,349.4088,228.7646,5.0486,99.6372,82.6877,200.9889,134.6448,47.2003,1154.0937,96.9424
126.1261,349.6695,229.0244,5.0415,99.6455,82.6815,200.925,134.636,47.1822,1153.9752,96.9198
126.3263,349.6541,229.0276,5.0467,99.6356,82.6855,200.9092,134.6398,47.1927,1153.9693,96.9337
126.5265,350.0615,229.424,5.0348,99.649,82.6825,200.766,134.6267,47.1805,1153.7629,96.9139
126.7267,350.0565,229.4154,5.0427,99.6357,82.6768,200.7694,134.6247,47.1847,1153.7598,96.9274
126.9269,350.0581,229.4213,5.0435,99.6405,82.6656,200.7744,134.63,47.182,1153.7567,96.9118
127.1271,351.6978,231.2797,5.0444,99.6327,82.6658,200.0272,134.5977,47.1678,1153.0863,96.8952
127.3273,351.705,231.2824,5.0411,99.6426,82.6617,200.0272,134.5981,47.1664,1153.0846,96.8914
127.5275,352.6274,232.3814,5.0376,99.642,82.6665,199.6548,134.5733,47.1615,1152.8059,96.8652
127.7277,352.6373,232.3829,5.0455,99.6281,82.6588,199.6544,134.5701,47.1582,1152.817,96.867
127.9279,352.6268,232.3772,5.0386,99.6268,82.6575,199.6635,134.574,47.1519,1152.8126,96.8639
128.1281,353.0288,232.8384,5.0472,99.6336,82.6647,199.4987,134.5673,47.1537,1152.6574,96.8606
128.3283,353.0403,232.8414,5.0467,99.6281,82.6507,199.5031,134.5729,47.1653,1152.6691,96.8563
128.5285,353.6963,233.7451,5.0395,99.63,82.649,199.1859,134.5613,47.1613,1152.6347,96.8404
128.7287,353.6908,233.7447,5.0499,99.6332,82.6681,199.1925,134.5542,47.1606,1152.6383,96.8352
128.9289,353.7015,233.7501,5.0435,99.6313,82.6619,199.1908,134.5458,47.1584,1152.6384,96.8464
129.1291,354.2422,234.4299,5.0391,99.6244,82.6471,198.8769,134.5343,47.1433,1152.5146,96.837
129.3293,354.2385,234.4241,5.0429,99.6363,82.6433,198.8778,134.5379,47.1403,1152.5124,96.8332
129.5295,354.913,235.1629,5.0479,99.6284,82.6038,198.5697,134.5244,47.1005,1152.2267,96.8148
129.7297,354.9186,235.1696,5.0453,99.6304,82.615,198.572,134.5344,47.1015,1152.2274,96.8135
129.9299,354.916,235.1651,5.0461,99.6296,82.6067,198.5626,134.5321,47.094,1152.2307,96.8113
130.1301,355.2742,235.4983,5.0478,99.6208,82.6107,198.8043,134.5201,47.0959,1152.0857,96.799
130.3303,355.2816,235.503,5.0471,99.6267,82.6056,198.8065,134.5321,47.0968,1152.0818,96.8132
130.5305,355.8681,235.9521,5.0437,99.6267,82.6471,200.0941,134.5135,47.147,1151.8867,96.7952
130.7307,355.8747,235.9684,5.0485,99.6358,82.6483,200.0914,134.5138,47.141,1151.8846,96.7858
130.9309,355.8756,235.964,5.0424,99.6422,82.6486,200.0895,134.5135,47.1392,1151.8927,96.8051
131.1311,356.4316,236.5485,5.0456,99.6365,82.6353,200.2348,134.5121,47.1316,1151.7261,96.7899
131.3313,356.4282,236.56,5.0415,99.6375,82.64,200.2328,134.5024,47.1441,1151.7262,96.7827
131.5315,357.2762,237.7051,5.0472,99.6294,82.6159,199.3008,134.4721,47.096,1151.5779,96.7536
131.7317,357.2781,237.7078,5.0474,99.6324,82.6104,199.3065,134.4813,47.1037,1151.5677,96.7481
131.9319,357.2808,237.7077,5.0464,99.6348,82.5965,199.3102,134.4864,47.0929,1151.5787,96.7583
132.1321,357.8364,238.2783,5.052,99.628,82.5993,199.1985,134.4727,47.1058,1151.4079,96.7526
132.3323,357.8162,238.2949,5.0471,99.6267,82.6063,199.1976,134.4715,47.0969,1151.3942,96.7479
132.5325,358.4571,238.7976,5.0521,99.6304,82.6367,199.5385,134.4594,47.1371,1151.0633,96.7318
132.7327,358.4449,238.7924,5.0386,99.6265,82.6355,199.5327,134.4634,47.1378,1151.0664,96.7321
132.9329,358.4556,238.7969,5.0449,99.6327,82.642,199.5273,134.4588,47.1443,1151.083,96.736
133.1331,358.9567,239.3615,5.0549,99.6324,82.6483,199.7887,134.4648,47.1465,1150.9835,96.7124
133.3333,358.9546,239.3473,5.0447,99.6233,82.6563,199.7962,134.4474,47.1536,1150.985,96.7204
133.5335,359.7538,240.4725,5.0516,99.6305,82.6583,200.1012,134.4223,47.1523,1151.0695,96.7002
133.7337,359.7504,240.4658,5.0416,99.6303,82.6633,200.0908,134.4281,47.1576,1151.0611,96.7021
133.9339,359.7514,240.4696,5.0379,99.6309,82.6636,200.1096,134.4196,47.1611,1151.0704,96.6947
134.1341,360.1202,240.9153,5.0463,99.6323,82.666,200.1451,134.419,47.1668,1151.0106,96.6883
134.3343,360.1069,240.9142,5.0474,99.6299,82.6571,200.1509,134.4178,47.1662,1151.0168,96.6901
134.5345,360.7822,241.656,5.0533,99.6391,82.6522,200.0826,134.4065,47.1543,1150.7674,96.6757
134.7347,360.7783,241.6635,5.051,99.6371,82.6497,200.0753,134.4056,47.1597,1150.7692,96.6709
134.9349,360.7766,241.658,5.0413,99.643,82.6446,200.0834,134.405,47.1613,1150.7679,96.6718
135.1351,361.4738,242.3223,5.044,99.6391,82.6311,199.959,134.393,47.1397,1150.3566,96.6498
135.3353,361.4755,242.3149,5.0545,99.6335,82.6288,199.953,134.389,47.1355,1150.3641,96.6466
135.5355,362.0182,242.7532,5.0433,99.6416,82.6009,199.8125,134.3774,47.0995,1149.9097,96.6317
135.7357,362.0263,242.7681,5.046,99.6453,82.6045,199.8116,134.3826,47.0973,1149.9002,96.6294
135.9359,362.0283,242.7558,5.0448,99.6276,82.6113,199.8057,134.373,47.1011,1149.9018,96.6366
136.1361,362.464,243.262,5.0465,99.6334,82.5929,199.6692,134.3604,47.087,1149.7084,96.6301
136.3363,362.4625,243.2597,5.0473,99.634,82.5835,199.6512,134.3614,47.0831,1149.7018,96.6288
136.5365,363.075,244.1679,5.0396,99.6304,82.5759,199.3156,134.349,47.0803,1149.6164,96.6073
136.7367,363.0698,244.1649,5.0495,99.6407,82.5893,199.3123,134.3497,47.0838,1149.6273,96.6199
136.9369,363.0714,244.1702,5.0537,99.638,82.5793,199.3164,134.3562,47.0936,1149.6277,96.6044
137.1371,363.62,244.907,5.0496,99.6247,82.5847,198.9937,134.3377,47.0707,1149.4592,96.5816
137.3373,363.6302,244.8942,5.0483,99.636,82.5868,198.9916,134.3359,47.0755,1149.4685,96.5914
137.5375,364.4213,245.7909,5.0523,99.6198,82.5825,198.5428,134.3159,47.0675,1149.037,96.5713
137.7377,364.4221,245.7783,5.0411,99.6294,82.5701,198.5491,134.3205,47.0692,1149.0404,96.5679
137.9379,364.418,245.7906,5.048,99.6294,82.5833,198.538,134.3139,47.0641,1149.0351,96.5656
138.1381,364.8455,246.3062,5.0527,99.6175,82.5729,198.2631,134.2999,47.0491,1148.8336,96.5491
138.3383,364.8482,246.3076,5.052,99.6219,82.5708,198.2562,134.2979,47.0532,1148.8407,96.5454
138.5385,365.3601,246.9015,5.0526,99.628,82.5633,197.9362,134.2894,47.0358,1148.5436,96.5393
138.7387,365.3683,246.9044,5.0525,99.6181,82.5556,197.9348,134.2936,47.0413,1148.5424,96.5398
138.9389,365.3554,246.909,5.0419,99.6137,82.5573,197.9411,134.2907,47.0457,1148.543,96.5356
139.1391,366.4423,248.1032,5.0474,99.6263,82.5313,197.2766,134.2616,47.0114,1147.8193,96.4948
139.3393,366.4601,248.1171,5.0417,99.6139,82.5358,197.2683,134.263,46.996,1147.827,96.5013
139.5395,366.9626,248.6152,5.056,99.624,82.5251,197.4055,134.238,47.0098,1147.5037,96.4812
139.7397,366.9591,248.6162,5.0502,99.628,82.5341,197.4105,134.239,47.0101,1147.5046,96.4834
139.9399,366.9713,248.6163,5.0386,99.6206,82.5235,197.4184,134.2398,47.0089,1147.5096,96.4804
140.1401,367.263,248.9594,5.0397,99.6252,82.5218,197.2235,134.2294,47.0045,1147.3225,96.4629
140.3403,367.2601,248.9652,5.043,99.6177,82.5344,197.2134,134.2242,47.0124,1147.3282,96.4677
140.5405,367.7308,249.2862,5.0449,99.6257,82.5489,198.2176,134.2126,47.0311,1147.1405,96.4586
140.7407,367.7293,249.2916,5.0446,99.6273,82.5547,198.2243,134.2108,47.031,1147.143,96.4483
140.9409,367.7237,249.2732,5.04,99.6204,82.5577,198.2261,134.2104,47.0398,1147.1449,96.456
141.1411,368.0911,249.7088,5.0462,99.618,82.5532,198.1098,134.2047,47.0366,1146.956,96.4439
141.3413,368.099,249.7079,5.0438,99.6308,82.5412,198.1128,134.1994,47.0314,1146.9537,96.4374
141.5415,368.5889,250.5263,5.0457,99.6114,82.5217,196.4914,134.1803,46.9939,1146.6489,96.4311
141.7417,368.5897,250.5294,5.0431,99.6133,82.5076,196.4818,134.1828,46.9902,1146.6384,96.4294
141.9419,368.5896,250.532,5.0523,99.6234,82.501,196.4783,134.1888,46.9935,1146.6363,96.4235
142.1421,368.9457,250.9311,5.0488,99.6178,82.5154,196.499,134.181,46.9945,1146.4929,96.425
142.3423,368.934,250.9253,5.0458,99.6189,82.4987,196.4979,134.1847,46.9962,1146.5006,96.4158
142.5425,369.5139,251.6483,5.0418,99.6091,82.5041,196.1198,134.1683,46.9786,1146.2638,96.4037
142.7427,369.5083,251.646,5.0458,99.6134,82.4986,196.1237,134.1758,46.9785,1146.2607,96.4035
142.9429,369.5077,251.6504,5.0519,99.6103,82.4958,196.1182,134.1656,46.973,1146.2708,96.3969
143.1431,370.6557,252.9496,5.0517,99.6152,82.5014,196.4034,134.1434,46.9769,1145.8823,96.3657
143.3433,370.6656,252.9457,5.0447,99.6219,82.5068,196.402,134.1372,46.972,1145.8736,96.3653
143.5435,371.3499,253.6212,5.0456,99.6184,82.4961,196.541,134.1239,46.9624,1145.5173,96.3354
143.7437,371.3503,253.6157,5.0411,99.6193,82.4997,196.5339,134.1106,46.9719,1145.5072,96.3378
143.9439,371.3447,253.6141,5.0494,99.6233,82.4971,196.5396,134.127,46.9669,1145.5192,96.3485
144.1441,371.5709,253.8612,5.0486,99.6129,82.5012,196.5417,134.1167,46.9705,1145.4042,96.3375
144.3443,371.5713,253.8599,5.0451,99.6174,82.4891,196.541,134.1073,46.9742,1145.4021,96.3417
144.5445,372.2032,254.3096,5.0508,99.6127,82.4969,196.4927,134.0823,46.9625,1144.8277,96.3242
144.7447,372.2061,254.3216,5.0556,99.6129,82.4922,196.492,134.0876,46.9582,1144.8298,96.3109
144.9449,372.2014,254.3241,5.0448,99.6166,82.4977,196.4955,134.0924,46.9656,1144.8287,96.3125
145.1451,372.5432,254.6374,5.0522,99.6078,82.4916,196.3527,134.0761,46.9629,1144.6162,96.3057
145.3453,372.5426,254.6346,5.0407,99.6213,82.4857,196.3452,134.0788,46.9553,1144.6108,96.3061
145.5455,373.3653,255.7176,5.0542,99.6132,82.4566,195.6847,134.063,46.916,1144.3125,96.286
145.7457,373.3651,255.7148,5.0443,99.6154,82.4592,195.6828,134.0689,46.9251,1144.3071,96.2845
145.9459,373.3705,255.7161,5.0492,99.6071,82.451,195.6777,134.0609,46.9263,1144.2997,96.2858
146.1461,373.5331,255.9256,5.0452,99.6119,82.4514,195.5861,134.0634,46.9159,1144.2362,96.2808
146.3463,373.5371,255.9313,5.0449,99.6073,82.4475,195.5942,134.0629,46.9108,1144.2331,96.2814
146.5465,374.1014,256.8051,5.0542,99.6033,82.43,194.8458,134.0343,46.8842,1143.9552,96.2489
146.7467,374.1065,256.8077,5.0493,99.6134,82.4293,194.842,134.0282,46.8908,1143.9651,96.2393
146.9469,374.1094,256.808,5.0432,99.6104,82.4337,194.8434,134.0361,46.8839,1143.9573,96.2587
147.1471,374.5406,257.3935,5.0617,99.6126,82.4231,194.9702,134.0195,46.8798,1143.8562,96.245
147.3473,374.5496,257.3922,5.0565,99.6071,82.4302,194.9782,134.0259,46.8865,1143.8676,96.2396
147.5475,375.2212,258.221,5.0436,99.6133,82.4095,195.9389,134.0005,46.8832,1143.818,96.2103
147.7477,375.2307,258.2156,5.0381,99.6017,82.4091,195.9519,133.9971,46.8792,1143.8216,96.2052
147.9479,375.2243,258.2211,5.0434,99.6193,82.4136,195.9459,134.0108,46.8795,1143.818,96.2175
148.1481,375.6372,258.7134,5.0453,99.612,82.4125,196.3284,133.9903,46.8768,1143.7027,96.1981
148.3483,375.6391,258.7055,5.048,99.617,82.4158,196.3297,133.9905,46.8744,1143.7019,96.1874
148.5485,376.1854,259.3323,5.0489,99.6205,82.4115,196.4184,133.969,46.877,1143.4567,96.1821
148.7487,376.1681,259.3379,5.0518,99.6175,82.3972,196.4317,133.9635,46.8729,1143.4572,96.1768
148.9489,376.1837,259.3367,5.052,99.6165,82.4159,196.4198,133.9649,46.88,1143.4622,96.1784
149.1491,376.4379,259.6334,5.0422,99.6208,82.4126,196.4591,133.9524,46.8843,1143.3259,96.1632
149.3493,376.4415,259.6254,5.0476,99.6117,82.4104,196.4531,133.9555,46.8716,1143.3208,96.1626
149.5495,376.8471,260.0727,5.0445,99.6168,82.412,196.5399,133.9452,46.8772,1143.1304,96.1548
149.7497,376.8417,260.0761,5.0582,99.6153,82.4117,196.5256,133.9374,46.8796,1143.114,96.1501
149.9499,376.8395,260.0882,5.039,99.6113,82.4132,196.5278,133.9433,46.8751,1143.1194,96.152
150.1502,377.0834,260.3692,5.0452,99.6211,82.4222,196.5648,133.9439,46.8734,1142.9968,96.1489
150.3504,377.0976,260.3693,5.0516,99.6174,82.4131,196.5598,133.9356,46.8781,1143.001,96.1447
150.5506,377.3909,260.7049,5.0416,99.615,82.4108,196.5271,133.923,46.8719,1142.8458,96.1294
150.7508,377.3855,260.7094,5.0551,99.6172,82.4164,196.5216,133.9317,46.8866,1142.8366,96.1227
150.951,377.3899,260.7137,5.0478,99.6105,82.4129,196.5284,133.9245,46.878,1142.8464,96.1299
151.1512,378.1299,261.5694,5.0441,99.6103,82.4121,196.393,133.8958,46.8842,1142.4359,96.0975
151.3514,378.1305,261.5643,5.0539,99.6216,82.4046,196.3979,133.8933,46.8838,1142.4272,96.0951
151.5516,379.3738,262.9815,5.0512,99.6182,82.4077,196.0268,133.8616,46.8706,1141.6563,96.0575
151.7518,379.3812,262.9812,5.0526,99.628,82.414,196.0144,133.8545,46.8762,1141.6533,96.0512
151.952,379.3687,262.9796,5.0523,99.6042,82.418,196.0075,133.8449,46.8725,1141.6574,96.0556
152.1522,379.8693,263.4875,5.0515,99.6074,82.4141,195.7958,133.8341,46.8744,1141.2539,96.0297
152.3524,379.8698,263.4946,5.0406,99.6114,82.4096,195.8061,133.8374,46.8775,1141.2544,96.0333
152.5526,380.1253,263.7671,5.0423,99.6107,82.4134,195.6267,133.83,46.8717,1141.0414,96.0185
152.7528,380.1385,263.7788,5.0541,99.6041,82.408,195.637,133.8319,46.8743,1141.0635,96.0157
152.953,380.1294,263.7751,5.0555,99.6091,82.4107,195.6421,133.8235,46.8678,1141.0485,96.0171
153.1532,380.749,264.4468,5.0575,99.6041,82.3988,195.1756,133.7997,46.8577,1140.5321,95.9979
153.3534,380.7364,264.4445,5.0464,99.6106,82.3962,195.1857,133.8033,46.8632,1140.5349,95.9886
153.5536,381.2459,264.784,5.045,99.6134,82.3983,194.8131,133.7844,46.8558,1139.8555,95.977
153.7538,381.2538,264.7786,5.0463,99.605,82.4071,194.8092,133.7743,46.8572,1139.8587,95.9725
153.954,381.244,264.7754,5.0389,99.6021,82.4038,194.8172,133.7774,46.8621,1139.8545,95.9756
154.1542,381.2504,264.7893,5.0484,99.6129,82.4042,194.8142,133.7639,46.864,1139.8545,95.9695
154.3544,381.2416,264.7802,5.049,99.5997,82.3925,194.813,133.7783,46.8603,1139.8609,95.9713
154.5546,381.6837,265.2159,5.0411,99.6129,82.3937,194.3446,133.7561,46.8452,1139.4012,95.9511
154.7548,381.6859,265.2245,5.051,99.603,82.3872,194.3562,133.7577,46.8461,1139.4024,95.9549
154.955,381.6817,265.2246,5.0436,99.6015,82.3911,194.3459,133.7475,46.846,1139.3941,95.9467
155.1552,382.4498,266.1201,5.0555,99.5925,82.357,193.4707,133.7197,46.8157,1138.7465,95.9122
155.3554,382.4458,266.123,5.0461,99.5911,82.3589,193.4798,133.7236,46.8184,1138.7402,95.9213
155.5556,382.4499,266.121,5.0476,99.6022,82.3669,193.4703,133.723,46.8096,1138.7565,95.9209
155.7558,382.443,266.1154,5.04,99.6003,82.3607,193.4668,133.7255,46.8047,1138.7446,95.9226
155.956,382.4433,266.1295,5.0449,99.5999,82.3617,193.4684,133.7246,46.8034,1138.7507,95.9194
156.1562,382.6137,266.3014,5.046,99.5972,82.3616,193.4075,133.7295,46.8039,1138.6125,95.9139
156.3564,382.622,266.2885,5.0484,99.6006,82.3551,193.415,133.7153,46.8046,1138.6177,95.9076
156.5566,383.6408,267.4985,5.047,99.5984,82.3263,193.16,133.691,46.7797,1137.9877,95.8702
156.7568,383.638,267.4938,5.05,99.6041,82.3335,193.1607,133.6845,46.7869,1137.9734,95.8704
156.957,383.6486,267.5002,5.0356,99.5987,82.3344,193.152,133.671,46.79,1137.9776,95.8654
157.1572,383.9708,267.886,5.0499,99.5951,82.3192,193.0472,133.669,46.7736,1137.7729,95.8657
157.3574,383.9747,267.8935,5.0486,99.5972,82.323,193.0537,133.6662,46.7745,1137.7741,95.8559
157.5576,385.1017,269.1953,5.0462,99.602,82.3171,193.4585,133.6198,46.77,1137.2907,95.8084
157.7578,385.0906,269.1893,5.0461,99.5977,82.3142,193.4512,133.6237,46.771,1137.2946,95.8073
157.958,385.0907,269.2018,5.0557,99.5968,82.3111,193.4603,133.6201,46.764,1137.2867,95.8083
158.1582,385.8257,270.064,5.0479,99.6007,82.3031,193.504,133.5961,46.7477,1136.898,95.7786
158.3584,385.8211,270.0561,5.0537,99.5934,82.3015,193.5044,133.5953,46.7522,1136.8969,95.7741
158.5586,386.185,270.546,5.0442,99.6026,82.2912,193.5137,133.5953,46.7318,1136.7478,95.7679
158.7588,386.1956,270.5433,5.047,99.6088,82.2968,193.5011,133.583,46.7342,1136.7612,95.7607
158.959,386.1955,270.5371,5.0468,99.5893,82.2992,193.5137,133.5797,46.7325,1136.7572,95.7558
159.1592,386.3641,270.7274,5.0444,99.5998,82.2885,193.4596,133.5797,46.7252,1136.6605,95.7574
159.3594,386.3515,270.7268,5.0548,99.6016,82.3006,193.4597,133.5794,46.7394,1136.6557,95.7628
159.5596,386.6604,271.101,5.0469,99.5968,82.2682,193.1892,133.5712,46.6984,1136.4256,95.7505
159.7598,386.6656,271.1033,5.044,99.5918,82.2694,193.1946,133.5632,46.7089,1136.4218,95.7456
159.96,386.6642,271.1016,5.0474,99.5941,82.2593,193.1999,133.5624,46.7089,1136.426,95.739
160.1602,386.9508,271.5412,5.055,99.5939,82.2496,192.9858,133.5595,46.6968,1136.3246,95.7275
160.3604,386.9569,271.5509,5.0577,99.6007,82.2559,192.9772,133.5528,46.6867,1136.31,95.7387
160.5606,387.4816,272.3721,5.0439,99.5985,82.2409,192.5225,133.5494,46.6852,1136.1149,95.7093
160.7608,387.4852,272.3666,5.0461,99.591,82.2532,192.5423,133.5491,46.6821,1136.1122,95.7052
160.961,387.4793,272.3629,5.0609,99.6021,82.2471,192.5242,133.5457,46.6785,1136.1031,95.7106
161.1612,387.8928,272.8447,5.0489,99.5877,82.2432,192.0421,133.5155,46.6873,1135.7545,95.6868
161.3614,387.8954,272.8482,5.0575,99.5916,82.2462,192.0439,133.526,46.6812,1135.7498,95.6904
161.5616,388.4068,273.1632,5.0443,99.5885,82.2405,191.4089,133.4903,46.6828,1135.0095,95.669
161.7618,388.4008,273.1488,5.0449,99.5897,82.2434,191.4001,133.5018,46.6733,1135.0206,95.6678
161.962,388.4065,273.1451,5.0492,99.5834,82.2475,191.405,133.4944,46.674,1135.02,95.6634
162.1622,388.5745,273.2844,5.0483,99.5801,82.2337,191.4614,133.4916,46.6733,1134.8673,95.6727
162.3624,388.6158,273.3328,5.0456,99.5976,82.2406,191.4659,133.4935,46.6788,1134.8489,95.66
162.5626,389.0916,273.8817,5.0532,99.5901,82.2395,192.5618,133.4618,46.6717,1134.8566,95.6454
162.7628,389.1234,273.8926,5.0492,99.5878,82.2441,192.5686,133.4705,46.6796,1134.8256,95.6347
162.963,389.119,273.905,5.0434,99.5856,82.2436,192.5637,133.4592,46.6775,1134.8326,95.6351
163.1632,389.1505,273.9396,5.0469,99.5936,82.2406,192.5618,133.4703,46.6829,1134.8125,95.6422
163.3634,389.4442,274.2837,5.0486,99.5909,82.2425,192.9057,133.4503,46.6785,1134.7154,95.6256
163.5636,389.7263,274.6209,5.0472,99.5982,82.2326,192.9681,133.4435,46.6659,1134.5745,95.6069
163.7638,390.1891,275.1864,5.049,99.5873,82.2342,192.9677,133.4256,46.6652,1134.276,95.5852
163.964,390.1977,275.2006,5.0513,99.5931,82.2373,192.9604,133.4229,46.6718,1134.2762,95.5934
164.1642,390.4476,275.4999,5.0458,99.5906,82.2191,192.7077,133.4116,46.6531,1134.0715,95.5707
164.3644,390.5176,275.5857,5.0528,99.5888,82.2134,192.6794,133.4096,46.6476,1134.0218,95.5743
164.5646,390.5123,275.5749,5.0491,99.5911,82.2246,192.687,133.411,46.6541,1134.0244,95.5757
164.7648,390.9085,276.0454,5.0491,99.5842,82.169,191.979,133.394,46.5977,1133.6154,95.5639
164.965,390.9116,276.0476,5.0499,99.5924,82.1721,191.977,133.3932,46.6047,1133.6195,95.5599
165.1652,391.157,276.3261,5.0477,99.5773,82.1665,191.8154,133.3891,46.5903,1133.4623,95.5543
165.3654,391.4123,276.5846,5.0469,99.5896,82.164,192.0233,133.3768,46.5938,1133.3976,95.5414
165.5656,391.4447,276.6476,5.0506,99.5944,82.1818,192.3276,133.3707,46.6093,1133.4565,95.5336
165.7658,391.2757,276.4703,5.0513,99.5904,82.2186,192.7371,133.3743,46.6497,1133.6388,95.5479
165.966,391.2693,276.4769,5.0548,99.5922,82.207,192.7361,133.3851,46.6511,1133.6357,95.5367
166.1662,391.3748,276.6314,5.0532,99.594,82.2096,192.7711,133.3766,46.6477,1133.6151,95.5263
166.3664,391.5978,277.0343,5.0539,99.5828,82.2213,192.7665,133.3763,46.6411,1133.6029,95.5277
166.5666,392.3501,278.1768,5.0535,99.5975,82.1766,192.3369,133.3376,46.6109,1133.3335,95.487
166.7668,392.4085,278.2759,5.0513,99.5926,82.1779,192.3065,133.3445,46.6076,1133.2917,95.49
166.967,392.4168,278.2694,5.045,99.5911,82.1763,192.302,133.3457,46.6039,1133.2945,95.4911
167.1672,392.9993,279.1008,5.0547,99.5795,82.1552,191.8555,133.3225,46.5871,1132.9817,95.4754
167.3674,393.0124,279.1049,5.0453,99.6027,82.1654,191.8674,133.3253,46.5863,1132.9737,95.4642
167.5676,393.5024,279.6537,5.0487,99.5939,82.1595,191.3958,133.2961,46.5824,1132.5645,95.4361
167.7678,393.4979,279.6598,5.0528,99.5829,82.149,191.3929,133.3034,46.5794,1132.5736,95.4432
167.968,393.5004,279.6589,5.0457,99.5901,82.1551,191.3825,133.308,46.591,1132.5802,95.4475
168.1682,393.5004,279.6505,5.0585,99.5932,82.1568,191.3901,133.3031,46.5925,1132.5697,95.4521
168.3684,393.5059,279.6672,5.0491,99.5883,82.1553,191.3897,133.3093,46.5969,1132.5746,95.4458
168.5686,393.6016,279.7809,5.0496,99.5866,82.1593,191.3447,133.3009,46.5811,1132.5008,95.443
168.7688,393.6579,279.8502,5.0442,99.5881,82.1602,191.3376,133.3089,46.5706,1132.4781,95.4386
168.969,393.6597,279.8494,5.0542,99.5904,82.1539,191.3411,133.2976,46.5766,1132.4778,95.4322
169.1692,393.8435,280.0556,5.0475,99.5909,82.1566,191.2938,133.2865,46.5844,1132.3412,95.428
169.3694,393.8553,280.0617,5.0444,99.5886,82.1574,191.2856,133.2854,46.5835,1132.3221,95.4369
169.5696,395.4066,281.5711,5.0493,99.5841,82.1636,191.2463,133.2136,46.5725,1131.061,95.3525
169.7698,395.4003,281.5762,5.0504,99.5825,82.1488,191.2566,133.2126,46.5695,1131.0562,95.3554
169.97,395.3993,281.5853,5.0562,99.5926,82.1535,191.2402,133.2219,46.5709,1131.0546,95.3559
170.1702,396.0849,282.4035,5.0565,99.5842,82.1317,191.2895,133.1843,46.5591,1130.6456,95.3256
170.3704,396.0654,282.3989,5.0515,99.5866,82.1296,191.2811,133.1873,46.5529,1130.6444,95.3193
170.5706,396.2901,282.6172,5.0535,99.5846,82.1333,191.2731,133.1763,46.555,1130.4889,95.3068
170.7708,396.2777,282.6083,5.0445,99.5853,82.1321,191.2711,133.1725,46.5554,1130.4825,95.3148
170.971,396.2888,282.6115,5.0624,99.5834,82.1391,191.2663,133.1777,46.5466,1130.4874,95.3107
171.1712,396.4145,282.7647,5.0568,99.5821,82.1358,191.2232,133.1628,46.5526,1130.3869,95.3069
171.3714,396.4114,282.7614,5.0517,99.5917,82.1324,191.2293,133.1751,46.5426,1130.3883,95.3089
171.5716,396.7203,283.337,5.0462,99.5751,82.1055,191.2577,133.1649,46.5164,1130.3407,95.2901
171.7718,396.7253,283.3371,5.0562,99.5805,82.1006,191.2562,133.1666,46.5196,1130.353,95.2834
171.972,396.7216,283.3391,5.0553,99.5815,82.1099,191.2566,133.155,46.5185,1130.3427,95.304
172.1722,397.1582,283.8511,5.0517,99.5897,82.0857,191.1531,133.1439,46.4953,1130.0348,95.2736
172.3724,397.1642,283.8536,5.0578,99.594,82.0766,191.1584,133.144,46.4939,1130.0344,95.2688
172.5726,397.5346,284.0556,5.0485,99.5827,82.0789,190.9581,133.1171,46.4864,1129.5748,95.2454
172.7728,397.5361,284.0543,5.0497,99.5852,82.0747,190.9692,133.1141,46.4904,1129.5735,95.2475
172.973,397.5247,284.0576,5.0523,99.5846,82.0807,190.9681,133.1208,46.4937,1129.5615,95.2445
173.1732,397.8066,284.4122,5.0572,99.5813,82.0718,190.8454,133.1192,46.4866,1129.3961,95.2318
173.3734,397.8069,284.4114,5.0562,99.5873,82.0698,190.851,133.1039,46.4804,1129.4046,95.2392
173.5736,398.2136,284.913,5.0558,99.5737,82.0675,190.5999,133.0846,46.4855,1129.0824,95.2268
173.7738,398.2093,284.9124,5.0548,99.5846,82.066,190.6107,133.0934,46.4882,1129.0825,95.2228
173.974,398.2059,284.9102,5.0444,99.5836,82.0695,190.6014,133.0948,46.4811,1129.0752,95.2202
174.1742,398.9658,286.0395,5.0404,99.5755,82.0747,190.095,133.0577,46.4836,1128.6118,95.1813
174.3744,398.9897,286.05,5.0531,99.5792,82.0655,190.0888,133.0625,46.4808,1128.6217,95.1892
174.5746,399.4307,286.5938,5.0445,99.5799,82.0638,189.7381,133.0444,46.4876,1128.2229,95.1566
174.7748,399.4255,286.5873,5.0498,99.5681,82.0729,189.7422,133.0424,46.4776,1128.2192,95.1589
174.975,399.4293,286.5925,5.0515,99.5848,82.0716,189.7501,133.0459,46.4909,1128.2198,95.1616
175.1752,399.7378,286.9688,5.0605,99.573,82.0556,189.4657,133.0218,46.4692,1127.9589,95.1519
175.3754,399.7367,286.9854,5.0573,99.5765,82.0646,189.4678,133.0322,46.4755,1127.9517,95.1447
175.5756,400.0319,287.0923,5.0537,99.5697,82.0539,189.1788,132.9966,46.476,1127.482,95.1264
175.7758,400.0242,287.0923,5.0438,99.5748,82.0545,189.1922,133.0012,46.4722,1127.4944,95.1309
175.976,400.0282,287.0916,5.0548,99.5751,82.057,189.1887,133.0103,46.4762,1127.4991,95.1306
176.1762,400.2313,287.2535,5.0547,99.5757,82.0635,188.9121,132.9862,46.4561,1127.2257,95.1188
176.3764,400.2362,287.2527,5.0609,99.5735,82.0457,188.9023,132.9936,46.4602,1127.2185,95.1226
176.5766,400.6747,287.7446,5.0524,99.5637,82.0081,188.1983,132.9675,46.4172,1126.7267,95.0947
176.7768,400.6742,287.7485,5.0536,99.5686,82.0132,188.2048,132.9734,46.4087,1126.7272,95.0939
176.977,400.6845,287.7573,5.0564,99.5707,82.01,188.2001,132.964,46.4137,1126.7241,95.1003
177.1772,401.0597,288.2052,5.0579,99.5655,81.9909,187.8433,132.9548,46.3972,1126.3936,95.0785
177.3774,401.0602,288.1857,5.0455,99.5659,82.0001,187.8367,132.9514,46.3883,1126.3973,95.0777
177.5776,401.4872,288.7203,5.0558,99.562,81.9898,187.4906,132.9337,46.3858,1126.0558,95.0593
177.7778,401.4916,288.722,5.0546,99.5582,81.9929,187.4906,132.9448,46.3857,1126.0639,95.056
177.978,401.4766,288.7136,5.054,99.5583,81.9686,187.4966,132.9285,46.3936,1126.0678,95.0708
178.1782,401.87,289.2881,5.05,99.5707,81.9788,187.6924,132.9242,46.387,1126.0031,95.0426
178.3784,401.8673,289.2913,5.0556,99.5636,81.9829,187.6914,132.9213,46.3848,1125.9996,95.041
178.5786,402.3392,290.1569,5.0511,99.57,81.9868,188.5907,132.9166,46.3937,1126.2306,95.0192
178.7788,402.3355,290.1621,5.0504,99.5606,81.9905,188.5932,132.9148,46.3859,1126.239,95.0199
178.979,402.3417,290.1531,5.055,99.576,81.9849,188.5865,132.9206,46.3912,1126.2302,95.0204
179.1792,402.5771,290.5326,5.053,99.5673,81.9921,188.7859,132.9203,46.3931,1126.1964,95.0044
179.3794,402.5782,290.5345,5.0487,99.5704,81.9856,188.7893,132.9041,46.3933,1126.1968,95.0079
179.5796,402.935,290.9889,5.0541,99.5749,81.9827,188.6044,132.8885,46.3945,1125.9202,94.9787
179.7798,402.936,290.9941,5.0616,99.571,81.986,188.6131,132.8944,46.3999,1125.9185,94.9865
179.98,402.9251,290.9871,5.0467,99.568,81.9908,188.6074,132.8961,46.3904,1125.9117,94.9861
180.1802,403.2924,291.4316,5.0547,99.5644,81.9823,188.4869,132.8789,46.3793,1125.6061,94.9667
180.3804,403.2945,291.4283,5.0591,99.5685,81.9836,188.4794,132.8701,46.3853,1125.6212,94.9661
180.5806,403.5725,291.7818,5.0572,99.5678,81.9888,188.4359,132.8602,46.3821,1125.4101,94.9527
180.7808,403.5729,291.7902,5.0578,99.5683,81.9797,188.442,132.8598,46.3894,1125.4135,94.9472
180.981,403.5584,291.7771,5.0581,99.5708,81.98,188.4413,132.8527,46.3825,1125.4043,94.9485
181.1812,403.6834,291.8968,5.0629,99.5663,81.9838,188.3732,132.8515,46.3942,1125.2842,94.9334
181.3814,403.6849,291.8999,5.0588,99.558,81.9811,188.3642,132.8477,46.3954,1125.2815,94.9449
181.5816,404.1518,292.348,5.0375,99.5628,81.9765,188.1319,132.8225,46.3858,1124.7724,94.9191
181.7818,404.1546,292.3522,5.0578,99.5593,81.9899,188.1335,132.8234,46.3756,1124.7876,94.9177
181.982,404.1507,292.3455,5.0619,99.5654,81.9835,188.1378,132.8207,46.3898,1124.7818,94.9157
182.1822,404.998,293.1089,5.0612,99.57,81.976,187.6035,132.7711,46.373,1123.8368,94.8755
182.3824,405.0016,293.0944,5.0507,99.559,81.9834,187.6028,132.7738,46.3783,1123.8431,94.8802
182.5826,405.1466,293.2546,5.0452,99.5636,81.9766,187.5536,132.7585,46.3763,1123.7036,94.8646
182.7828,405.1431,293.2481,5.0613,99.5558,81.9767,187.5613,132.7711,46.371,1123.7022,94.8611
182.983,405.1363,293.2603,5.0455,99.5612,81.979,187.5653,132.7613,46.3671,1123.7044,94.8763
183.1832,405.6967,293.8,5.0519,99.564,81.9644,187.3629,132.727,46.3691,1123.1819,94.8428
183.3834,405.6965,293.8064,5.0593,99.5626,81.9669,187.3675,132.7332,46.3586,1123.1851,94.8427
183.5836,405.9066,294.0593,5.0527,99.5579,81.954,187.3145,132.7193,46.3395,1123.0283,94.8336
183.7838,405.9124,294.0544,5.0402,99.5571,81.9575,187.324,132.7282,46.3533,1123.0261,94.8292
183.984,405.9184,294.0559,5.0502,99.5558,81.9486,187.3226,132.7213,46.3474,1123.0231,94.8325
184.1842,406.5028,294.7459,5.0509,99.5614,81.9204,187.3528,132.6932,46.311,1122.6576,94.7991
184.3844,406.5042,294.741,5.0591,99.5655,81.9246,187.3594,132.7056,46.3163,1122.6559,94.7931
184.5846,407.0687,295.5039,5.0501,99.5637,81.8958,187.3249,132.6673,46.3037,1122.3083,94.7836
184.7848,407.071,295.5048,5.0519,99.5556,81.9058,187.3278,132.6706,46.2883,1122.3046,94.7818
184.985,407.0781,295.5035,5.0555,99.5592,81.8986,187.335,132.6866,46.2914,1122.309,94.7705
185.1852,407.0649,295.5084,5.0482,99.5632,81.9069,187.3274,132.6817,46.2966,1122.3155,94.7651
185.3854,407.0653,295.5022,5.0414,99.5554,81.8992,187.3329,132.6737,46.2918,1122.3135,94.7646
185.5856,407.5026,296.3074,5.0478,99.5544,81.9017,187.4214,132.6759,46.2966,1122.2268,94.7417
185.7858,407.5153,296.3065,5.0513,99.5642,81.8902,187.4082,132.6751,46.2935,1122.2213,94.7479
185.986,407.5167,296.3126,5.0554,99.5555,81.8967,187.4212,132.6786,46.2894,1122.2193,94.7515
186.1862,407.6434,296.461,5.0406,99.5673,81.9052,187.4022,132.6606,46.2874,1122.1253,94.7506
186.3864,407.6423,296.4599,5.0485,99.5657,81.8992,187.4106,132.6611,46.2973,1122.1175,94.7492
186.5866,407.9685,296.9689,5.063,99.5657,81.8935,187.4339,132.6539,46.2907,1121.9865,94.7244
186.7868,407.9699,296.9736,5.0529,99.555,81.8977,187.4355,132.6549,46.2836,1121.9827,94.7201
186.987,407.9739,296.9716,5.0639,99.5655,81.9016,187.4436,132.6714,46.2883,1121.9873,94.7317
187.1872,408.795,297.9705,5.0534,99.5586,81.8978,187.3635,132.6098,46.2959,1121.4006,94.6762
187.3874,408.7909,297.9605,5.0459,99.5582,81.8997,187.3716,132.6024,46.2823,1121.4031,94.6673
187.5876,409.2008,298.3487,5.0625,99.5562,81.9036,187.2086,132.5781,46.2817,1120.977,94.6537
187.7878,409.2047,298.3535,5.0593,99.5613,81.8937,187.1995,132.5804,46.283,1120.9782,94.6547
187.988,409.2043,298.3662,5.055,99.565,81.8965,187.2018,132.5807,46.2868,1120.9793,94.6494
188.1882,409.2237,298.3947,5.0601,99.5636,81.8953,187.1893,132.5835,46.2901,1120.9491,94.6472
188.3884,409.2291,298.3913,5.0544,99.5505,81.9031,187.1841,132.5808,46.2924,1120.9417,94.6502
188.5886,409.6551,298.5672,5.0549,99.5639,81.897,186.6978,132.5456,46.2782,1120.1919,94.6259
188.7888,409.6588,298.5691,5.0547,99.5548,81.9037,186.6889,132.55,46.2852,1120.202,94.6395
188.989,409.6643,298.5677,5.0597,99.5585,81.8936,186.694,132.5419,46.2836,1120.1994,94.6381
189.1892,409.7405,298.6644,5.0521,99.5399,81.8859,186.5877,132.5414,46.2892,1120.1137,94.6325
189.3894,409.7328,298.6691,5.0533,99.552,81.8843,186.5785,132.5357,46.2837,1120.1102,94.6273
189.5896,410.14,299.5206,5.0558,99.5551,81.834,186.0528,132.547,46.2331,1119.9927,94.6143
189.7898,410.1408,299.5218,5.0598,99.5409,81.833,186.0576,132.5363,46.2191,1119.9821,94.6101
189.99,410.1386,299.5133,5.06,99.5511,81.8363,186.0492,132.5503,46.2203,1119.9801,94.6124
190.1902,410.2172,299.5931,5.0571,99.55,81.8472,185.9413,132.5431,46.211,1119.875,94.6014
190.3904,410.2162,299.5978,5.061,99.5533,81.8345,185.9385,132.5456,46.2311,1119.8799,94.6115
190.5906,410.6437,300.1207,5.0502,99.5454,81.8209,185.3947,132.5122,46.192,1119.4249,94.5864
190.7908,410.6341,300.111,5.0568,99.5473,81.8219,185.3825,132.5147,46.2081,1119.4215,94.5888
190.991,410.6367,300.1212,5.0541,99.5421,81.8165,185.3914,132.5163,46.2077,1119.4346,94.5755
191.1912,411.3547,300.7373,5.0517,99.5463,81.8182,184.361,132.4553,46.2053,1118.4157,94.534
191.3914,411.3477,300.7453,5.0609,99.5419,81.8191,184.3656,132.4492,46.1938,1118.4045,94.5381
191.5916,411.7362,301.2307,5.0579,99.548,81.8126,184.2442,132.4372,46.206,1118.1215,94.5047
191.7918,411.7346,301.2236,5.0664,99.5384,81.8095,184.2521,132.4324,46.2032,1118.1129,94.5146
191.992,411.7406,301.2344,5.0643,99.5405,81.8112,184.2533,132.4335,46.187,1118.1257,94.5099
192.1922,411.9722,301.5372,5.0448,99.5434,81.8062,184.1784,132.4244,46.1888,1117.9468,94.4946
192.3924,411.9776,301.5397,5.0523,99.5426,81.8059,184.1867,132.4337,46.1947,1117.9516,94.4978
192.5926,412.3303,302.2583,5.0666,99.5419,81.8041,184.8879,132.419,46.1864,1118.1362,94.4752
192.7928,412.3379,302.2558,5.0508,99.538,81.8047,184.8953,132.4227,46.1944,1118.1204,94.4741
192.993,412.3279,302.2593,5.0589,99.5386,81.8141,184.9052,132.4243,46.1906,1118.1263,94.4731
193.1932,412.5632,302.6341,5.0509,99.5366,81.8095,185.1173,132.4088,46.184,1118.0809,94.4549
193.3934,412.5663,302.6416,5.0598,99.5392,81.802,185.1179,132.4048,46.1804,1118.0821,94.4614
193.5936,412.8753,303.0427,5.0564,99.543,81.811,185.1688,132.3914,46.1853,1117.8418,94.4357
193.7938,412.874,303.0307,5.0589,99.5496,81.7994,185.1562,132.3943,46.1897,1117.85,94.4393
193.994,412.8793,303.0398,5.0518,99.541,81.8121,185.1613,132.3971,46.1935,1117.8373,94.4343
194.1942,413.1409,303.3768,5.0547,99.5515,81.8117,185.1743,132.3777,46.184,1117.6434,94.4249
194.3944,413.15,303.3849,5.0453,99.5457,81.8127,185.1736,132.3847,46.186,1117.6438,94.4182
194.5946,413.5945,303.9112,5.0614,99.5461,81.7934,185.0989,132.361,46.1894,1117.2755,94.3904
194.7948,413.6042,303.9062,5.0617,99.5473,81.7951,185.0989,132.3613,46.1799,1117.2719,94.3908
194.995,413.5961,303.9055,5.0611,99.5403,81.8073,185.0919,132.3664,46.1893,1117.2778,94.3905
195.1952,413.7557,304.0386,5.0507,99.547,81.7866,185.0345,132.342,46.168,1117.1027,94.3869
195.3954,413.7582,304.0413,5.0588,99.5477,81.7951,185.0394,132.3441,46.1712,1117.0916,94.385
195.5956,414.2197,304.2523,5.0592,99.5439,81.7366,184.6687,132.2912,46.1139,1116.2881,94.3607
195.7958,414.225,304.2475,5.0602,99.5431,81.7478,184.6679,132.2974,46.1124,1116.2823,94.3572
195.996,414.2244,304.2489,5.0461,99.5428,81.7323,184.6696,132.3017,46.1162,1116.2969,94.357
196.1962,414.4193,304.4698,5.0539,99.5369,81.7206,184.4726,132.2708,46.1074,1116.06,94.35
196.3964,414.4144,304.4671,5.0545,99.5447,81.7271,184.4606,132.287,46.109,1116.0526,94.348
196.5966,414.7775,305.2039,5.0599,99.5398,81.7202,183.9566,132.2735,46.0943,1115.8478,94.3144
196.7968,414.7846,305.2077,5.0545,99.5356,81.7204,183.9556,132.2757,46.0963,1115.8352,94.3275
196.997,414.7836,305.2156,5.0514,99.5337,81.7217,183.9601,132.2659,46.0916,1115.8487,94.3195
197.1972,415.1029,305.5794,5.053,99.5381,81.729,183.5392,132.2657,46.1021,1115.494,94.311
197.3974,415.0884,305.5838,5.0571,99.5413,81.7268,183.54,132.2609,46.0963,1115.4989,94.306
197.5976,415.4172,305.7381,5.0568,99.5333,81.7178,183.113,132.2299,46.0978,1114.98,94.3001
197.7978,415.4159,305.7323,5.0604,99.5275,81.716,183.1283,132.2285,46.0951,1114.9769,94.2835
197.998,415.4195,305.7303,5.0549,99.5389,81.7236,183.1257,132.2288,46.0884,1114.9853,94.293
198.1982,415.6535,305.9188,5.059,99.536,81.706,182.7552,132.2109,46.0686,1114.614,94.2799
198.3984,415.6565,305.9166,5.058,99.5306,81.6991,182.7566,132.2018,46.0796,1114.6137,94.2771
198.5986,416.0153,306.3222,5.0491,99.5278,81.6655,182.2452,132.1905,46.0292,1114.1562,94.2512
198.7988,415.9968,306.3256,5.0543,99.5287,81.6633,182.2571,132.1759,46.0271,1114.163,94.2514
198.999,416.0132,306.3195,5.0614,99.5227,81.6604,182.2589,132.1945,46.0364,1114.1704,94.2592
199.1992,416.221,306.6004,5.0561,99.537,81.6696,182.3936,132.18,46.0251,1114.0132,94.2342
199.3994,416.2166,306.6036,5.0624,99.5292,81.6631,182.3882,132.1698,46.0264,1114.0107,94.2442
199.5996,416.4283,306.8374,5.0545,99.5279,81.6807,183.0419,132.1628,46.0629,1114.0132,94.2263
199.7998,416.4208,306.8485,5.0632,99.533,81.6968,183.0383,132.1637,46.064,1114.0027,94.2231
200.0,416.4299,306.8557,5.0659,99.5249,81.6863,183.0331,132.1647,46.0494,1114.0036,94.2329
