hemodynamics sweep value,caSys_BE,caSys_pH,cvSys_pH,caSys_HCO3,caSys_pCO2,cvSys_HCO3,cvSys_pCO2,cvSys_pO2,caSys_pO2,bgDO2
0.0,-1.3622,7.4342,7.3634,22.8438,35.0288,24.1811,44.1041,50.6768,232.8563,1297.3827
0.01,-1.3676,7.4388,7.3596,22.8452,35.0286,24.176,44.1024,50.6728,232.8577,1297.3876
0.02,-1.3626,7.4383,7.3622,22.8431,35.0324,24.1756,44.1035,50.675,232.8529,1297.3817
0.03,-1.3642,7.434,7.3606,22.8412,35.0275,24.1711,44.1038,50.6726,232.8528,1297.381
0.04,-1.3636,7.4389,7.358,22.8445,35.032,24.1742,44.1042,50.6767,232.8505,1297.3863
0.0501,-1.3615,7.4384,7.3613,22.8409,35.0308,24.1742,44.1017,50.6748,232.8521,1297.3861
0.0601,-1.3641,7.4355,7.3574,22.8451,35.0304,24.1761,44.1028,50.6742,232.8522,1297.3852
0.0701,-1.363,7.4328,7.357,22.8439,35.0286,24.1784,44.1065,50.6789,232.8538,1297.3851
0.0801,-1.3561,7.4353,7.3619,22.8452,35.0294,24.175,44.1056,50.6782,232.854,1297.3861
0.0901,-1.3665,7.4332,7.3594,22.8451,35.0287,24.1773,44.103,50.6789,232.8495,1297.3839
0.1001,-1.3648,7.4369,7.3581,22.8461,35.0319,24.1794,44.1029,50.6768,232.854,1297.3807
0.1101,-1.3638,7.4362,7.3593,22.8448,35.0285,24.1769,44.1044,50.6756,232.855,1297.3825
0.1201,-1.3655,7.4349,7.3619,22.8432,35.0278,24.1768,44.0989,50.6786,232.8537,1297.3865
0.1301,-1.3669,7.4365,7.3631,22.842,35.0274,24.1766,44.1019,50.6778,232.857,1297.3832
0.1401,-1.3621,7.4358,7.3636,22.8416,35.0299,24.1782,44.1031,50.6772,232.8558,1297.387
0.1502,-1.364,7.4374,7.3582,22.8441,35.0305,24.1773,44.1036,50.6776,232.8572,1297.3867
0.1602,-1.3644,7.4388,7.3631,22.8442,35.029,24.174,44.1015,50.6798,232.8539,1297.3833
0.1702,-1.3651,7.4411,7.3586,22.8428,35.0301,24.1782,44.1003,50.6805,232.8502,1297.3844
0.1802,-1.3635,7.4336,7.3602,22.8427,35.0293,24.1764,44.1026,50.6744,232.8538,1297.386
0.1902,-1.3643,7.4372,7.3613,22.8465,35.0262,24.1778,44.1088,50.679,232.853,1297.381
0.2002,-1.3629,7.4348,7.3622,22.8486,35.0284,24.1784,44.1019,50.6764,232.8545,1297.3829
0.2102,-1.3617,7.4344,7.36,22.8438,35.0271,24.1793,44.0996,50.6742,232.8538,1297.3812
0.2202,-1.3599,7.4362,7.3551,22.8447,35.0337,24.1771,44.1042,50.6792,232.8562,1297.3855
0.2302,-1.3646,7.4372,7.362,22.8394,35.0295,24.1775,44.1006,50.6746,232.8539,1297.3831
0.2402,-1.3643,7.4362,7.3599,22.8439,35.0322,24.1767,44.1054,50.6771,232.8557,1297.3873
0.2503,-1.373,7.4299,7.3567,22.9002,35.3973,24.2321,44.4661,50.6346,232.0454,1297.1844
0.2603,-1.3771,7.4318,7.3557,22.8987,35.3951,24.2328,44.4656,50.6338,232.0484,1297.1859
0.2703,-1.3756,7.4348,7.3566,22.8986,35.3992,24.2288,44.4673,50.6348,232.0456,1297.1822
0.2803,-1.3728,7.435,7.3555,22.8978,35.3939,24.2306,44.4651,50.6317,232.0471,1297.1858
0.2903,-1.378,7.4312,7.355,22.8994,35.3929,24.2312,44.4653,50.6351,232.0495,1297.183
0.3003,-1.3708,7.4291,7.3548,22.9012,35.391,24.2306,44.4658,50.636,232.0449,1297.1862
0.3103,-1.3729,7.4292,7.3581,22.899,35.3961,24.233,44.4629,50.637,232.0462,1297.183
0.3203,-1.3737,7.4306,7.357,22.8989,35.3987,24.2316,44.4621,50.632,232.0489,1297.1848
0.3303,-1.3742,7.4305,7.3564,22.8985,35.3922,24.2303,44.4642,50.636,232.0412,1297.1818
0.3403,-1.3742,7.4329,7.3597,22.8978,35.3956,24.2266,44.467,50.634,232.0454,1297.181
0.3504,-1.3723,7.4325,7.3572,22.8979,35.3993,24.2307,44.4671,50.634,232.0441,1297.184
0.3604,-1.3771,7.43,7.355,22.9014,35.3968,24.229,44.4656,50.6365,232.0501,1297.1875
0.3704,-1.378,7.4333,7.3562,22.9004,35.3967,24.2289,44.4632,50.6336,232.0408,1297.1853
0.3804,-1.3755,7.43,7.3608,22.897,35.3908,24.2305,44.463,50.6335,232.0419,1297.1872
0.3904,-1.3722,7.4344,7.3576,22.8983,35.4004,24.2309,44.4632,50.6322,232.0454,1297.186
0.4004,-1.3697,7.4316,7.3578,22.9036,35.3945,24.2282,44.4678,50.633,232.0459,1297.1851
0.4104,-1.3717,7.4328,7.3579,22.8985,35.3967,24.2313,44.4654,50.637,232.0417,1297.1835
0.4204,-1.3733,7.434,7.3604,22.9013,35.4006,24.2324,44.4672,50.636,232.0472,1297.1809
0.4304,-1.3725,7.4324,7.3619,22.8978,35.3943,24.2327,44.463,50.6332,232.0447,1297.1844
0.4404,-1.3723,7.4328,7.3592,22.9013,35.3995,24.229,44.4682,50.6341,232.0435,1297.1829
0.4505,-1.3762,7.4332,7.3596,22.9021,35.3958,24.2285,44.4657,50.6314,232.0486,1297.1864
0.4605,-1.3718,7.4314,7.3588,22.8996,35.3952,24.2319,44.465,50.633,232.0466,1297.1836
0.4705,-1.3745,7.434,7.3569,22.8974,35.3966,24.2319,44.4647,50.6327,232.0485,1297.1861
0.4805,-1.3725,7.4314,7.3569,22.8986,35.391,24.2323,44.4668,50.6334,232.0422,1297.1831
0.4905,-1.3717,7.4327,7.3579,22.9006,35.3966,24.2312,44.4662,50.6338,232.0481,1297.1818
0.5005,-1.3737,7.4339,7.3599,22.8943,35.3669,24.2277,44.4384,50.6438,232.3334,1297.2527
0.5105,-1.37,7.4325,7.3555,22.8943,35.3626,24.2271,44.4403,50.6421,232.3302,1297.2528
0.5205,-1.3698,7.4336,7.358,22.8937,35.3631,24.2262,44.4389,50.6415,232.3308,1297.2564
0.5305,-1.3707,7.4324,7.36,22.8972,35.3703,24.2262,44.4386,50.644,232.3322,1297.2531
0.5405,-1.3706,7.4309,7.3593,22.8959,35.3693,24.2248,44.4347,50.6428,232.3346,1297.2592
0.5506,-1.3696,7.4306,7.3582,22.8934,35.3653,24.2274,44.4415,50.6396,232.3288,1297.2517
0.5606,-1.3738,7.4317,7.3557,22.8969,35.3672,24.2301,44.4375,50.6436,232.3313,1297.2574
0.5706,-1.3735,7.434,7.3541,22.8963,35.3677,24.2253,44.4396,50.6405,232.3357,1297.253
0.5806,-1.3715,7.4335,7.3571,22.8952,35.3647,24.2265,44.4386,50.6424,232.331,1297.2536
0.5906,-1.3711,7.4324,7.3559,22.8949,35.3643,24.2294,44.438,50.6393,232.3309,1297.2544
0.6006,-1.3707,7.4351,7.3596,22.8953,35.3659,24.2301,44.439,50.6403,232.3299,1297.2492
0.6106,-1.3738,7.4282,7.3581,22.8963,35.3658,24.2275,44.4374,50.6432,232.33,1297.2534
0.6206,-1.3715,7.4304,7.3585,22.897,35.366,24.2274,44.4363,50.6417,232.3343,1297.2525
0.6306,-1.3706,7.4354,7.358,22.8974,35.3646,24.2267,44.4363,50.6426,232.3277,1297.2521
0.6406,-1.3722,7.4315,7.359,22.8938,35.3709,24.2251,44.4381,50.6443,232.333,1297.2567
0.6507,-1.3729,7.4372,7.3556,22.899,35.3664,24.2297,44.437,50.6433,232.3338,1297.2563
0.6607,-1.3727,7.4335,7.358,22.8969,35.3681,24.2284,44.4385,50.6412,232.3353,1297.252
0.6707,-1.3709,7.4344,7.3555,22.8952,35.3692,24.2296,44.4389,50.644,232.332,1297.2544
0.6807,-1.3708,7.4349,7.3578,22.8936,35.3654,24.2262,44.4404,50.6427,232.3295,1297.2539
0.6907,-1.3727,7.4339,7.357,22.8952,35.366,24.2301,44.4371,50.6437,232.3294,1297.2483
0.7007,-1.374,7.4339,7.3597,22.8908,35.3663,24.2266,44.4382,50.6412,232.3317,1297.2579
0.7107,-1.3738,7.4328,7.3585,22.896,35.3665,24.2275,44.4385,50.6402,232.3335,1297.2567
0.7207,-1.3736,7.4322,7.3556,22.8935,35.3678,24.2247,44.4377,50.6422,232.3284,1297.2517
0.7307,-1.3707,7.433,7.3612,22.8952,35.366,24.228,44.4393,50.6431,232.3304,1297.2515
0.7407,-1.3721,7.4337,7.3557,22.8936,35.3648,24.2289,44.4356,50.6423,232.3305,1297.253
0.7508,-1.2521,7.468,7.3861,22.3806,31.9372,23.741,41.1983,51.466,261.2554,1304.3229
0.7608,-1.2504,7.4648,7.3831,22.3809,31.9352,23.7386,41.196,51.4667,261.2564,1304.3209
0.7708,-1.2508,7.4696,7.3782,22.3812,31.9348,23.7408,41.1961,51.4685,261.2549,1304.3175
0.7808,-1.2505,7.4678,7.3841,22.3812,31.9319,23.7393,41.1926,51.4661,261.2579,1304.3251
0.7908,-1.2548,7.469,7.3827,22.3809,31.9335,23.7389,41.1946,51.4622,261.2476,1304.319
0.8008,-1.2478,7.4654,7.3793,22.3815,31.9335,23.7377,41.1933,51.4646,261.2535,1304.3219
0.8108,-1.2528,7.4661,7.3825,22.3836,31.9362,23.7423,41.1958,51.47,261.2568,1304.3204
0.8208,-1.2497,7.4694,7.382,22.3816,31.9386,23.7422,41.1909,51.4703,261.2554,1304.3215
0.8308,-1.2478,7.4657,7.3812,22.3826,31.9347,23.7402,41.194,51.4706,261.2519,1304.3217
0.8408,-1.2506,7.4644,7.3796,22.38,31.9342,23.7432,41.1962,51.4637,261.2505,1304.3221
0.8509,-1.2482,7.4667,7.3804,22.3793,31.9352,23.7392,41.195,51.4696,261.2557,1304.3236
0.8609,-1.2522,7.4656,7.3819,22.3794,31.9351,23.7372,41.1937,51.4681,261.2519,1304.3237
0.8709,-1.2535,7.4638,7.3835,22.3771,31.9348,23.741,41.1962,51.4692,261.2499,1304.3165
0.8809,-1.2523,7.4645,7.3821,22.3816,31.9354,23.7389,41.1934,51.4662,261.2553,1304.3225
0.8909,-1.253,7.4679,7.3824,22.3795,31.9355,23.7416,41.1945,51.4693,261.2549,1304.323
0.9009,-1.2509,7.4668,7.3809,22.3779,31.9337,23.7383,41.1964,51.4682,261.2535,1304.3176
0.9109,-1.2539,7.4653,7.3803,22.3831,31.937,23.7418,41.1951,51.4678,261.2501,1304.3192
0.9209,-1.2506,7.4657,7.3808,22.3802,31.9363,23.7402,41.194,51.4687,261.2535,1304.3194
0.9309,-1.251,7.4691,7.3818,22.3793,31.9325,23.7407,41.1948,51.4652,261.2538,1304.3193
0.9409,-1.2511,7.4688,7.3807,22.3786,31.9334,23.7373,41.1961,51.4703,261.2564,1304.3248
0.951,-1.2498,7.4673,7.381,22.3832,31.9361,23.7392,41.1943,51.4668,261.2533,1304.3231
0.961,-1.2524,7.4654,7.3834,22.3776,31.9374,23.7411,41.1949,51.4675,261.2555,1304.3164
0.971,-1.2492,7.4658,7.382,22.3821,31.9374,23.7438,41.1901,51.4657,261.2541,1304.3231
0.981,-1.2487,7.4661,7.381,22.3766,31.9345,23.7416,41.1984,51.464,261.2495,1304.3185
0.991,-1.2517,7.4641,7.3827,22.3834,31.9331,23.7401,41.1967,51.4628,261.2556,1304.3232
1.001,-1.2423,7.4669,7.3817,22.3592,31.791,23.7202,41.0559,51.4919,262.0455,1304.5144
1.011,-1.2433,7.4699,7.3824,22.3601,31.7903,23.7186,41.0568,51.4889,262.0492,1304.5088
1.021,-1.2448,7.4671,7.3818,22.3588,31.7945,23.719,41.0548,51.4909,262.0456,1304.513
1.031,-1.2464,7.4702,7.3844,22.3614,31.791,23.7178,41.0543,51.4894,262.0523,1304.5153
1.041,-1.2463,7.4673,7.3856,22.357,31.7926,23.718,41.0611,51.4922,262.0471,1304.5137
1.0511,-1.2456,7.4713,7.3824,22.3568,31.7883,23.7209,41.0543,51.4871,262.0457,1304.5118
1.0611,-1.2433,7.4701,7.3798,22.3603,31.7904,23.7193,41.0602,51.4908,262.0479,1304.5126
1.0711,-1.2436,7.472,7.3862,22.3618,31.7889,23.7176,41.0566,51.4897,262.0441,1304.5124
1.0811,-1.2417,7.4687,7.3854,22.3581,31.7893,23.7218,41.0586,51.4883,262.0457,1304.5152
1.0911,-1.2466,7.467,7.386,22.3568,31.7902,23.721,41.0586,51.4895,262.047,1304.5121
1.1011,-1.2458,7.4695,7.3857,22.3595,31.79,23.7188,41.0562,51.4838,262.0487,1304.5123
1.1111,-1.2462,7.4714,7.3833,22.3607,31.7942,23.7128,41.0548,51.4929,262.0453,1304.5126
1.1211,-1.2449,7.4707,7.3782,22.3595,31.7929,23.7193,41.0595,51.4888,262.0483,1304.5126
1.1311,-1.2441,7.4715,7.382,22.3573,31.7894,23.725,41.0574,51.4917,262.0474,1304.5153
1.1411,-1.2434,7.4674,7.3846,22.3598,31.7883,23.7166,41.0568,51.4909,262.0441,1304.513
1.1512,-1.2427,7.4695,7.3859,22.3619,31.7912,23.7193,41.0583,51.4887,262.05,1304.5127
1.1612,-1.2435,7.4697,7.3811,22.3577,31.7922,23.7195,41.0573,51.4911,262.048,1304.5144
1.1712,-1.2457,7.4653,7.3853,22.3593,31.7913,23.7232,41.0584,51.4903,262.0497,1304.5128
1.1812,-1.2459,7.4616,7.384,22.358,31.7908,23.7218,41.0538,51.4889,262.0484,1304.5148
1.1912,-1.2438,7.4709,7.3815,22.358,31.7916,23.7208,41.0626,51.4882,262.0442,1304.5156
1.2012,-1.2435,7.4707,7.3821,22.3587,31.7886,23.7166,41.0608,51.4914,262.043,1304.513
1.2112,-1.2472,7.4721,7.3838,22.358,31.7905,23.7203,41.059,51.4901,262.0485,1304.5122
1.2212,-1.2443,7.4698,7.3861,22.3609,31.7911,23.7208,41.0575,51.4875,262.047,1304.5157
1.2312,-1.2432,7.4649,7.3816,22.3553,31.7901,23.7195,41.0557,51.4897,262.0473,1304.5148
1.2412,-1.2453,7.4718,7.3845,22.3565,31.7926,23.7204,41.058,51.4881,262.0486,1304.5133
1.2513,-1.1257,7.4954,7.4014,22.0146,29.4869,23.3952,38.8901,51.6629,268.3652,1306.0032
1.2613,-1.1273,7.497,7.4013,22.011,29.4857,23.3925,38.888,51.663,268.367,1306.0003
1.2713,-1.1258,7.4936,7.3995,22.0145,29.4848,23.3959,38.89,51.6645,268.3666,1305.9986
1.2813,-1.1252,7.4952,7.3995,22.0139,29.4885,23.3963,38.8877,51.6636,268.3682,1306.0
1.2913,-1.1295,7.495,7.3999,22.0098,29.4868,23.393,38.8887,51.6652,268.3669,1306.0009
1.3013,-1.1252,7.4932,7.3965,22.012,29.4876,23.3918,38.8901,51.6656,268.3667,1305.9986
1.3113,-1.1274,7.4939,7.4026,22.014,29.4832,23.3942,38.8887,51.6646,268.3657,1305.9998
1.3213,-1.1271,7.4945,7.401,22.0132,29.487,23.3951,38.8939,51.6595,268.3669,1306.0042
1.3313,-1.1285,7.4969,7.401,22.0137,29.4895,23.394,38.8876,51.6654,268.3699,1305.9948
1.3413,-1.128,7.4975,7.4,22.0144,29.491,23.3946,38.8885,51.6667,268.37,1306.002
1.3514,-1.1278,7.4942,7.4052,22.0163,29.4873,23.3943,38.8901,51.6642,268.3668,1305.9971
1.3614,-1.1264,7.4966,7.4027,22.0118,29.4897,23.395,38.8896,51.6622,268.3679,1306.0003
1.3714,-1.1277,7.4955,7.3983,22.0174,29.4871,23.3953,38.8896,51.6633,268.3689,1306.0018
1.3814,-1.1255,7.4975,7.3973,22.0116,29.4885,23.3965,38.8903,51.6621,268.3659,1305.9986
1.3914,-1.1291,7.4911,7.4016,22.0108,29.4848,23.3959,38.8903,51.6617,268.3684,1306.0009
1.4014,-1.1272,7.4973,7.4018,22.0131,29.4895,23.3956,38.8904,51.6664,268.3704,1306.0025
1.4114,-1.1271,7.492,7.4033,22.0158,29.4876,23.3941,38.8917,51.6636,268.3687,1306.0009
1.4214,-1.1268,7.4957,7.4006,22.0107,29.4896,23.3942,38.8909,51.6661,268.3708,1305.9995
1.4314,-1.1272,7.4971,7.4005,22.0089,29.4847,23.3927,38.8913,51.6665,268.367,1305.9994
1.4414,-1.1267,7.4923,7.4024,22.01,29.4865,23.3971,38.8882,51.6656,268.3671,1305.9994
1.4515,-1.1261,7.4955,7.4013,22.0132,29.4844,23.3961,38.8877,51.6659,268.3681,1306.0025
1.4615,-1.1248,7.4961,7.4034,22.011,29.4839,23.398,38.8896,51.6628,268.3652,1306.0013
1.4715,-1.1278,7.495,7.3998,22.0096,29.4875,23.3958,38.8886,51.6674,268.368,1306.0009
1.4815,-1.128,7.4938,7.398,22.0104,29.4864,23.3963,38.8909,51.6677,268.3669,1306.0055
1.4915,-1.1274,7.494,7.3978,22.0147,29.4872,23.3929,38.8894,51.6656,268.3672,1306.003
1.5015,-1.1281,7.4988,7.4033,22.0102,29.4891,23.3925,38.8904,51.6685,268.365,1305.9997
1.5115,-1.1291,7.494,7.3995,22.0101,29.4842,23.3932,38.8857,51.667,268.3675,1306.0053
1.5215,-1.1272,7.4936,7.404,22.0117,29.4858,23.3909,38.8919,51.6642,268.3677,1306.0
1.5315,-1.1268,7.4952,7.403,22.0147,29.4856,23.3976,38.8922,51.663,268.3699,1306.0024
1.5415,-1.1273,7.4958,7.401,22.0144,29.4875,23.3966,38.8894,51.661,268.3621,1306.0001
1.5516,-1.1238,7.4904,7.4009,22.0151,29.4863,23.3929,38.8908,51.6674,268.3634,1305.999
1.5616,-1.1269,7.4984,7.3992,22.014,29.4863,23.3965,38.891,51.6618,268.3666,1306.002
1.5716,-1.1254,7.4943,7.4022,22.0099,29.4895,23.3934,38.8922,51.6637,268.3667,1306.0014
1.5816,-1.124,7.4949,7.3979,22.0132,29.4874,23.3966,38.891,51.6621,268.369,1306.0023
1.5916,-1.1258,7.4974,7.4014,22.0126,29.4868,23.3944,38.8924,51.6637,268.3674,1306.0013
1.6016,-1.1249,7.4952,7.3991,22.0099,29.4837,23.3944,38.8926,51.6648,268.3673,1306.0027
1.6116,-1.1267,7.4956,7.4033,22.0097,29.4902,23.3963,38.889,51.6648,268.3649,1306.0018
1.6216,-1.1254,7.4937,7.4004,22.0131,29.4879,23.3937,38.8888,51.6621,268.3661,1305.9985
1.6316,-1.1265,7.4947,7.4022,22.0128,29.4869,23.3924,38.8896,51.666,268.37,1306.0024
1.6416,-1.1278,7.4974,7.4003,22.0125,29.4874,23.3977,38.8932,51.6633,268.366,1306.0035
1.6517,-1.1288,7.4941,7.4013,22.0139,29.4903,23.3929,38.8869,51.6674,268.3694,1305.9988
1.6617,-1.1282,7.4935,7.4,22.0114,29.4884,23.3934,38.8875,51.6631,268.3687,1305.9982
1.6717,-1.1245,7.493,7.4026,22.0139,29.4863,23.3932,38.891,51.6649,268.3685,1305.9991
1.6817,-1.1319,7.4944,7.4022,22.0141,29.4889,23.392,38.8891,51.6655,268.3667,1305.9978
1.6917,-1.1264,7.4975,7.4023,22.0148,29.4876,23.3945,38.8918,51.6632,268.3687,1306.0015
1.7017,-1.1257,7.4939,7.4028,22.0114,29.4882,23.3939,38.8891,51.6623,268.3686,1305.9977
1.7117,-1.1289,7.4921,7.4014,22.0147,29.4873,23.3971,38.8909,51.6658,268.3678,1306.0029
1.7217,-1.1239,7.4964,7.4033,22.0109,29.4866,23.3951,38.889,51.6634,268.3671,1306.0013
1.7317,-1.1264,7.4953,7.3981,22.0125,29.4865,23.3981,38.8869,51.6638,268.3645,1306.0008
1.7417,-1.1235,7.492,7.3973,22.0124,29.4864,23.3946,38.8937,51.663,268.369,1305.9992
1.7518,-1.1264,7.4941,7.4008,22.0112,29.4881,23.3936,38.8866,51.6664,268.3705,1305.9983
1.7618,-1.1264,7.4951,7.4045,22.0149,29.4849,23.3922,38.8874,51.6615,268.3668,1305.9978
1.7718,-1.124,7.4943,7.3999,22.0124,29.4905,23.3952,38.8901,51.6616,268.3694,1305.9991
1.7818,-1.1286,7.4946,7.4037,22.0152,29.4858,23.3942,38.8952,51.6631,268.3715,1305.9981
1.7918,-1.1246,7.4947,7.3998,22.0106,29.4871,23.3963,38.8889,51.6645,268.3682,1306.001
1.8018,-1.1313,7.4912,7.4005,22.0153,29.4885,23.3944,38.8901,51.6671,268.3685,1306.0018
1.8118,-1.1278,7.4979,7.4011,22.0147,29.4859,23.3936,38.8877,51.6622,268.3651,1306.0017
1.8218,-1.1247,7.4955,7.3974,22.0155,29.4873,23.3964,38.8879,51.6621,268.3675,1306.0034
1.8318,-1.1286,7.4962,7.3995,22.0146,29.4874,23.3922,38.8886,51.6678,268.3682,1306.0
1.8418,-1.1225,7.4947,7.4014,22.0123,29.4898,23.3957,38.8919,51.6647,268.3667,1305.9999
1.8519,-1.1281,7.495,7.4016,22.0141,29.4845,23.3955,38.8907,51.6668,268.3702,1305.9961
1.8619,-1.1257,7.4982,7.3998,22.0121,29.4858,23.3943,38.8884,51.6619,268.3689,1306.0006
1.8719,-1.128,7.4935,7.3995,22.0135,29.4854,23.3968,38.8905,51.6641,268.3666,1306.0012
1.8819,-1.1244,7.4964,7.4,22.0116,29.4887,23.393,38.8893,51.6673,268.3668,1306.0015
1.8919,-1.1276,7.4935,7.4017,22.0139,29.4892,23.3973,38.8879,51.666,268.3683,1306.0044
1.9019,-1.1244,7.4949,7.4011,22.0106,29.4881,23.3956,38.8907,51.6622,268.3692,1305.9994
1.9119,-1.1256,7.4936,7.3999,22.0129,29.4873,23.3972,38.8894,51.6653,268.3675,1305.9979
1.9219,-1.1272,7.495,7.4,22.0123,29.4832,23.3957,38.8912,51.6655,268.3666,1306.001
1.9319,-1.1277,7.493,7.401,22.0151,29.4845,23.3968,38.891,51.6639,268.3684,1305.9976
1.9419,-1.1234,7.4937,7.3994,22.0153,29.4889,23.396,38.892,51.6668,268.3685,1306.0001
1.952,-1.1289,7.4957,7.3989,22.0121,29.4863,23.3964,38.8921,51.6604,268.3726,1305.9968
1.962,-1.1295,7.4913,7.4032,22.0146,29.4851,23.3985,38.8917,51.6655,268.3713,1305.998
1.972,-1.1248,7.4941,7.4021,22.0155,29.4882,23.3932,38.89,51.6685,268.3665,1306.0011
1.982,-1.126,7.4941,7.4032,22.0167,29.4858,23.3948,38.8878,51.6676,268.3667,1306.0017
1.992,-1.1248,7.4963,7.3977,22.0127,29.4796,23.3961,38.8942,51.661,268.3681,1305.9986
2.002,-0.9961,7.5181,7.4183,21.7403,27.6454,23.1345,37.1357,51.7954,273.1472,1307.1256
2.012,-0.9999,7.525,7.4145,21.7384,27.6445,23.1292,37.1326,51.7993,273.1463,1307.1254
2.022,-0.9962,7.5231,7.4159,21.7358,27.6423,23.1289,37.1311,51.7984,273.1529,1307.1272
2.032,-0.9922,7.5196,7.4182,21.7391,27.6424,23.1303,37.1331,51.7952,273.15,1307.1258
2.042,-0.9969,7.5196,7.4177,21.7386,27.6443,23.128,37.1322,51.795,273.1502,1307.1255
2.0521,-0.9964,7.5165,7.4182,21.7359,27.6434,23.1327,37.1322,51.7973,273.1468,1307.1283
2.0621,-0.9995,7.5243,7.4207,21.7342,27.6433,23.1322,37.1328,51.7961,273.1473,1307.1257
2.0721,-0.9993,7.5185,7.4173,21.7387,27.6431,23.1324,37.1319,51.7963,273.1469,1307.1246
2.0821,-0.9979,7.5232,7.4161,21.7375,27.6461,23.1305,37.1339,51.7944,273.1485,1307.1276
2.0921,-0.9972,7.5235,7.4171,21.7387,27.6416,23.1311,37.132,51.7957,273.1478,1307.1251
2.1021,-1.0027,7.5182,7.4153,21.738,27.6436,23.1282,37.1345,51.7975,273.1471,1307.1264
2.1121,-0.9995,7.5212,7.4209,21.7349,27.641,23.1298,37.1351,51.7963,273.1533,1307.1276
2.1221,-0.996,7.52,7.4164,21.7333,27.6407,23.1326,37.1336,51.7971,273.1433,1307.1292
2.1321,-0.9994,7.5209,7.4198,21.7341,27.6429,23.1317,37.1315,51.7975,273.1479,1307.1273
2.1421,-0.9968,7.517,7.4209,21.7348,27.6442,23.1297,37.1348,51.7986,273.1465,1307.1252
2.1522,-1.0033,7.521,7.4132,21.7362,27.6445,23.1274,37.1334,51.7989,273.1487,1307.1268
2.1622,-1.0005,7.5182,7.4168,21.7349,27.64,23.1335,37.1338,51.799,273.151,1307.1257
2.1722,-0.9995,7.5176,7.4161,21.7375,27.6446,23.1274,37.1308,51.8011,273.1481,1307.1259
2.1822,-0.9996,7.5182,7.4189,21.7322,27.6464,23.1335,37.1327,51.7958,273.1494,1307.126
2.1922,-0.9973,7.5188,7.4196,21.7367,27.6462,23.1345,37.1289,51.7988,273.1502,1307.1225
2.2022,-1.0,7.523,7.4173,21.7394,27.644,23.1294,37.1329,51.7959,273.1494,1307.1249
2.2122,-1.0015,7.5187,7.4205,21.734,27.6417,23.1328,37.1327,51.7999,273.1464,1307.1257
2.2222,-0.9983,7.5213,7.4144,21.7364,27.6446,23.1321,37.1347,51.7973,273.1455,1307.1262
2.2322,-1.002,7.5195,7.4175,21.7356,27.6462,23.1343,37.1363,51.7978,273.1485,1307.1227
2.2422,-1.0008,7.5201,7.4139,21.7354,27.645,23.1309,37.1332,51.7981,273.1453,1307.1267
2.2523,-0.7074,7.5726,7.4472,21.1769,23.9292,22.5976,33.5812,52.0362,281.7817,1309.161
2.2623,-0.7075,7.5692,7.4521,21.1818,23.9273,22.5977,33.583,52.0362,281.7872,1309.1578
2.2723,-0.7055,7.5678,7.4507,21.1806,23.9271,22.5972,33.5796,52.0344,281.7841,1309.1533
2.2823,-0.7096,7.5693,7.4495,21.1789,23.9294,22.5998,33.5807,52.0321,281.7888,1309.161
2.2923,-0.7076,7.5726,7.4507,21.1779,23.9272,22.5989,33.5815,52.0341,281.7856,1309.157
2.3023,-0.7054,7.5735,7.4507,21.1788,23.929,22.5992,33.5812,52.0322,281.7905,1309.1552
2.3123,-0.7072,7.5698,7.452,21.1754,23.9299,22.5996,33.5814,52.037,281.7878,1309.1549
2.3223,-0.7074,7.5721,7.4496,21.1795,23.9285,22.5997,33.5832,52.0352,281.7886,1309.1556
2.3323,-0.7071,7.5731,7.4512,21.1791,23.9288,22.595,33.5828,52.0346,281.7884,1309.1563
2.3423,-0.7103,7.575,7.4483,21.1768,23.928,22.5983,33.5804,52.0353,281.7845,1309.1593
2.3524,-0.7067,7.5724,7.4508,21.1764,23.9291,22.5971,33.582,52.0338,281.7853,1309.1564
2.3624,-0.708,7.5717,7.4531,21.178,23.9304,22.5987,33.5817,52.036,281.7861,1309.1556
2.3724,-0.7022,7.5688,7.4486,21.1805,23.9288,22.6016,33.586,52.0351,281.7887,1309.1544
2.3824,-0.7081,7.5715,7.4502,21.1785,23.9311,22.6025,33.5842,52.0344,281.7889,1309.1552
2.3924,-0.7087,7.5696,7.4486,21.1793,23.9306,22.5964,33.5831,52.0332,281.7861,1309.1559
2.4024,-0.7113,7.5683,7.454,21.1773,23.9307,22.5969,33.584,52.0322,281.7891,1309.1582
2.4124,-0.7089,7.569,7.4507,21.1792,23.932,22.5996,33.5805,52.0374,281.7859,1309.1532
2.4224,-0.7097,7.571,7.4514,21.1752,23.9312,22.5999,33.5803,52.0326,281.7859,1309.1557
2.4324,-0.7075,7.5759,7.4497,21.1803,23.928,22.5969,33.5811,52.0386,281.7869,1309.1537
2.4424,-0.7087,7.5719,7.4484,21.1764,23.9295,22.5988,33.5819,52.0334,281.787,1309.1552
2.4525,-0.7089,7.5698,7.4513,21.1793,23.9351,22.6024,33.584,52.029,281.7905,1309.1544
2.4625,-0.7061,7.5708,7.4484,21.177,23.9309,22.5978,33.582,52.0366,281.7831,1309.1604
2.4725,-0.711,7.5693,7.4547,21.1799,23.9273,22.597,33.5852,52.0347,281.7823,1309.1542
2.4825,-0.7093,7.57,7.4477,21.1799,23.93,22.5979,33.5816,52.0303,281.7872,1309.1602
2.4925,-0.7062,7.575,7.4529,21.1783,23.929,22.5988,33.5823,52.0352,281.7881,1309.1549
2.5025,-0.5831,7.5948,7.4669,20.9527,22.4172,22.3861,32.1509,52.1177,284.9215,1309.8889
2.5125,-0.5878,7.5915,7.4644,20.9532,22.4178,22.382,32.1521,52.1156,284.9231,1309.8901
2.5225,-0.5846,7.5951,7.4644,20.952,22.4198,22.3835,32.1478,52.1148,284.9214,1309.892
2.5325,-0.5837,7.5927,7.4667,20.9499,22.417,22.3846,32.1497,52.1157,284.9243,1309.8883
2.5425,-0.5807,7.5929,7.4643,20.9547,22.4172,22.3831,32.1524,52.1185,284.9205,1309.8931
2.5526,-0.5807,7.5912,7.4652,20.9497,22.4187,22.3843,32.1506,52.118,284.9211,1309.8944
2.5626,-0.5845,7.5961,7.4643,20.9504,22.4191,22.386,32.1505,52.1169,284.9228,1309.8902
2.5726,-0.5787,7.5925,7.4634,20.9524,22.4189,22.3787,32.1486,52.1144,284.9214,1309.8941
2.5826,-0.5839,7.5946,7.4647,20.953,22.4171,22.3816,32.1508,52.1168,284.9243,1309.8937
2.5926,-0.5861,7.5899,7.4678,20.9511,22.4162,22.3848,32.1527,52.1178,284.9214,1309.8905
2.6026,-0.5847,7.5922,7.4644,20.9518,22.4177,22.3825,32.1495,52.1149,284.9233,1309.887
2.6126,-0.582,7.5925,7.4633,20.9517,22.4225,22.3806,32.1482,52.1133,284.9238,1309.8928
2.6226,-0.5808,7.5919,7.4665,20.9531,22.4179,22.3835,32.1504,52.1162,284.9178,1309.8913
2.6326,-0.5822,7.5948,7.4616,20.9584,22.4173,22.3851,32.1484,52.1163,284.921,1309.8906
2.6426,-0.5798,7.5933,7.4644,20.9561,22.4198,22.3827,32.148,52.1132,284.922,1309.8924
2.6527,-0.5862,7.5927,7.4647,20.9529,22.4184,22.3843,32.1492,52.1148,284.9239,1309.8907
2.6627,-0.5809,7.5949,7.4647,20.9536,22.415,22.3892,32.153,52.1177,284.9232,1309.8896
2.6727,-0.5857,7.5929,7.4675,20.9544,22.4153,22.3851,32.1551,52.116,284.9185,1309.8936
2.6827,-0.5824,7.5947,7.4629,20.9539,22.4192,22.3834,32.1499,52.1141,284.9213,1309.8923
2.6927,-0.5842,7.593,7.465,20.9542,22.4163,22.3823,32.1527,52.1161,284.9256,1309.8908
2.7027,-0.5817,7.5925,7.4667,20.9531,22.419,22.3857,32.1501,52.1149,284.9253,1309.8896
2.7127,-0.5803,7.5911,7.4642,20.9488,22.4171,22.3849,32.1529,52.1158,284.9193,1309.8922
2.7227,-0.583,7.5944,7.4655,20.9576,22.418,22.3814,32.149,52.1145,284.9204,1309.8916
2.7327,-0.5817,7.5884,7.4652,20.9486,22.418,22.385,32.1509,52.1162,284.9196,1309.8963
2.7427,-0.5836,7.5959,7.4668,20.9503,22.4159,22.3849,32.1506,52.1151,284.9245,1309.8929
2.7528,-0.5291,7.6003,7.4728,20.8612,21.7986,22.2918,31.568,52.1485,286.0771,1310.1641
2.7628,-0.5235,7.602,7.471,20.8619,21.8004,22.2935,31.5701,52.151,286.0789,1310.1625
2.7728,-0.527,7.603,7.4711,20.8615,21.8014,22.2934,31.5729,52.1505,286.0793,1310.1599
2.7828,-0.5293,7.6017,7.4696,20.8609,21.8036,22.2953,31.5708,52.1464,286.0796,1310.1613
2.7928,-0.5239,7.6028,7.4662,20.8614,21.8016,22.2977,31.5674,52.15,286.0743,1310.1626
2.8028,-0.5269,7.6013,7.4696,20.8595,21.8009,22.297,31.5674,52.1491,286.0797,1310.1598
2.8128,-0.5258,7.601,7.4718,20.8621,21.8026,22.2957,31.5694,52.153,286.0783,1310.1612
2.8228,-0.5286,7.6022,7.4706,20.862,21.8031,22.2955,31.5704,52.1478,286.0786,1310.1628
2.8328,-0.5294,7.6045,7.4695,20.8587,21.8018,22.2979,31.5676,52.1504,286.0753,1310.1633
2.8428,-0.527,7.603,7.4728,20.8634,21.7998,22.2953,31.568,52.1465,286.0755,1310.1595
2.8529,-0.5279,7.6054,7.4665,20.86,21.8009,22.2954,31.5668,52.148,286.0782,1310.1615
2.8629,-0.5277,7.6027,7.4685,20.8601,21.8019,22.2984,31.5684,52.1471,286.0732,1310.1615
2.8729,-0.527,7.6053,7.4696,20.8609,21.8006,22.2973,31.5646,52.1501,286.078,1310.1647
2.8829,-0.5284,7.6057,7.4681,20.8625,21.7994,22.2974,31.5712,52.1475,286.0736,1310.1635
2.8929,-0.5279,7.6038,7.4723,20.8579,21.8043,22.2957,31.5717,52.1487,286.0788,1310.1647
2.9029,-0.5278,7.6012,7.4666,20.86,21.8036,22.2954,31.5698,52.1448,286.0785,1310.1581
2.9129,-0.5285,7.6023,7.4751,20.8558,21.8055,22.2969,31.5692,52.1514,286.0786,1310.1607
2.9229,-0.5275,7.6049,7.4714,20.8634,21.8028,22.2945,31.568,52.1455,286.0757,1310.1614
2.9329,-0.5265,7.6049,7.473,20.8605,21.8015,22.2981,31.5653,52.1467,286.0765,1310.1615
2.9429,-0.5284,7.6043,7.4664,20.8609,21.8012,22.2935,31.5703,52.1508,286.0773,1310.1638
2.953,-0.5322,7.6006,7.4689,20.8614,21.8052,22.2948,31.5686,52.1514,286.0788,1310.1618
2.963,-0.5261,7.6036,7.4706,20.8647,21.8022,22.2973,31.5694,52.1468,286.0783,1310.1604
2.973,-0.5308,7.6045,7.4703,20.8621,21.803,22.2932,31.5677,52.1456,286.0795,1310.1623
2.983,-0.5257,7.6044,7.4693,20.8588,21.8068,22.2971,31.5664,52.1489,286.0753,1310.1627
2.993,-0.5269,7.6014,7.47,20.8618,21.8007,22.2988,31.5691,52.1479,286.0729,1310.165
3.003,-0.5093,7.6104,7.4699,20.8317,21.6185,22.2722,31.393,52.1617,286.359,1310.2265
3.013,-0.511,7.6041,7.4721,20.8321,21.6189,22.2658,31.4017,52.1588,286.362,1310.2271
3.023,-0.5126,7.6044,7.4711,20.8289,21.6192,22.2748,31.3964,52.1571,286.3573,1310.229
3.033,-0.5122,7.6069,7.4698,20.8375,21.622,22.2722,31.3967,52.1578,286.3574,1310.2308
3.043,-0.5096,7.6091,7.4739,20.8333,21.6223,22.2691,31.4028,52.158,286.3564,1310.2337
3.0531,-0.5107,7.6052,7.4723,20.8322,21.6174,22.2711,31.3984,52.1563,286.3603,1310.2278
3.0631,-0.5146,7.6057,7.4753,20.8322,21.6204,22.2685,31.3958,52.1575,286.357,1310.2289
3.0731,-0.5109,7.6071,7.4741,20.8348,21.6207,22.2682,31.3965,52.1548,286.3575,1310.2292
3.0831,-0.51,7.6065,7.4693,20.8313,21.6201,22.2687,31.3982,52.1571,286.3582,1310.228
3.0931,-0.5113,7.6106,7.4731,20.8341,21.6237,22.268,31.4019,52.1581,286.3556,1310.2264
3.1031,-0.5117,7.6017,7.4724,20.8338,21.6221,22.2731,31.3968,52.1597,286.354,1310.2257
3.1131,-0.5117,7.6081,7.4721,20.8316,21.6216,22.2704,31.3974,52.1556,286.3512,1310.2315
3.1231,-0.5098,7.6067,7.4747,20.8313,21.6242,22.2731,31.3949,52.1585,286.3534,1310.2289
3.1331,-0.5125,7.6044,7.47,20.8339,21.6197,22.2705,31.3964,52.1576,286.3539,1310.2301
3.1431,-0.5119,7.6022,7.469,20.8325,21.6217,22.2692,31.3984,52.1584,286.3528,1310.226
3.1532,-0.5111,7.6083,7.469,20.8328,21.6219,22.2708,31.3969,52.1566,286.3566,1310.2304
3.1632,-0.5053,7.6048,7.475,20.8273,21.6198,22.2704,31.3984,52.161,286.3521,1310.2263
3.1732,-0.5086,7.6084,7.4724,20.8318,21.6218,22.2712,31.3965,52.1574,286.3574,1310.2259
3.1832,-0.5127,7.6032,7.4731,20.8342,21.6186,22.2717,31.3969,52.1542,286.3552,1310.2305
3.1932,-0.5121,7.606,7.4743,20.8313,21.6207,22.2692,31.3984,52.156,286.3574,1310.228
3.2032,-0.5095,7.6067,7.4734,20.8345,21.6228,22.2726,31.3993,52.1566,286.3566,1310.2285
3.2132,-0.5122,7.6057,7.4715,20.8325,21.6189,22.2737,31.3974,52.1578,286.3582,1310.2285
3.2232,-0.5126,7.6017,7.4749,20.8335,21.6196,22.268,31.3974,52.1551,286.3573,1310.2272
3.2332,-0.5116,7.6096,7.4737,20.8338,21.6214,22.273,31.3988,52.1579,286.3575,1310.2316
3.2432,-0.5102,7.6038,7.4674,20.8328,21.6206,22.269,31.3974,52.1568,286.3549,1310.2275
3.2533,-0.4526,7.617,7.4748,20.744,21.0349,22.1892,30.8722,52.1577,286.89,1310.3495
3.2633,-0.4536,7.6142,7.4796,20.7449,21.0343,22.1938,30.8742,52.1629,286.8875,1310.3502
3.2733,-0.4531,7.6174,7.4782,20.7435,21.0336,22.1916,30.8749,52.1568,286.8907,1310.3514
3.2833,-0.4508,7.6152,7.478,20.7422,21.0355,22.192,30.875,52.1523,286.8912,1310.3514
3.2933,-0.4502,7.6149,7.4756,20.746,21.0329,22.1907,30.875,52.1562,286.8895,1310.3487
3.3033,-0.4514,7.6137,7.4755,20.7439,21.0338,22.1912,30.8765,52.1583,286.8906,1310.3486
3.3133,-0.4542,7.6168,7.4776,20.7462,21.0354,22.1919,30.8761,52.1566,286.8869,1310.3481
3.3233,-0.4537,7.6165,7.479,20.7452,21.0318,22.1896,30.8764,52.1569,286.8907,1310.3534
3.3333,-0.4523,7.6157,7.4747,20.746,21.0334,22.1918,30.8768,52.1548,286.8896,1310.3485
3.3433,-0.4568,7.6176,7.4775,20.7468,21.0337,22.191,30.8714,52.1573,286.8915,1310.3501
3.3534,-0.45,7.618,7.4776,20.7434,21.0338,22.1931,30.8756,52.1581,286.8884,1310.3476
3.3634,-0.4545,7.614,7.4755,20.7442,21.0318,22.1909,30.8731,52.1591,286.8907,1310.3533
3.3734,-0.453,7.6145,7.4795,20.744,21.0346,22.1925,30.8758,52.1553,286.8914,1310.3491
3.3834,-0.4544,7.6149,7.4768,20.7423,21.0321,22.1924,30.8733,52.154,286.8907,1310.3477
3.3934,-0.4496,7.6134,7.478,20.7464,21.0358,22.1874,30.8776,52.1576,286.8895,1310.3518
3.4034,-0.4507,7.6171,7.4772,20.7446,21.0355,22.1933,30.8729,52.1554,286.8901,1310.3509
3.4134,-0.4519,7.6177,7.4803,20.7425,21.0334,22.1936,30.8717,52.1566,286.8889,1310.3505
3.4234,-0.4519,7.6124,7.4754,20.7491,21.0297,22.1897,30.8751,52.1573,286.8899,1310.3504
3.4334,-0.453,7.6155,7.4817,20.7469,21.0337,22.1917,30.8758,52.1549,286.8902,1310.3482
3.4434,-0.4539,7.615,7.4753,20.7483,21.0354,22.1932,30.8717,52.1609,286.8913,1310.3489
3.4535,-0.4543,7.6177,7.4776,20.7429,21.0373,22.1931,30.8742,52.1607,286.8881,1310.3517
3.4635,-0.4535,7.6159,7.478,20.7449,21.034,22.1921,30.8745,52.1577,286.8875,1310.3524
3.4735,-0.4524,7.6125,7.4774,20.747,21.0328,22.1914,30.8779,52.1579,286.8883,1310.3517
3.4835,-0.4541,7.6165,7.4802,20.7458,21.0351,22.1941,30.8744,52.1586,286.8921,1310.3498
3.4935,-0.4548,7.6168,7.4763,20.7415,21.0363,22.1915,30.8703,52.1616,286.8905,1310.3493
3.5035,-0.4148,7.6236,7.481,20.6997,20.7239,22.1485,30.588,52.169,287.1549,1310.41
3.5135,-0.4197,7.6186,7.48,20.6999,20.7168,22.1493,30.5891,52.1706,287.1564,1310.4129
3.5235,-0.4208,7.6198,7.4784,20.6994,20.7207,22.1497,30.5926,52.1718,287.1577,1310.4113
3.5335,-0.4201,7.6206,7.4804,20.6983,20.722,22.1526,30.588,52.1679,287.1623,1310.4139
3.5435,-0.4203,7.6211,7.4828,20.6969,20.7232,22.148,30.5938,52.1645,287.1597,1310.4121
3.5536,-0.4163,7.6177,7.48,20.7006,20.7225,22.153,30.592,52.169,287.157,1310.4125
3.5636,-0.4188,7.6188,7.4825,20.6996,20.7226,22.1478,30.5939,52.1664,287.1571,1310.4142
3.5736,-0.4189,7.6166,7.4833,20.6975,20.7229,22.1471,30.588,52.1724,287.1574,1310.416
3.5836,-0.4186,7.6216,7.4823,20.6987,20.7229,22.1492,30.5925,52.1649,287.159,1310.4091
3.5936,-0.4185,7.6209,7.4822,20.6978,20.7215,22.1499,30.5915,52.1651,287.1579,1310.4093
3.6036,-0.4202,7.6207,7.4821,20.7001,20.7266,22.1486,30.589,52.1707,287.1625,1310.4115
3.6136,-0.4192,7.6207,7.4807,20.6981,20.7244,22.1493,30.5918,52.1682,287.1567,1310.4124
3.6236,-0.4187,7.6232,7.4797,20.698,20.7234,22.148,30.5945,52.1705,287.1571,1310.4111
3.6336,-0.4193,7.6228,7.4821,20.6987,20.7251,22.1501,30.5888,52.168,287.1589,1310.4121
3.6436,-0.4176,7.6224,7.4844,20.6971,20.7226,22.1511,30.5911,52.1677,287.1605,1310.4078
3.6537,-0.4207,7.6207,7.4814,20.6972,20.7209,22.1549,30.595,52.1664,287.156,1310.4095
3.6637,-0.4182,7.6209,7.4816,20.6993,20.7209,22.1523,30.5883,52.1694,287.1578,1310.4101
3.6737,-0.4214,7.6212,7.4821,20.6996,20.7209,22.1497,30.5894,52.1698,287.157,1310.4092
3.6837,-0.4214,7.6221,7.4832,20.6997,20.7248,22.1474,30.5907,52.1633,287.1571,1310.411
3.6937,-0.4221,7.6224,7.4825,20.6992,20.7237,22.1497,30.5904,52.1685,287.1572,1310.4117
3.7037,-0.4207,7.6214,7.4826,20.6984,20.723,22.1527,30.5887,52.1689,287.1592,1310.4109
3.7137,-0.4191,7.6266,7.4826,20.6963,20.7238,22.1494,30.5938,52.17,287.1592,1310.4118
3.7237,-0.42,7.6201,7.4827,20.6938,20.7242,22.1527,30.5913,52.1656,287.1583,1310.4135
3.7337,-0.4182,7.6241,7.4791,20.6973,20.7224,22.1505,30.5919,52.171,287.1601,1310.4108
3.7437,-0.4192,7.6259,7.482,20.6986,20.7254,22.1459,30.5888,52.1678,287.1593,1310.412
3.7538,-0.3223,7.6375,7.4885,20.5713,19.8743,22.0324,29.8073,52.2134,287.634,1310.521
3.7638,-0.3271,7.6367,7.4893,20.5703,19.8724,22.035,29.8077,52.213,287.6354,1310.5142
3.7738,-0.3193,7.6374,7.4938,20.5752,19.8735,22.0316,29.8077,52.2115,287.6345,1310.5171
3.7838,-0.3232,7.6391,7.4913,20.5727,19.875,22.0303,29.8116,52.2119,287.6373,1310.5184
3.7938,-0.323,7.6342,7.4902,20.5714,19.8699,22.0316,29.8086,52.2099,287.6376,1310.5157
3.8038,-0.3196,7.6366,7.4911,20.5727,19.8691,22.0327,29.8049,52.2104,287.635,1310.5195
3.8138,-0.3222,7.6367,7.4883,20.5693,19.875,22.0274,29.8068,52.212,287.6345,1310.5172
3.8238,-0.3258,7.6406,7.4924,20.5713,19.8709,22.0311,29.8079,52.2142,287.6332,1310.5172
3.8338,-0.3254,7.6368,7.4895,20.5668,19.8736,22.0354,29.809,52.2092,287.6299,1310.5179
3.8438,-0.3249,7.6394,7.4886,20.5718,19.873,22.0336,29.8062,52.2122,287.6326,1310.5144
3.8539,-0.3215,7.634,7.4863,20.5682,19.875,22.0349,29.8101,52.2117,287.6293,1310.5147
3.8639,-0.3248,7.6344,7.4908,20.571,19.8701,22.0319,29.8048,52.2097,287.6351,1310.5216
3.8739,-0.3252,7.6362,7.4955,20.5739,19.8704,22.0342,29.8029,52.2121,287.634,1310.5202
3.8839,-0.3261,7.6415,7.4912,20.572,19.8728,22.0356,29.8058,52.214,287.6318,1310.5169
3.8939,-0.3249,7.6369,7.4908,20.5708,19.8709,22.0338,29.8098,52.2101,287.6338,1310.52
3.9039,-0.3235,7.6385,7.4912,20.5695,19.8737,22.0348,29.8077,52.2114,287.6361,1310.5185
3.9139,-0.3222,7.6359,7.4869,20.5705,19.8748,22.0279,29.8093,52.2112,287.6362,1310.5208
3.9239,-0.3198,7.6369,7.492,20.5712,19.8699,22.0284,29.805,52.2109,287.6344,1310.5218
3.9339,-0.3211,7.6337,7.489,20.5693,19.8733,22.0324,29.8068,52.2087,287.6329,1310.5164
3.9439,-0.32,7.6361,7.4862,20.5665,19.8721,22.0346,29.8047,52.2118,287.6338,1310.5174
3.954,-0.3248,7.6374,7.49,20.5711,19.8742,22.0304,29.807,52.2119,287.6316,1310.518
3.964,-0.3181,7.6394,7.4898,20.5701,19.8701,22.0282,29.8055,52.2104,287.631,1310.5194
3.974,-0.323,7.637,7.4872,20.5703,19.8751,22.0297,29.8064,52.2096,287.6324,1310.522
3.984,-0.3193,7.6364,7.4914,20.5686,19.8721,22.0317,29.8068,52.2082,287.6349,1310.5198
3.994,-0.3215,7.6372,7.486,20.5709,19.8698,22.0286,29.8086,52.2118,287.633,1310.5147
4.004,-0.2804,7.644,7.4948,20.5139,19.5057,21.9821,29.4629,52.2134,287.4356,1310.4704
4.014,-0.2763,7.6464,7.4971,20.5174,19.4978,21.9765,29.4696,52.2125,287.4362,1310.4706
4.024,-0.2811,7.6435,7.4917,20.5172,19.5039,21.9807,29.4638,52.2161,287.4353,1310.4727
4.034,-0.2805,7.6412,7.4929,20.5151,19.5013,21.983,29.4652,52.2148,287.4335,1310.4703
4.044,-0.2794,7.644,7.4971,20.5136,19.4993,21.9768,29.4631,52.2118,287.4371,1310.4703
4.0541,-0.2825,7.6421,7.495,20.5156,19.5025,21.9825,29.4673,52.2121,287.4365,1310.471
4.0641,-0.2785,7.6437,7.4935,20.5146,19.5058,21.9832,29.4665,52.212,287.4372,1310.471
4.0741,-0.2828,7.6425,7.4938,20.5169,19.5019,21.9787,29.4648,52.215,287.4388,1310.4721
4.0841,-0.2829,7.6411,7.4946,20.5204,19.5029,21.978,29.4623,52.2112,287.4344,1310.469
4.0941,-0.2791,7.6446,7.4949,20.5159,19.5028,21.982,29.4658,52.2139,287.4338,1310.4726
4.1041,-0.2816,7.6423,7.4966,20.5159,19.5063,21.9795,29.4659,52.2122,287.4397,1310.4732
4.1141,-0.276,7.6428,7.495,20.5154,19.5021,21.9801,29.4615,52.2134,287.4333,1310.4692
4.1241,-0.2833,7.642,7.4906,20.5198,19.5049,21.9781,29.4648,52.2116,287.4363,1310.4701
4.1341,-0.2785,7.6468,7.4956,20.5145,19.504,21.983,29.4653,52.2128,287.4367,1310.4711
4.1441,-0.2814,7.6465,7.4936,20.5118,19.5042,21.9797,29.464,52.2144,287.4388,1310.4734
4.1542,-0.2809,7.645,7.4964,20.5164,19.5019,21.9808,29.4651,52.2166,287.4376,1310.4734
4.1642,-0.2811,7.6412,7.493,20.5129,19.5066,21.9773,29.4662,52.2128,287.4382,1310.4696
4.1742,-0.2833,7.6414,7.4928,20.5151,19.5015,21.9802,29.4646,52.2141,287.4364,1310.4699
4.1842,-0.2813,7.6428,7.4957,20.5174,19.5048,21.9809,29.4637,52.2141,287.4372,1310.4712
4.1942,-0.2811,7.6447,7.4965,20.5115,19.5014,21.9813,29.4674,52.2116,287.435,1310.4711
4.2042,-0.2838,7.6392,7.4926,20.5168,19.5036,21.9831,29.4646,52.2116,287.4375,1310.4684
4.2142,-0.2819,7.6426,7.4927,20.5166,19.5054,21.9827,29.4646,52.2134,287.4401,1310.467
4.2242,-0.2807,7.6436,7.4944,20.5122,19.5041,21.9843,29.4662,52.2111,287.4394,1310.4721
4.2342,-0.2786,7.643,7.4946,20.5131,19.5053,21.9813,29.4641,52.2145,287.4343,1310.4712
4.2442,-0.2794,7.6419,7.4923,20.5151,19.4981,21.9831,29.4673,52.2116,287.4374,1310.4723
4.2543,-0.2503,7.6494,7.498,20.4791,19.251,21.9467,29.2286,52.1669,286.3052,1310.2066
4.2643,-0.2531,7.6498,7.4986,20.4777,19.2507,21.9439,29.2296,52.1704,286.306,1310.2035
4.2743,-0.2481,7.65,7.498,20.4776,19.2492,21.9453,29.2286,52.1717,286.3062,1310.205
4.2843,-0.2466,7.6499,7.4991,20.4775,19.2524,21.9457,29.2336,52.1695,286.3053,1310.2044
4.2943,-0.2483,7.6507,7.5009,20.4769,19.248,21.9421,29.2285,52.1669,286.3084,1310.2051
4.3043,-0.249,7.6477,7.4963,20.4751,19.2497,21.9454,29.2273,52.1672,286.3063,1310.2022
4.3143,-0.248,7.647,7.4972,20.4761,19.2483,21.9453,29.2262,52.1679,286.3075,1310.2056
4.3243,-0.2513,7.6466,7.4951,20.4761,19.2521,21.9436,29.2259,52.1716,286.3114,1310.2075
4.3343,-0.2472,7.6529,7.4939,20.4774,19.2507,21.9453,29.2262,52.172,286.3067,1310.2052
4.3443,-0.2495,7.6481,7.498,20.4774,19.2522,21.9444,29.2295,52.1692,286.305,1310.2064
4.3544,-0.2498,7.6482,7.4941,20.4792,19.2464,21.9452,29.2281,52.1676,286.3063,1310.2035
4.3644,-0.2433,7.6468,7.4982,20.4749,19.2481,21.9465,29.2305,52.1715,286.3053,1310.2073
4.3744,-0.2484,7.6473,7.4934,20.4771,19.2477,21.946,29.2293,52.1693,286.3076,1310.2048
4.3844,-0.2467,7.6478,7.4983,20.4781,19.2463,21.9449,29.2253,52.1689,286.3057,1310.2026
4.3944,-0.2473,7.6475,7.4961,20.479,19.2527,21.9451,29.2249,52.1715,286.3077,1310.2042
4.4044,-0.2465,7.6478,7.4955,20.4778,19.2485,21.9439,29.2309,52.17,286.3061,1310.2032
4.4144,-0.2514,7.6511,7.4968,20.4784,19.2496,21.9448,29.2302,52.1704,286.3089,1310.2046
4.4244,-0.248,7.6513,7.5026,20.4766,19.2513,21.9469,29.2249,52.1706,286.3074,1310.2015
4.4344,-0.2471,7.6504,7.4999,20.4779,19.2447,21.9445,29.2294,52.1737,286.3084,1310.2064
4.4444,-0.2524,7.6518,7.4981,20.4748,19.2522,21.9444,29.2261,52.1671,286.3077,1310.2082
4.4545,-0.2486,7.6501,7.499,20.4757,19.2541,21.9441,29.2318,52.1708,286.3051,1310.2042
4.4645,-0.2489,7.647,7.4953,20.4756,19.2523,21.9426,29.2283,52.1674,286.3071,1310.2055
4.4745,-0.249,7.6471,7.4973,20.4778,19.2494,21.9498,29.2267,52.1732,286.303,1310.2043
4.4845,-0.2502,7.6474,7.4991,20.4786,19.2483,21.9471,29.2246,52.1692,286.3064,1310.2051
4.4945,-0.2493,7.6468,7.4945,20.4784,19.2517,21.9458,29.2282,52.1725,286.3069,1310.2033
4.5045,-0.2065,7.6596,7.5008,20.4273,18.9034,21.8994,28.9097,52.1615,286.2854,1310.1951
4.5145,-0.2048,7.6565,7.5004,20.4266,18.9003,21.9019,28.91,52.1662,286.2841,1310.1968
4.5245,-0.2054,7.6591,7.5012,20.4252,18.9029,21.8977,28.9137,52.1651,286.2851,1310.198
4.5345,-0.2073,7.655,7.501,20.4232,18.9015,21.8959,28.9113,52.1563,286.2891,1310.1997
4.5445,-0.204,7.6575,7.503,20.4209,18.9019,21.8979,28.9118,52.1618,286.2881,1310.202
4.5546,-0.2055,7.6551,7.5012,20.4284,18.9042,21.8964,28.9094,52.165,286.2878,1310.2003
4.5646,-0.2076,7.6547,7.5034,20.4228,18.9013,21.8951,28.9078,52.1621,286.2881,1310.1954
4.5746,-0.2035,7.6571,7.5046,20.4293,18.901,21.8973,28.9112,52.1612,286.2855,1310.1991
4.5846,-0.2017,7.6571,7.5005,20.4244,18.902,21.8991,28.9137,52.1626,286.2867,1310.2018
4.5946,-0.2049,7.6564,7.5037,20.4238,18.9025,21.8975,28.9122,52.1594,286.2826,1310.1988
4.6046,-0.205,7.653,7.5032,20.4244,18.9035,21.9008,28.9121,52.1621,286.2878,1310.1968
4.6146,-0.2071,7.6561,7.4994,20.4226,18.9029,21.9007,28.9092,52.1609,286.2851,1310.2014
4.6246,-0.2016,7.6566,7.4979,20.4256,18.9049,21.899,28.9114,52.1649,286.2854,1310.1979
4.6346,-0.2041,7.6544,7.5022,20.4251,18.9031,21.8997,28.9128,52.1626,286.2867,1310.1993
4.6446,-0.2027,7.6545,7.5033,20.4273,18.9031,21.8963,28.9121,52.1623,286.2883,1310.1984
4.6547,-0.2022,7.6573,7.503,20.428,18.9026,21.8982,28.9087,52.1593,286.284,1310.1966
4.6647,-0.204,7.6565,7.4998,20.4238,18.9031,21.8983,28.9098,52.1622,286.285,1310.1999
4.6747,-0.2074,7.6541,7.4976,20.4241,18.9055,21.8946,28.9119,52.1619,286.2858,1310.1997
4.6847,-0.2038,7.6564,7.501,20.4264,18.9002,21.8969,28.9164,52.1593,286.2852,1310.1997
4.6947,-0.2022,7.6569,7.5025,20.4253,18.9016,21.8944,28.913,52.1583,286.2861,1310.1973
4.7047,-0.2066,7.6535,7.5017,20.4237,18.9026,21.8953,28.9092,52.1659,286.2864,1310.1968
4.7147,-0.2069,7.6572,7.4985,20.4253,18.9006,21.8989,28.9079,52.1582,286.286,1310.199
4.7247,-0.2061,7.6554,7.5056,20.4243,18.9022,21.8947,28.9108,52.162,286.2853,1310.1991
4.7347,-0.2028,7.6537,7.5009,20.4259,18.9007,21.8976,28.9115,52.1628,286.2892,1310.1997
4.7447,-0.2083,7.6577,7.5008,20.4256,18.9022,21.8959,28.9129,52.1636,286.2887,1310.1981
4.7548,-0.0601,7.6785,7.5121,20.2603,17.7871,21.7466,27.9008,52.1995,287.8719,1310.5645
4.7648,-0.0602,7.6781,7.5146,20.2603,17.7859,21.748,27.8996,52.2001,287.8725,1310.5656
4.7748,-0.0656,7.6786,7.5129,20.2591,17.7861,21.7475,27.8999,52.2037,287.8692,1310.5632
4.7848,-0.0624,7.6781,7.5133,20.2582,17.784,21.7485,27.9035,52.1983,287.8678,1310.5674
4.7948,-0.0592,7.6756,7.5111,20.2553,17.7889,21.7463,27.8995,52.1978,287.8696,1310.5654
4.8048,-0.0614,7.6775,7.5135,20.2578,17.7868,21.7442,27.8978,52.1992,287.87,1310.5676
4.8148,-0.0632,7.6727,7.5127,20.2563,17.7872,21.7478,27.9047,52.2003,287.8702,1310.5725
4.8248,-0.0633,7.6799,7.5134,20.258,17.7893,21.7444,27.9042,52.198,287.8717,1310.5671
4.8348,-0.0618,7.6759,7.5108,20.2583,17.7886,21.7481,27.8993,52.1991,287.8703,1310.5662
4.8448,-0.0632,7.6768,7.5149,20.2549,17.7893,21.7424,27.9002,52.1991,287.8679,1310.5659
4.8549,-0.0618,7.6785,7.5156,20.2606,17.7887,21.7476,27.904,52.1996,287.8676,1310.5656
4.8649,-0.0629,7.6798,7.513,20.2577,17.7906,21.7464,27.8986,52.1972,287.8711,1310.5674
4.8749,-0.0603,7.677,7.513,20.2605,17.7871,21.7459,27.9046,52.2004,287.87,1310.566
4.8849,-0.0655,7.6771,7.5132,20.2599,17.7876,21.7406,27.9011,52.2008,287.8699,1310.5689
4.8949,-0.0654,7.6752,7.5135,20.2627,17.7878,21.747,27.9021,52.1987,287.8698,1310.5649
4.9049,-0.0622,7.6787,7.5154,20.2579,17.7865,21.7439,27.8986,52.1975,287.8703,1310.5665
4.9149,-0.0621,7.678,7.5122,20.261,17.7873,21.7467,27.9035,52.2021,287.8656,1310.5682
4.9249,-0.0625,7.6792,7.5136,20.2561,17.7855,21.7449,27.9016,52.1999,287.8725,1310.5654
4.9349,-0.0601,7.6746,7.5111,20.2601,17.7885,21.7473,27.8988,52.2016,287.8709,1310.5627
4.9449,-0.0617,7.6788,7.5145,20.2583,17.7875,21.7439,27.8974,52.2005,287.8667,1310.568
4.955,-0.0619,7.6757,7.515,20.2619,17.7909,21.7456,27.9004,52.2003,287.872,1310.5639
4.965,-0.0611,7.6779,7.5096,20.2597,17.7863,21.7438,27.9015,52.2011,287.8726,1310.5629
4.975,-0.06,7.6761,7.5139,20.2556,17.7844,21.7492,27.9051,52.2018,287.8724,1310.5648
4.985,-0.0573,7.6807,7.5133,20.2589,17.7905,21.7429,27.9021,52.1967,287.8732,1310.5674
4.995,-0.0612,7.6802,7.5124,20.2528,17.7894,21.7493,27.899,52.2029,287.8711,1310.568
5.005,-0.0605,7.6794,7.5117,20.2533,17.759,21.7423,27.8775,52.2009,287.8856,1310.5672
5.015,-0.0578,7.6792,7.51,20.2499,17.7586,21.7433,27.8776,52.1963,287.883,1310.5708
5.025,-0.0589,7.6795,7.5142,20.2582,17.7607,21.7425,27.8757,52.1979,287.8878,1310.5677
5.035,-0.0571,7.6792,7.5115,20.2562,17.7638,21.7423,27.8787,52.1982,287.8875,1310.5689
5.045,-0.0604,7.682,7.5129,20.2526,17.7558,21.741,27.8741,52.1998,287.8877,1310.565
5.0551,-0.0584,7.6803,7.5123,20.2536,17.7569,21.7443,27.8771,52.2011,287.8859,1310.5668
5.0651,-0.0581,7.6786,7.5149,20.2551,17.7631,21.7449,27.8744,52.204,287.8889,1310.5695
5.0751,-0.0576,7.676,7.5156,20.2566,17.7577,21.7396,27.8764,52.1988,287.8825,1310.57
5.0851,-0.058,7.6772,7.5129,20.2518,17.7599,21.7395,27.8778,52.1983,287.8836,1310.5681
5.0951,-0.0554,7.6799,7.5158,20.2543,17.7582,21.7452,27.8774,52.1987,287.8878,1310.5682
5.1051,-0.0571,7.6801,7.5151,20.2512,17.7584,21.7427,27.8758,52.2014,287.8885,1310.5705
5.1151,-0.0578,7.6793,7.5125,20.2511,17.7577,21.7421,27.8749,52.1954,287.8858,1310.5671
5.1251,-0.0555,7.6793,7.5164,20.2545,17.7612,21.7406,27.8774,52.1986,287.8854,1310.5688
5.1351,-0.0593,7.6795,7.5145,20.2538,17.7573,21.7434,27.878,52.197,287.8851,1310.5695
5.1451,-0.0579,7.6783,7.5143,20.2559,17.7589,21.742,27.8766,52.2014,287.8863,1310.5678
5.1552,-0.0571,7.6794,7.5172,20.2532,17.764,21.7396,27.8787,52.1991,287.8831,1310.573
5.1652,-0.0574,7.6729,7.5139,20.2523,17.7613,21.742,27.8781,52.1986,287.8845,1310.569
5.1752,-0.0592,7.6774,7.5158,20.2554,17.7603,21.7427,27.8772,52.1978,287.8874,1310.5722
5.1852,-0.0552,7.6785,7.5182,20.2536,17.754,21.7415,27.876,52.2045,287.8858,1310.5681
5.1952,-0.0594,7.675,7.5145,20.252,17.7602,21.7412,27.8748,52.1982,287.8829,1310.5694
5.2052,-0.0613,7.6772,7.516,20.2537,17.7571,21.745,27.8799,52.1993,287.8845,1310.5703
5.2152,-0.0578,7.678,7.5126,20.2546,17.76,21.7409,27.8786,52.1978,287.8845,1310.571
5.2252,-0.0586,7.6774,7.5151,20.2509,17.7629,21.7454,27.8748,52.2018,287.882,1310.5705
5.2352,-0.0567,7.6805,7.5144,20.2529,17.7589,21.7411,27.8763,52.2004,287.8846,1310.5681
5.2452,-0.0617,7.681,7.5135,20.2553,17.7575,21.7431,27.8738,52.198,287.8829,1310.5691
5.2553,-0.0319,7.6848,7.5178,20.2253,17.5523,21.7166,27.6981,52.2108,288.2107,1310.6448
5.2653,-0.0315,7.6846,7.5164,20.2223,17.5573,21.7141,27.6999,52.2083,288.212,1310.6482
5.2753,-0.0315,7.6832,7.5181,20.2238,17.5538,21.7167,27.7009,52.2068,288.2129,1310.6474
5.2853,-0.0339,7.6845,7.5167,20.2237,17.5519,21.7145,27.6984,52.211,288.2123,1310.6427
5.2953,-0.0348,7.6827,7.5167,20.2241,17.554,21.713,27.6992,52.2074,288.2152,1310.643
5.3053,-0.0306,7.6829,7.5139,20.2229,17.558,21.7189,27.7002,52.2085,288.2095,1310.6455
5.3153,-0.0322,7.6835,7.515,20.2211,17.549,21.7169,27.6936,52.2079,288.2149,1310.6507
5.3253,-0.0311,7.6855,7.5113,20.2276,17.5549,21.7195,27.6977,52.2088,288.212,1310.6403
5.3353,-0.0298,7.6818,7.517,20.2213,17.5547,21.7132,27.6994,52.207,288.2116,1310.6436
5.3453,-0.0363,7.6834,7.5186,20.2245,17.5538,21.7143,27.6969,52.2085,288.2147,1310.6431
5.3554,-0.0326,7.6844,7.5141,20.2195,17.5531,21.7157,27.6964,52.2108,288.2119,1310.6489
5.3654,-0.0345,7.682,7.518,20.2223,17.556,21.7167,27.6997,52.2077,288.2124,1310.6476
5.3754,-0.0333,7.6826,7.5177,20.2225,17.5549,21.7179,27.7007,52.2066,288.2148,1310.643
5.3854,-0.0321,7.6861,7.5158,20.2218,17.5548,21.7186,27.6976,52.2082,288.2152,1310.6461
5.3954,-0.0301,7.6827,7.5171,20.2219,17.5522,21.7131,27.6955,52.208,288.214,1310.6457
5.4054,-0.0338,7.6853,7.5117,20.2217,17.552,21.7109,27.6999,52.2073,288.2164,1310.6497
5.4154,-0.0323,7.6857,7.5163,20.2204,17.5534,21.7164,27.6981,52.2055,288.2127,1310.6489
5.4254,-0.0348,7.6843,7.5171,20.2267,17.5538,21.7145,27.699,52.2081,288.213,1310.6475
5.4354,-0.0313,7.6808,7.5173,20.2229,17.5566,21.7199,27.6984,52.2077,288.2125,1310.6491
5.4454,-0.034,7.682,7.5189,20.2219,17.5546,21.7141,27.7007,52.2076,288.2127,1310.6455
5.4555,-0.0348,7.6791,7.5158,20.2247,17.5537,21.7134,27.6966,52.2076,288.2142,1310.6451
5.4655,-0.0359,7.6827,7.5159,20.2239,17.5567,21.7129,27.6965,52.2083,288.213,1310.649
5.4755,-0.0338,7.6832,7.5154,20.2214,17.5539,21.7169,27.695,52.2102,288.2145,1310.6436
5.4855,-0.0294,7.6822,7.5177,20.2252,17.5538,21.7174,27.6988,52.2085,288.2196,1310.6409
5.4955,-0.0342,7.6822,7.5155,20.222,17.5534,21.7146,27.6993,52.2065,288.212,1310.643
5.5055,0.0312,7.6921,7.5218,20.1478,17.0289,21.6528,27.2804,52.2311,289.193,1310.8774
5.5155,0.0325,7.6951,7.5209,20.1435,17.0309,21.653,27.2834,52.2352,289.1905,1310.8825
5.5255,0.0342,7.6944,7.5185,20.1418,17.0306,21.6519,27.2836,52.2352,289.1871,1310.8779
5.5355,0.0313,7.6983,7.5207,20.1421,17.0349,21.6538,27.2828,52.2329,289.1873,1310.879
5.5455,0.0295,7.6948,7.5215,20.143,17.0317,21.6515,27.2855,52.2338,289.189,1310.88
5.5556,0.0328,7.6947,7.5198,20.1479,17.031,21.651,27.2803,52.2373,289.1857,1310.8806
5.5656,0.0284,7.6942,7.5243,20.1429,17.0314,21.6556,27.2849,52.2364,289.1883,1310.8801
5.5756,0.0369,7.6916,7.5206,20.1432,17.0326,21.6545,27.2873,52.2287,289.1891,1310.8771
5.5856,0.0322,7.6934,7.5209,20.1433,17.0334,21.6518,27.2829,52.2304,289.1921,1310.8835
5.5956,0.0285,7.6915,7.5206,20.1452,17.0323,21.6535,27.2842,52.2339,289.1891,1310.8827
5.6056,0.0268,7.696,7.5186,20.1487,17.0324,21.6505,27.2804,52.234,289.19,1310.8789
5.6156,0.0297,7.693,7.5214,20.1419,17.0284,21.6516,27.2807,52.2341,289.1881,1310.8806
5.6256,0.0296,7.6972,7.5259,20.1431,17.0317,21.6526,27.281,52.2332,289.1894,1310.8772
5.6356,0.0319,7.6896,7.5238,20.1494,17.0333,21.6528,27.2801,52.2347,289.1896,1310.8824
5.6456,0.0289,7.6959,7.5193,20.1424,17.0322,21.6525,27.282,52.2355,289.1934,1310.882
5.6557,0.0283,7.698,7.5208,20.1466,17.0301,21.6547,27.2841,52.2357,289.1921,1310.8784
5.6657,0.0309,7.6963,7.5246,20.1422,17.0319,21.6498,27.2854,52.2334,289.1881,1310.8802
5.6757,0.0302,7.6935,7.5183,20.1415,17.0307,21.6513,27.2793,52.2337,289.1898,1310.8809
5.6857,0.0316,7.6956,7.5213,20.1443,17.0289,21.654,27.2877,52.2319,289.1878,1310.8818
5.6957,0.0321,7.6932,7.5195,20.1447,17.0326,21.65,27.2817,52.2355,289.1847,1310.879
5.7057,0.0322,7.694,7.5213,20.1458,17.0314,21.6535,27.2803,52.2367,289.1913,1310.8837
5.7157,0.032,7.6951,7.5241,20.1466,17.0332,21.6544,27.2825,52.2331,289.1905,1310.8795
5.7257,0.0282,7.6931,7.5231,20.1451,17.0336,21.6539,27.28,52.2302,289.1893,1310.8789
5.7357,0.0354,7.6932,7.5198,20.1423,17.0267,21.6544,27.2842,52.2359,289.1902,1310.8757
5.7457,0.0366,7.6935,7.5226,20.1457,17.0327,21.6516,27.2819,52.2349,289.1871,1310.882
5.7558,0.0422,7.7015,7.5195,20.1311,16.9364,21.642,27.2027,52.2401,289.3347,1310.9114
5.7658,0.0467,7.6979,7.5216,20.1292,16.9429,21.6419,27.2025,52.2359,289.3339,1310.915
5.7758,0.0459,7.6988,7.524,20.1304,16.9411,21.6451,27.2043,52.2378,289.3327,1310.9174
5.7858,0.0448,7.6955,7.5213,20.1298,16.9396,21.6404,27.1999,52.2384,289.33,1310.9133
5.7958,0.0402,7.6974,7.5219,20.1293,16.9419,21.6424,27.2012,52.2411,289.3319,1310.9121
5.8058,0.0458,7.6965,7.5212,20.1317,16.9406,21.6447,27.2013,52.2398,289.3346,1310.916
5.8158,0.0411,7.6968,7.5243,20.1317,16.9441,21.6383,27.202,52.2338,289.3331,1310.9145
5.8258,0.0422,7.6947,7.5223,20.127,16.94,21.6413,27.201,52.2402,289.3325,1310.9109
5.8358,0.0456,7.691,7.5235,20.1294,16.9367,21.6421,27.2002,52.2374,289.3307,1310.9125
5.8458,0.041,7.6967,7.5193,20.1285,16.9421,21.6419,27.2028,52.2339,289.3326,1310.9173
5.8559,0.0439,7.6985,7.5207,20.1293,16.9387,21.6415,27.2003,52.2369,289.3313,1310.9139
5.8659,0.044,7.6967,7.524,20.1261,16.9415,21.6435,27.2018,52.2347,289.3361,1310.9146
5.8759,0.0432,7.6979,7.5222,20.1336,16.941,21.6436,27.2003,52.2378,289.333,1310.9116
5.8859,0.0442,7.6967,7.523,20.1318,16.9396,21.6399,27.1979,52.2384,289.3352,1310.916
5.8959,0.0404,7.697,7.5192,20.1258,16.9379,21.6397,27.2023,52.2402,289.3303,1310.9114
5.9059,0.0427,7.6938,7.5239,20.1297,16.9435,21.6395,27.2004,52.2423,289.3306,1310.9105
5.9159,0.0438,7.6951,7.5212,20.1321,16.9383,21.6425,27.2003,52.2421,289.3356,1310.9101
5.9259,0.043,7.7013,7.5216,20.1299,16.9401,21.6411,27.2005,52.2408,289.3324,1310.9102
5.9359,0.0471,7.6964,7.5223,20.1292,16.943,21.6406,27.204,52.2417,289.331,1310.9135
5.9459,0.0424,7.6972,7.5228,20.1304,16.9404,21.6423,27.2016,52.2369,289.3366,1310.9154
5.956,0.042,7.6993,7.5213,20.1311,16.9383,21.6433,27.2022,52.2375,289.3376,1310.9163
5.966,0.0416,7.6961,7.522,20.1295,16.9442,21.6391,27.2065,52.2413,289.3286,1310.9139
5.976,0.044,7.6984,7.5244,20.1347,16.9416,21.6378,27.1995,52.2392,289.3335,1310.9125
5.986,0.0455,7.6958,7.524,20.1301,16.9457,21.641,27.2015,52.2368,289.3333,1310.913
5.996,0.043,7.6952,7.5209,20.1328,16.9442,21.6401,27.2015,52.2425,289.3325,1310.9132
6.006,0.0843,7.7052,7.5235,20.0861,16.6543,21.6007,26.9514,52.2644,289.8054,1311.0223
6.016,0.0793,7.7059,7.5252,20.0889,16.6503,21.6031,26.9552,52.266,289.8008,1311.0235
6.026,0.0835,7.7019,7.5224,20.0895,16.6552,21.6033,26.9498,52.2628,289.8038,1311.0242
6.036,0.0797,7.7047,7.5222,20.0862,16.6532,21.6018,26.9512,52.263,289.8016,1311.0163
6.046,0.0847,7.7022,7.5236,20.0878,16.6554,21.6033,26.9531,52.2684,289.8052,1311.0217
6.0561,0.0797,7.7046,7.5223,20.09,16.6527,21.6054,26.9523,52.2673,289.8084,1311.0201
6.0661,0.0847,7.703,7.5247,20.087,16.6512,21.608,26.9503,52.2622,289.8055,1311.0183
6.0761,0.0816,7.7051,7.5238,20.086,16.6531,21.6006,26.9538,52.2673,289.8047,1311.023
6.0861,0.0845,7.7026,7.5291,20.0924,16.6529,21.6049,26.9549,52.2702,289.8015,1311.0216
6.0961,0.0822,7.7015,7.5232,20.0901,16.6519,21.6044,26.9542,52.2658,289.8022,1311.0203
6.1061,0.0869,7.7015,7.5272,20.087,16.6519,21.6013,26.9527,52.265,289.8047,1311.0254
6.1161,0.0806,7.7013,7.5261,20.0833,16.6504,21.6061,26.9541,52.266,289.8064,1311.024
6.1261,0.083,7.7054,7.5249,20.087,16.6554,21.6046,26.9515,52.2687,289.8062,1311.0231
6.1361,0.0853,7.7053,7.5274,20.0906,16.6528,21.6055,26.9505,52.2659,289.8072,1311.0232
6.1461,0.0809,7.7053,7.5254,20.085,16.6495,21.6047,26.9525,52.2646,289.8046,1311.0215
6.1562,0.0847,7.6997,7.525,20.0878,16.6537,21.6039,26.9514,52.2665,289.7967,1311.0227
6.1662,0.0817,7.7043,7.5242,20.0884,16.6545,21.6023,26.9509,52.262,289.8065,1311.023
6.1762,0.0839,7.7053,7.5238,20.0863,16.653,21.6015,26.9526,52.268,289.8051,1311.0207
6.1862,0.0857,7.7004,7.5261,20.0891,16.6507,21.6064,26.9553,52.2666,289.8051,1311.0247
6.1962,0.0791,7.7014,7.5271,20.0873,16.6548,21.5999,26.9518,52.2636,289.8026,1311.0238
6.2062,0.082,7.7033,7.5274,20.0886,16.6555,21.6057,26.9519,52.2684,289.803,1311.0211
6.2162,0.0805,7.7008,7.525,20.0868,16.6515,21.6052,26.9546,52.2648,289.8062,1311.0223
6.2262,0.0807,7.704,7.5247,20.0844,16.6517,21.6013,26.9544,52.2609,289.8041,1311.0256
6.2362,0.0833,7.7008,7.5246,20.0875,16.655,21.6009,26.955,52.2631,289.807,1311.0204
6.2462,0.0805,7.7006,7.5241,20.0869,16.648,21.6045,26.9461,52.2689,289.8046,1311.0227
6.2563,0.1013,7.7102,7.5268,20.0699,16.5181,21.5853,26.834,52.2715,290.0368,1311.0745
6.2663,0.1035,7.7068,7.5285,20.071,16.5179,21.5842,26.8285,52.274,290.036,1311.0755
6.2763,0.103,7.705,7.5294,20.0641,16.5203,21.5857,26.8311,52.2737,290.0329,1311.0716
6.2863,0.1011,7.7036,7.5278,20.0629,16.5191,21.5874,26.8317,52.2713,290.0382,1311.076
6.2963,0.0978,7.7023,7.5281,20.0685,16.5191,21.5866,26.8319,52.2732,290.0337,1311.0733
6.3063,0.0999,7.7024,7.5263,20.0669,16.5201,21.5888,26.8296,52.275,290.0377,1311.0752
6.3163,0.1011,7.7045,7.5274,20.0688,16.519,21.5844,26.8316,52.2734,290.0357,1311.0721
6.3263,0.103,7.7005,7.5273,20.0656,16.5169,21.5862,26.8297,52.2711,290.0363,1311.0738
6.3363,0.1036,7.7089,7.5272,20.0688,16.5182,21.5862,26.8294,52.2726,290.0343,1311.0774
6.3463,0.1035,7.7069,7.5268,20.067,16.52,21.5862,26.8327,52.2729,290.037,1311.0759
6.3564,0.103,7.7058,7.5249,20.0671,16.5154,21.5848,26.8341,52.2724,290.0345,1311.0761
6.3664,0.1024,7.7047,7.5276,20.0689,16.5189,21.5819,26.8349,52.2741,290.0356,1311.0755
6.3764,0.1015,7.7042,7.5262,20.0664,16.5177,21.586,26.8313,52.2723,290.0375,1311.0766
6.3864,0.0987,7.705,7.5273,20.0685,16.5175,21.5823,26.8304,52.275,290.0357,1311.0779
6.3964,0.1028,7.7052,7.5316,20.0637,16.5172,21.5821,26.8358,52.2703,290.0351,1311.0771
6.4064,0.1,7.7085,7.5299,20.0698,16.5212,21.5882,26.8322,52.2753,290.0375,1311.0747
6.4164,0.1001,7.7021,7.5263,20.0687,16.5195,21.5871,26.8343,52.2729,290.0332,1311.0753
6.4264,0.1033,7.7066,7.526,20.0653,16.5172,21.5845,26.8298,52.2723,290.0355,1311.0747
6.4364,0.1008,7.7035,7.5246,20.0666,16.5164,21.5824,26.8344,52.2737,290.036,1311.0723
6.4464,0.1027,7.7045,7.53,20.0672,16.5169,21.5881,26.8324,52.2699,290.0338,1311.0737
6.4565,0.1009,7.7104,7.5277,20.0694,16.5183,21.5864,26.8327,52.273,290.031,1311.0746
6.4665,0.1034,7.7066,7.5283,20.0693,16.519,21.5861,26.8347,52.2714,290.0365,1311.0741
6.4765,0.1,7.7122,7.5264,20.0653,16.5196,21.5897,26.8344,52.2731,290.0352,1311.0766
6.4865,0.1018,7.7075,7.5271,20.0675,16.5173,21.5846,26.8354,52.2742,290.0377,1311.0754
6.4965,0.1037,7.7045,7.527,20.0678,16.5196,21.5869,26.831,52.2747,290.0367,1311.0766
6.5065,0.1386,7.712,7.5259,20.0384,16.2908,21.5542,26.6095,52.3109,290.4069,1311.1552
6.5165,0.1392,7.7123,7.5264,20.0346,16.2915,21.5511,26.6075,52.3148,290.4108,1311.1525
6.5265,0.1385,7.7112,7.5277,20.0337,16.2934,21.5525,26.6071,52.3146,290.4113,1311.1513
6.5365,0.1396,7.7071,7.5292,20.0342,16.2896,21.5534,26.6069,52.3172,290.4089,1311.1541
6.5465,0.1374,7.7119,7.5299,20.0313,16.2907,21.5512,26.6102,52.3094,290.4056,1311.1521
6.5566,0.1385,7.7123,7.5286,20.0313,16.2912,21.5498,26.6118,52.3141,290.408,1311.1554
6.5666,0.1378,7.7148,7.5337,20.0314,16.2907,21.549,26.6094,52.3106,290.4087,1311.1516
6.5766,0.1384,7.7107,7.5278,20.0325,16.2859,21.5533,26.6113,52.3166,290.4077,1311.1519
6.5866,0.141,7.7114,7.5341,20.036,16.2895,21.5516,26.609,52.3128,290.4073,1311.1528
6.5966,0.1376,7.7124,7.5293,20.0303,16.2919,21.5518,26.6088,52.3112,290.4023,1311.1532
6.6066,0.1376,7.7149,7.5302,20.0327,16.2922,21.5529,26.6088,52.3112,290.4099,1311.1523
6.6166,0.138,7.7152,7.5246,20.032,16.2946,21.5557,26.6067,52.3134,290.4058,1311.1547
6.6266,0.1365,7.7093,7.5317,20.0366,16.2906,21.5519,26.6072,52.3111,290.4103,1311.1551
6.6366,0.1373,7.7123,7.53,20.0294,16.2939,21.555,26.6091,52.316,290.4092,1311.1567
6.6466,0.1415,7.712,7.5272,20.0358,16.2905,21.5526,26.6079,52.3128,290.4061,1311.1544
6.6567,0.1394,7.7128,7.5281,20.0344,16.2878,21.5474,26.6109,52.3128,290.4104,1311.1543
6.6667,0.1372,7.7144,7.5318,20.0341,16.2966,21.5524,26.6094,52.3137,290.4076,1311.1556
6.6767,0.1396,7.7128,7.5299,20.0304,16.2908,21.5518,26.6065,52.3126,290.4084,1311.1504
6.6867,0.1414,7.7064,7.5274,20.0308,16.2933,21.5537,26.6152,52.3154,290.4081,1311.1492
6.6967,0.1386,7.7098,7.5289,20.0396,16.2938,21.5504,26.6089,52.3125,290.4062,1311.1501
6.7067,0.1367,7.711,7.5314,20.0354,16.2919,21.5543,26.6089,52.3098,290.4096,1311.158
6.7167,0.1388,7.7117,7.5262,20.0288,16.2915,21.5528,26.608,52.3132,290.4059,1311.1538
6.7267,0.1425,7.712,7.5279,20.0349,16.2943,21.5539,26.6101,52.3129,290.4075,1311.1506
6.7367,0.1381,7.7133,7.5288,20.036,16.2901,21.5533,26.6106,52.313,290.4072,1311.1554
6.7467,0.1406,7.7125,7.5312,20.0339,16.2932,21.5519,26.6103,52.3174,290.4093,1311.1545
6.7568,0.2007,7.7169,7.5316,19.9748,15.9035,21.4985,26.2301,52.3406,291.1965,1311.3316
6.7668,0.1994,7.7155,7.537,19.9759,15.9049,21.4919,26.2342,52.3392,291.2045,1311.3348
6.7768,0.2023,7.72,7.5387,19.9758,15.9043,21.4937,26.2317,52.3429,291.2016,1311.3307
6.7868,0.201,7.7194,7.5345,19.977,15.9031,21.4946,26.2324,52.3412,291.2031,1311.3294
6.7968,0.2008,7.7215,7.5337,19.9695,15.9008,21.4972,26.2338,52.3422,291.2078,1311.3329
6.8068,0.1983,7.7212,7.5353,19.9751,15.9018,21.4958,26.2329,52.3338,291.2064,1311.3316
6.8168,0.198,7.7195,7.5354,19.9732,15.9008,21.493,26.2304,52.3433,291.211,1311.3309
6.8268,0.2023,7.7223,7.5356,19.9762,15.9008,21.4968,26.2312,52.3414,291.2063,1311.3322
6.8368,0.1999,7.7207,7.534,19.9726,15.9022,21.4989,26.2314,52.3427,291.2081,1311.3311
6.8468,0.2031,7.725,7.536,19.9781,15.8999,21.4966,26.2287,52.3438,291.2044,1311.333
6.8569,0.2017,7.7221,7.5386,19.9761,15.9047,21.4953,26.2318,52.339,291.2073,1311.3338
6.8669,0.2026,7.7207,7.5349,19.9758,15.8996,21.4971,26.2313,52.3433,291.2061,1311.332
6.8769,0.2011,7.7191,7.5357,19.9712,15.9036,21.4972,26.2316,52.3397,291.2065,1311.3336
6.8869,0.1996,7.7188,7.5384,19.9768,15.9043,21.496,26.2315,52.3433,291.2048,1311.3331
6.8969,0.2005,7.7218,7.5383,19.9731,15.901,21.4978,26.2316,52.3419,291.2059,1311.3359
6.9069,0.2005,7.7196,7.5369,19.9739,15.9041,21.4956,26.233,52.3429,291.2052,1311.3323
6.9169,0.1999,7.7217,7.5334,19.9768,15.8994,21.4921,26.2307,52.341,291.2076,1311.334
6.9269,0.1986,7.7226,7.5352,19.9761,15.9051,21.4962,26.2323,52.3445,291.2051,1311.3353
6.9369,0.1982,7.7201,7.5381,19.9793,15.9022,21.4905,26.2322,52.345,291.2046,1311.3326
6.9469,0.2022,7.7164,7.537,19.9758,15.9013,21.4951,26.2342,52.3441,291.2073,1311.332
6.957,0.1993,7.7223,7.5361,19.976,15.9017,21.4977,26.2287,52.343,291.205,1311.3344
6.967,0.1975,7.7236,7.5323,19.9739,15.9031,21.4971,26.2306,52.3431,291.2062,1311.3348
6.977,0.2025,7.7199,7.5385,19.9731,15.9034,21.4957,26.2277,52.3444,291.2024,1311.335
6.987,0.1998,7.7219,7.5358,19.9747,15.9058,21.4967,26.2335,52.3437,291.2043,1311.3333
6.997,0.2029,7.7229,7.535,19.9724,15.9033,21.4938,26.2339,52.3422,291.2032,1311.3312
7.007,0.2079,7.7192,7.5351,19.969,15.8697,21.4897,26.2008,52.3505,291.2708,1311.3474
7.017,0.2024,7.7231,7.5317,19.9743,15.8684,21.49,26.2005,52.3402,291.2744,1311.3522
7.027,0.2069,7.7216,7.5359,19.9705,15.8686,21.4937,26.2025,52.3415,291.2737,1311.3538
7.037,0.2053,7.7212,7.5334,19.9719,15.8694,21.4912,26.1983,52.3442,291.2735,1311.3512
7.047,0.2033,7.7225,7.5353,19.9681,15.8727,21.4921,26.2006,52.347,291.2714,1311.3517
7.0571,0.2069,7.7219,7.5328,19.9726,15.8714,21.4905,26.2029,52.344,291.2704,1311.3513
7.0671,0.2044,7.7204,7.5343,19.9701,15.8657,21.4921,26.2012,52.3424,291.2746,1311.3461
7.0771,0.2075,7.7243,7.5328,19.9665,15.8665,21.4932,26.1973,52.3408,291.2727,1311.345
7.0871,0.2077,7.7208,7.5362,19.9694,15.8749,21.493,26.1972,52.3451,291.2723,1311.3477
7.0971,0.2077,7.7228,7.5346,19.9697,15.8708,21.4902,26.2023,52.3452,291.2762,1311.3468
7.1071,0.2039,7.7203,7.5354,19.9678,15.8704,21.4915,26.1985,52.3428,291.276,1311.3499
7.1171,0.2051,7.7226,7.5363,19.9683,15.8693,21.4897,26.1988,52.3433,291.2756,1311.3514
7.1271,0.2071,7.721,7.5375,19.9735,15.8655,21.493,26.2006,52.3403,291.2714,1311.3503
7.1371,0.2106,7.7176,7.5347,19.9676,15.8676,21.4896,26.2011,52.3379,291.2737,1311.3489
7.1471,0.2069,7.7242,7.5378,19.97,15.8659,21.4928,26.202,52.3436,291.274,1311.346
7.1572,0.2026,7.7224,7.5337,19.9674,15.8676,21.4914,26.2013,52.3454,291.2761,1311.3501
7.1672,0.2079,7.723,7.5337,19.9707,15.8699,21.4876,26.2047,52.343,291.2739,1311.3461
7.1772,0.2082,7.7211,7.5379,19.9687,15.8685,21.4942,26.2019,52.3464,291.2735,1311.3481
7.1872,0.2079,7.7231,7.536,19.975,15.8672,21.4921,26.2015,52.3405,291.2735,1311.3471
7.1972,0.2087,7.7186,7.5332,19.9712,15.8679,21.4926,26.2007,52.349,291.2735,1311.3473
7.2072,0.2077,7.7196,7.5329,19.9708,15.8712,21.4881,26.2031,52.342,291.2755,1311.3474
7.2172,0.2075,7.7239,7.5375,19.9727,15.8681,21.4901,26.1995,52.3406,291.2743,1311.3461
7.2272,0.2031,7.7218,7.5368,19.9704,15.8688,21.4928,26.1986,52.3456,291.2772,1311.352
7.2372,0.2043,7.7221,7.5334,19.9705,15.8707,21.4891,26.2038,52.3439,291.2746,1311.3463
7.2472,0.2038,7.7223,7.5341,19.9715,15.8664,21.491,26.2001,52.3432,291.2752,1311.353
7.2573,0.2773,7.7331,7.5394,19.9059,15.4287,21.4301,25.7898,52.3396,292.3412,1311.5985
7.2673,0.2745,7.7281,7.5419,19.9002,15.432,21.4313,25.7899,52.3439,292.3407,1311.5995
7.2773,0.27,7.7295,7.5416,19.9035,15.4345,21.4287,25.7895,52.3428,292.34,1311.5961
7.2873,0.2755,7.7343,7.5397,19.9015,15.4304,21.4291,25.7925,52.3449,292.3438,1311.5934
7.2973,0.2794,7.7355,7.5423,19.905,15.4322,21.4288,25.7911,52.3428,292.3437,1311.5989
7.3073,0.2761,7.7359,7.5383,19.9083,15.431,21.4299,25.7887,52.3438,292.3431,1311.595
7.3173,0.2755,7.7314,7.5426,19.904,15.432,21.4317,25.7891,52.3449,292.3402,1311.5971
7.3273,0.2767,7.7338,7.5404,19.9037,15.4296,21.4288,25.7914,52.3414,292.3408,1311.5981
7.3373,0.2784,7.7349,7.5402,19.9044,15.4326,21.4269,25.7882,52.3449,292.3413,1311.6004
7.3473,0.278,7.7324,7.5375,19.9051,15.4318,21.4278,25.7904,52.3478,292.3411,1311.5982
7.3574,0.275,7.7331,7.5413,19.9044,15.4328,21.4283,25.7918,52.3435,292.346,1311.5951
7.3674,0.2756,7.7316,7.543,19.9005,15.4323,21.4283,25.7876,52.3453,292.3377,1311.596
7.3774,0.2745,7.7329,7.5385,19.9032,15.4329,21.4283,25.7907,52.3422,292.3452,1311.6018
7.3874,0.2761,7.7325,7.5443,19.9061,15.4313,21.4276,25.7904,52.341,292.3435,1311.5967
7.3974,0.275,7.734,7.5416,19.9078,15.4298,21.4303,25.7921,52.3431,292.3419,1311.596
7.4074,0.2785,7.7301,7.5397,19.9028,15.4329,21.4268,25.792,52.3454,292.3441,1311.5971
7.4174,0.2765,7.7325,7.5414,19.9014,15.4307,21.4306,25.7935,52.3394,292.3444,1311.5961
7.4274,0.279,7.73,7.5417,19.9074,15.4318,21.427,25.7899,52.343,292.3416,1311.6015
7.4374,0.2787,7.7346,7.5415,19.9055,15.4315,21.4299,25.7913,52.3433,292.3441,1311.5933
7.4474,0.2755,7.7291,7.5434,19.9031,15.4302,21.4295,25.7855,52.3456,292.3425,1311.5978
7.4575,0.2749,7.7326,7.5414,19.9038,15.4347,21.4299,25.7894,52.3483,292.3433,1311.5948
7.4675,0.2755,7.7309,7.5418,19.9096,15.4329,21.4299,25.7897,52.3449,292.3443,1311.5987
7.4775,0.2758,7.7314,7.5407,19.9032,15.4315,21.4243,25.7872,52.3432,292.3452,1311.5975
7.4875,0.2736,7.7321,7.5387,19.9063,15.43,21.4301,25.7851,52.3457,292.3442,1311.593
7.4975,0.2759,7.7323,7.5383,19.904,15.4341,21.4329,25.7869,52.3435,292.3449,1311.5968
7.5075,0.2854,7.7364,7.54,19.8956,15.3566,21.4157,25.7261,52.3459,292.5077,1311.6349
7.5175,0.2888,7.731,7.5397,19.8919,15.356,21.4175,25.7272,52.344,292.5097,1311.6351
7.5275,0.285,7.7331,7.5446,19.8944,15.359,21.4215,25.7278,52.3435,292.5039,1311.6323
7.5375,0.2887,7.7348,7.5446,19.8962,15.3546,21.4193,25.7249,52.341,292.5075,1311.6349
7.5475,0.2848,7.7316,7.5452,19.8935,15.3591,21.4196,25.7265,52.3427,292.5094,1311.6363
7.5576,0.2886,7.7346,7.5397,19.8929,15.361,21.423,25.7286,52.3471,292.5044,1311.6377
7.5676,0.292,7.7309,7.5405,19.8979,15.3579,21.4185,25.7304,52.3419,292.504,1311.6331
7.5776,0.2833,7.7357,7.542,19.8914,15.3564,21.4222,25.7234,52.3452,292.5066,1311.6363
7.5876,0.291,7.7331,7.5415,19.8919,15.3585,21.4196,25.7259,52.3423,292.5049,1311.6352
7.5976,0.2857,7.7355,7.5478,19.891,15.3549,21.4207,25.726,52.3439,292.5057,1311.6355
7.6076,0.2849,7.7375,7.5392,19.8937,15.3563,21.4157,25.7241,52.3426,292.5066,1311.6324
7.6176,0.2839,7.733,7.5438,19.8921,15.3567,21.4201,25.7247,52.3417,292.5048,1311.635
7.6276,0.281,7.7328,7.5408,19.8975,15.3577,21.4173,25.7265,52.345,292.504,1311.6373
7.6376,0.2857,7.7347,7.5411,19.8947,15.359,21.4194,25.7257,52.3438,292.507,1311.6338
7.6476,0.2893,7.7322,7.5459,19.8964,15.3564,21.4205,25.7253,52.3449,292.5065,1311.637
7.6577,0.2901,7.733,7.5433,19.8956,15.3568,21.4207,25.7265,52.3459,292.5057,1311.6304
7.6677,0.2878,7.7347,7.5422,19.8953,15.3601,21.4188,25.7302,52.3443,292.5094,1311.6323
7.6777,0.2891,7.7342,7.5388,19.8901,15.3549,21.419,25.7304,52.3432,292.5095,1311.639
7.6877,0.2865,7.7315,7.5409,19.8896,15.3552,21.4188,25.7281,52.3423,292.5076,1311.6351
7.6977,0.2891,7.7337,7.5386,19.8956,15.3604,21.419,25.7279,52.3396,292.5068,1311.6361
7.7077,0.2853,7.7353,7.5414,19.8934,15.3527,21.4207,25.7257,52.3441,292.5033,1311.6396
7.7177,0.2871,7.7337,7.543,19.8921,15.3575,21.421,25.7286,52.344,292.5094,1311.6351
7.7277,0.2856,7.7319,7.5459,19.8954,15.357,21.4257,25.7252,52.3456,292.5058,1311.6333
7.7377,0.2848,7.7357,7.5423,19.8965,15.3566,21.418,25.7313,52.3377,292.507,1311.6332
7.7477,0.2842,7.7371,7.5433,19.8946,15.3555,21.4237,25.7265,52.3486,292.505,1311.6333
7.7578,0.3047,7.7417,7.5405,19.8636,15.1416,21.4036,25.6236,52.3446,292.9358,1311.7338
7.7678,0.3048,7.7411,7.5477,19.8616,15.1388,21.4068,25.6274,52.3445,292.9361,1311.7317
7.7778,0.302,7.741,7.5457,19.862,15.142,21.4064,25.6243,52.3467,292.9328,1311.7331
7.7878,0.3022,7.7405,7.5442,19.8613,15.1406,21.4075,25.6237,52.3475,292.934,1311.735
7.7978,0.3033,7.7373,7.5392,19.86,15.1399,21.4065,25.6279,52.3411,292.9364,1311.7351
7.8078,0.3029,7.7434,7.5426,19.8607,15.1424,21.4051,25.6211,52.3404,292.9312,1311.7348
7.8178,0.3009,7.7401,7.5433,19.8629,15.1395,21.4036,25.6221,52.3451,292.9349,1311.7331
7.8278,0.3045,7.7374,7.5449,19.8633,15.1371,21.4082,25.6242,52.3442,292.9323,1311.7348
7.8378,0.3058,7.7411,7.5452,19.8633,15.1431,21.4048,25.6223,52.3442,292.9319,1311.7331
7.8478,0.3067,7.7399,7.5439,19.8563,15.1413,21.4095,25.624,52.3421,292.9338,1311.7311
7.8579,0.3032,7.7382,7.5413,19.8602,15.1398,21.403,25.6264,52.3416,292.9326,1311.7333
7.8679,0.3035,7.7378,7.5433,19.8571,15.1409,21.4038,25.6214,52.3425,292.9347,1311.7312
7.8779,0.3059,7.7412,7.544,19.862,15.1414,21.4048,25.6264,52.344,292.9349,1311.7317
7.8879,0.3023,7.74,7.5419,19.8641,15.1388,21.4084,25.6234,52.3437,292.9362,1311.731
7.8979,0.3064,7.7378,7.5439,19.8601,15.1419,21.4024,25.6282,52.3417,292.9343,1311.7324
7.9079,0.3055,7.7405,7.5459,19.8582,15.1414,21.401,25.6251,52.3429,292.9336,1311.7325
7.9179,0.3014,7.7378,7.5422,19.8622,15.1401,21.4055,25.621,52.3457,292.936,1311.731
7.9279,0.3045,7.7397,7.5421,19.8577,15.143,21.4012,25.6243,52.3459,292.9312,1311.7289
7.9379,0.3054,7.7413,7.5436,19.8602,15.1415,21.4016,25.6255,52.3446,292.9305,1311.7319
7.9479,0.3052,7.7368,7.5423,19.8611,15.1399,21.4088,25.6256,52.3455,292.9317,1311.7312
7.958,0.3064,7.7407,7.5414,19.8587,15.1398,21.4056,25.6253,52.3398,292.9369,1311.7374
7.968,0.3012,7.7391,7.5414,19.861,15.1447,21.4052,25.626,52.3442,292.9306,1311.7337
7.978,0.3057,7.741,7.5441,19.8593,15.1419,21.4078,25.625,52.3412,292.9307,1311.7347
7.988,0.2979,7.7405,7.543,19.8593,15.1434,21.4059,25.6298,52.3463,292.9365,1311.7312
7.998,0.3002,7.7398,7.5437,19.8608,15.1368,21.4033,25.623,52.343,292.9351,1311.7375
8.008,0.3185,7.7444,7.5429,19.8418,15.0278,21.3871,25.5367,52.3459,293.082,1311.7669
8.018,0.3203,7.7432,7.5449,19.8374,15.0267,21.3916,25.5374,52.3493,293.0796,1311.7722
8.028,0.3204,7.7446,7.5465,19.8406,15.0264,21.3914,25.5352,52.3483,293.0793,1311.7665
8.038,0.3195,7.7429,7.5468,19.847,15.025,21.3907,25.5397,52.344,293.0791,1311.7685
8.048,0.3207,7.7428,7.545,19.8408,15.0281,21.3923,25.5347,52.3443,293.0831,1311.7688
8.0581,0.3174,7.7432,7.5437,19.8419,15.0272,21.3938,25.5398,52.3439,293.0782,1311.7668
8.0681,0.3171,7.7419,7.5424,19.8448,15.0266,21.3936,25.5375,52.3419,293.0791,1311.7698
8.0781,0.3199,7.7445,7.5482,19.8479,15.0273,21.3899,25.5385,52.3453,293.0813,1311.7657
8.0881,0.3186,7.7423,7.5411,19.8446,15.0288,21.3923,25.5387,52.3429,293.0772,1311.7645
8.0981,0.3207,7.7454,7.5392,19.8405,15.026,21.3941,25.5378,52.3495,293.0775,1311.7653
8.1081,0.3249,7.7404,7.5441,19.8398,15.0249,21.3932,25.5338,52.3472,293.0813,1311.7664
8.1181,0.3219,7.7402,7.5423,19.8444,15.0247,21.3912,25.5341,52.3472,293.0775,1311.767
8.1281,0.317,7.7406,7.5447,19.8415,15.0264,21.3912,25.5347,52.3463,293.0823,1311.7683
8.1381,0.3173,7.7431,7.545,19.8446,15.0235,21.3905,25.5329,52.3409,293.0815,1311.7675
8.1481,0.3206,7.7432,7.5433,19.8433,15.0289,21.3905,25.5374,52.3449,293.082,1311.7695
8.1582,0.3188,7.7423,7.545,19.8428,15.0247,21.3879,25.5359,52.3432,293.0804,1311.7673
8.1682,0.3214,7.7398,7.5437,19.8449,15.0231,21.3919,25.5391,52.3475,293.0848,1311.7649
8.1782,0.3199,7.7429,7.5443,19.8419,15.0262,21.3893,25.5354,52.3442,293.0851,1311.7712
8.1882,0.3201,7.7402,7.5445,19.842,15.025,21.3929,25.5354,52.3441,293.0813,1311.7671
8.1982,0.3182,7.7417,7.5464,19.8433,15.0284,21.3909,25.5367,52.3466,293.0832,1311.7679
8.2082,0.3212,7.7402,7.5421,19.8465,15.0269,21.3906,25.5403,52.3471,293.0801,1311.7653
8.2182,0.3197,7.7445,7.5462,19.8436,15.0252,21.3891,25.5346,52.3484,293.0811,1311.7663
8.2282,0.317,7.7414,7.5458,19.8433,15.025,21.3932,25.5363,52.3457,293.0813,1311.7664
8.2382,0.3188,7.7406,7.5437,19.8447,15.0274,21.3969,25.535,52.3467,293.0848,1311.7685
8.2482,0.3191,7.739,7.5438,19.8452,15.0286,21.3902,25.5386,52.3428,293.0799,1311.7647
8.2583,0.3553,7.747,7.5471,19.81,14.8152,21.3641,25.3445,52.3582,293.4377,1311.8493
8.2683,0.3582,7.7479,7.5476,19.81,14.8153,21.3625,25.3447,52.3553,293.4393,1311.848
8.2783,0.3554,7.7502,7.5464,19.8097,14.8176,21.3604,25.3422,52.3561,293.4372,1311.8507
8.2883,0.3562,7.7501,7.55,19.819,14.8175,21.3588,25.3445,52.356,293.4393,1311.8515
8.2983,0.3518,7.7515,7.5449,19.8098,14.8123,21.3637,25.3421,52.3567,293.4367,1311.8544
8.3083,0.3543,7.7485,7.5471,19.8108,14.813,21.3584,25.3468,52.3583,293.4378,1311.8553
8.3183,0.3562,7.7473,7.5467,19.8122,14.8171,21.3618,25.3441,52.3553,293.4371,1311.8526
8.3283,0.3527,7.7481,7.5531,19.8111,14.8178,21.3644,25.3424,52.358,293.4365,1311.8519
8.3383,0.3526,7.7484,7.5462,19.8131,14.8148,21.3595,25.3457,52.3565,293.4376,1311.8526
8.3483,0.3593,7.747,7.552,19.8103,14.813,21.3625,25.3441,52.3564,293.4367,1311.8548
8.3584,0.3538,7.7478,7.5482,19.8085,14.8138,21.3627,25.3432,52.3566,293.4399,1311.8537
8.3684,0.3548,7.7462,7.5443,19.8094,14.8183,21.3611,25.3449,52.3565,293.4374,1311.8507
8.3784,0.3528,7.7466,7.5446,19.8116,14.8167,21.3629,25.3438,52.3549,293.4363,1311.8507
8.3884,0.3553,7.7483,7.5488,19.8157,14.8122,21.3637,25.3442,52.3595,293.4357,1311.8487
8.3984,0.3564,7.7481,7.5491,19.8097,14.8124,21.3647,25.3401,52.3595,293.4371,1311.8505
8.4084,0.3539,7.7476,7.5485,19.8117,14.8181,21.3643,25.344,52.3598,293.4383,1311.8522
8.4184,0.3526,7.749,7.547,19.8142,14.8178,21.3658,25.3434,52.3568,293.4374,1311.8542
8.4284,0.3532,7.7458,7.547,19.8127,14.8142,21.362,25.3436,52.3571,293.4381,1311.8516
8.4384,0.3539,7.7489,7.5485,19.8106,14.8149,21.363,25.3458,52.3584,293.437,1311.8552
8.4484,0.3527,7.749,7.547,19.8127,14.8112,21.3646,25.3459,52.3563,293.4346,1311.8492
8.4585,0.3566,7.7449,7.546,19.8145,14.8174,21.3632,25.3437,52.3534,293.4386,1311.8529
8.4685,0.3515,7.7473,7.5454,19.8157,14.8169,21.3632,25.3411,52.3574,293.4383,1311.8485
8.4785,0.3541,7.7468,7.5471,19.8134,14.8136,21.363,25.3421,52.3573,293.4402,1311.8471
8.4885,0.3513,7.7518,7.5457,19.8147,14.8151,21.3599,25.3414,52.3576,293.438,1311.8511
8.4985,0.3529,7.7458,7.5485,19.8131,14.8179,21.3643,25.3477,52.3532,293.4362,1311.8511
8.5085,0.3637,7.7466,7.5457,19.8066,14.7658,21.3531,25.2959,52.3693,293.5477,1311.8751
8.5185,0.3628,7.748,7.5458,19.8052,14.7674,21.3541,25.2923,52.3655,293.5447,1311.8745
8.5285,0.3628,7.7449,7.5457,19.804,14.7705,21.355,25.2957,52.3694,293.545,1311.8769
8.5385,0.3621,7.7521,7.5465,19.8043,14.7697,21.3541,25.2977,52.3688,293.5475,1311.877
8.5485,0.3631,7.747,7.5485,19.8052,14.7657,21.3504,25.2928,52.3707,293.5459,1311.8747
8.5586,0.3626,7.7497,7.545,19.8041,14.7729,21.3528,25.2977,52.3688,293.5481,1311.8766
8.5686,0.3603,7.7469,7.5493,19.8036,14.7667,21.3551,25.2934,52.3705,293.545,1311.876
8.5786,0.3601,7.7475,7.5456,19.8072,14.7653,21.3572,25.2941,52.3696,293.5461,1311.8749
8.5886,0.3625,7.7479,7.5497,19.803,14.7674,21.3514,25.2955,52.369,293.5446,1311.8775
8.5986,0.3615,7.7492,7.5502,19.8073,14.7729,21.3548,25.2956,52.3726,293.547,1311.8784
8.6086,0.3597,7.7495,7.5474,19.8036,14.7678,21.3529,25.2961,52.369,293.545,1311.8764
8.6186,0.3655,7.7498,7.5465,19.8036,14.7654,21.3543,25.2967,52.3679,293.5463,1311.8764
8.6286,0.3629,7.7483,7.5474,19.8079,14.7672,21.3526,25.2976,52.3705,293.5457,1311.8746
8.6386,0.3661,7.7507,7.5483,19.8077,14.7692,21.3553,25.294,52.3676,293.5482,1311.8762
8.6486,0.3659,7.7517,7.5486,19.805,14.7678,21.3556,25.2943,52.3673,293.5462,1311.8778
8.6587,0.3668,7.7477,7.5471,19.8041,14.769,21.35,25.2941,52.3691,293.5465,1311.8785
8.6687,0.3637,7.7494,7.548,19.8009,14.7696,21.3547,25.2929,52.3693,293.5448,1311.8789
8.6787,0.3592,7.7509,7.5481,19.8035,14.7639,21.3568,25.2964,52.3669,293.5482,1311.878
8.6887,0.3593,7.747,7.5489,19.8063,14.7689,21.3566,25.2947,52.3672,293.5446,1311.8738
8.6987,0.3621,7.7462,7.5509,19.8045,14.769,21.3554,25.294,52.3703,293.5453,1311.8744
8.7087,0.3631,7.7509,7.5471,19.8075,14.7701,21.354,25.2942,52.371,293.5477,1311.8781
8.7187,0.3632,7.7478,7.5482,19.8038,14.7689,21.3577,25.2956,52.3677,293.546,1311.8792
8.7287,0.3636,7.7472,7.5445,19.8033,14.7681,21.3601,25.2936,52.3657,293.5461,1311.8776
8.7387,0.3675,7.7488,7.5465,19.806,14.7689,21.3563,25.2985,52.3692,293.5454,1311.8754
8.7487,0.3619,7.7511,7.5468,19.8052,14.7666,21.3534,25.2938,52.3697,293.5459,1311.8787
8.7588,0.3654,7.7487,7.5483,19.8113,14.7775,21.3582,25.2945,52.4104,293.6696,1311.9036
8.7688,0.36,7.7453,7.5481,19.8029,14.78,21.3549,25.2957,52.4034,293.6718,1311.9018
8.7788,0.3649,7.7502,7.5487,19.8043,14.7819,21.3562,25.2915,52.4061,293.672,1311.9068
8.7888,0.3634,7.7504,7.5491,19.8046,14.7794,21.3539,25.2924,52.4045,293.6728,1311.9056
8.7988,0.3613,7.7454,7.5495,19.8069,14.7808,21.3534,25.297,52.4062,293.6779,1311.8994
8.8088,0.3613,7.7478,7.5468,19.8087,14.7798,21.3526,25.2914,52.4057,293.67,1311.9005
8.8188,0.3625,7.7492,7.5473,19.806,14.7796,21.3544,25.2926,52.4051,293.6734,1311.9042
8.8288,0.3643,7.7462,7.5518,19.8085,14.7793,21.3563,25.2937,52.4077,293.672,1311.9056
8.8388,0.3637,7.7512,7.5497,19.8084,14.781,21.3524,25.2916,52.4076,293.6698,1311.9029
8.8488,0.3631,7.7487,7.5506,19.8066,14.7817,21.3577,25.2933,52.405,293.6754,1311.9062
8.8589,0.3635,7.7481,7.5506,19.8091,14.7842,21.3528,25.2947,52.4095,293.6716,1311.9044
8.8689,0.3637,7.7515,7.5509,19.8081,14.7778,21.3544,25.2938,52.4072,293.673,1311.9042
8.8789,0.3674,7.7491,7.5496,19.8022,14.7793,21.3569,25.2961,52.4045,293.6738,1311.9088
8.8889,0.3615,7.7488,7.5456,19.8078,14.7821,21.3561,25.2924,52.4072,293.6707,1311.9043
8.8989,0.3666,7.7457,7.5462,19.8069,14.7803,21.3548,25.2948,52.4071,293.6701,1311.9055
8.9089,0.3627,7.7471,7.547,19.8086,14.7799,21.354,25.2947,52.4066,293.671,1311.9072
8.9189,0.3651,7.7458,7.548,19.8073,14.781,21.3549,25.2938,52.4099,293.6758,1311.9063
8.9289,0.3627,7.7476,7.5463,19.808,14.7821,21.3545,25.2949,52.4068,293.6731,1311.9063
8.9389,0.3619,7.7482,7.5488,19.8068,14.78,21.3567,25.2938,52.4084,293.6731,1311.9039
8.9489,0.3637,7.7448,7.5479,19.808,14.7788,21.3545,25.2969,52.4046,293.6732,1311.9044
8.959,0.3635,7.7478,7.5481,19.8059,14.7805,21.352,25.2956,52.4081,293.6708,1311.9037
8.969,0.3626,7.7489,7.5467,19.8085,14.7784,21.3524,25.2949,52.4108,293.6732,1311.9036
8.979,0.3659,7.7457,7.5474,19.8069,14.78,21.357,25.2921,52.4065,293.6747,1311.9017
8.989,0.3659,7.7479,7.5473,19.8099,14.775,21.3543,25.2919,52.4074,293.6709,1311.9053
8.999,0.363,7.7506,7.5477,19.8082,14.7755,21.3545,25.2936,52.4083,293.6718,1311.9031
9.009,0.3691,7.7454,7.5452,19.8051,14.7538,21.3536,25.2691,52.4095,293.5735,1311.8799
9.019,0.3679,7.7478,7.5473,19.8029,14.7542,21.3514,25.2691,52.4047,293.5761,1311.8807
9.029,0.3688,7.7499,7.5486,19.7998,14.7539,21.3509,25.2669,52.4071,293.5742,1311.8831
9.039,0.3676,7.7498,7.5485,19.8028,14.7563,21.3492,25.2668,52.4079,293.5774,1311.8819
9.049,0.3703,7.7506,7.5475,19.7986,14.7589,21.3524,25.2669,52.408,293.5731,1311.8838
9.0591,0.3706,7.7494,7.5476,19.8001,14.7546,21.3492,25.2643,52.4105,293.5764,1311.8843
9.0691,0.3664,7.7526,7.551,19.8048,14.7521,21.3477,25.2686,52.4067,293.5737,1311.8836
9.0791,0.3679,7.7478,7.5454,19.801,14.754,21.3517,25.2646,52.4081,293.5744,1311.8841
9.0891,0.3714,7.7463,7.5509,19.8036,14.7547,21.3517,25.2665,52.4072,293.5761,1311.882
9.0991,0.3692,7.7496,7.5498,19.8048,14.7499,21.3515,25.2656,52.4064,293.5775,1311.8837
9.1091,0.3644,7.7498,7.5493,19.8045,14.7537,21.3485,25.2693,52.406,293.5759,1311.8831
9.1191,0.3679,7.7491,7.5475,19.7982,14.7544,21.3524,25.2637,52.4064,293.5741,1311.8846
9.1291,0.3678,7.7512,7.5468,19.8039,14.7519,21.349,25.2674,52.408,293.5762,1311.8811
9.1391,0.3688,7.7502,7.546,19.807,14.7512,21.3473,25.268,52.4092,293.5774,1311.8805
9.1491,0.3681,7.7485,7.5494,19.8038,14.753,21.3532,25.2692,52.4061,293.575,1311.8831
9.1592,0.3674,7.7506,7.5503,19.8004,14.7549,21.3492,25.2651,52.407,293.5705,1311.8825
9.1692,0.367,7.7471,7.5476,19.8013,14.7559,21.3505,25.2703,52.4059,293.5753,1311.8812
9.1792,0.3684,7.7474,7.5463,19.8045,14.7531,21.3522,25.2706,52.4063,293.5754,1311.8814
9.1892,0.3676,7.7493,7.5473,19.8036,14.7547,21.3483,25.2649,52.4061,293.5774,1311.8821
9.1992,0.367,7.75,7.5466,19.8044,14.7568,21.3489,25.27,52.4039,293.5737,1311.8815
9.2092,0.3682,7.7442,7.5454,19.8034,14.7522,21.348,25.2654,52.4091,293.5748,1311.885
9.2192,0.367,7.7492,7.5491,19.8003,14.754,21.3519,25.2687,52.4067,293.5787,1311.8826
9.2292,0.3704,7.7491,7.5452,19.8035,14.7521,21.3475,25.268,52.4075,293.5743,1311.8847
9.2392,0.3694,7.7486,7.5479,19.8039,14.7518,21.3531,25.2629,52.4103,293.5794,1311.8839
9.2492,0.3679,7.7506,7.5475,19.8075,14.7554,21.349,25.2644,52.4057,293.5774,1311.8851
9.2593,0.3743,7.7504,7.5469,19.7997,14.7282,21.346,25.2446,52.4084,293.3436,1311.8291
9.2693,0.3717,7.7481,7.5462,19.7974,14.7326,21.3493,25.2428,52.4047,293.3409,1311.8289
9.2793,0.3728,7.7477,7.5475,19.8014,14.7261,21.35,25.2475,52.4099,293.3426,1311.8295
9.2893,0.371,7.747,7.5501,19.7974,14.7292,21.3495,25.2456,52.4066,293.3398,1311.8252
9.2993,0.3731,7.7485,7.5471,19.798,14.7291,21.346,25.2455,52.4057,293.3426,1311.8295
9.3093,0.3717,7.7508,7.5476,19.7985,14.7292,21.3487,25.2441,52.4107,293.3405,1311.8285
9.3193,0.3745,7.751,7.5483,19.7981,14.7332,21.3473,25.2468,52.4064,293.3398,1311.8336
9.3293,0.3709,7.7469,7.5473,19.7997,14.7321,21.3487,25.2423,52.4074,293.3398,1311.8282
9.3393,0.3678,7.7465,7.5482,19.7998,14.7302,21.3494,25.2427,52.4043,293.3394,1311.8329
9.3493,0.3685,7.7461,7.5505,19.7974,14.7298,21.3467,25.2476,52.4055,293.342,1311.8267
9.3594,0.3695,7.7515,7.5477,19.7997,14.7346,21.3428,25.2399,52.4077,293.3446,1311.8307
9.3694,0.3731,7.746,7.5493,19.795,14.7279,21.3469,25.2444,52.4077,293.3433,1311.8291
9.3794,0.3761,7.7473,7.5478,19.7988,14.7341,21.3454,25.2505,52.4078,293.3431,1311.8287
9.3894,0.3719,7.748,7.5489,19.796,14.733,21.3484,25.2479,52.4072,293.3427,1311.8282
9.3994,0.3707,7.7488,7.5483,19.7987,14.7289,21.3474,25.2458,52.4111,293.3418,1311.8281
9.4094,0.3735,7.7504,7.5468,19.7992,14.7309,21.3479,25.2444,52.4071,293.3389,1311.8276
9.4194,0.3695,7.7504,7.5496,19.7997,14.729,21.3494,25.2445,52.4086,293.344,1311.8282
9.4294,0.372,7.7496,7.5486,19.8026,14.7324,21.3475,25.2429,52.4051,293.3409,1311.8279
9.4394,0.3719,7.7481,7.5501,19.7999,14.7298,21.3481,25.2423,52.4094,293.338,1311.8283
9.4494,0.3689,7.7508,7.55,19.8013,14.7267,21.3473,25.2452,52.405,293.3424,1311.8278
9.4595,0.3719,7.7483,7.552,19.8016,14.7291,21.3479,25.2443,52.4045,293.3413,1311.8309
9.4695,0.371,7.7504,7.5494,19.8006,14.7298,21.3455,25.2447,52.4092,293.341,1311.8279
9.4795,0.3738,7.7456,7.5469,19.7961,14.7329,21.3427,25.2467,52.411,293.3418,1311.8268
9.4895,0.3714,7.7517,7.5462,19.8034,14.7275,21.3469,25.2448,52.4076,293.3442,1311.8291
9.4995,0.3731,7.752,7.5486,19.7979,14.7296,21.3447,25.2441,52.4063,293.3428,1311.83
9.5095,0.3849,7.7505,7.551,19.7848,14.6266,21.335,25.1553,52.3729,292.4087,1311.6142
9.5195,0.3894,7.7543,7.5517,19.7882,14.6256,21.3343,25.1538,52.3762,292.4144,1311.6145
9.5295,0.3847,7.7499,7.5503,19.7833,14.629,21.3328,25.16,52.3754,292.4137,1311.6146
9.5395,0.3875,7.7526,7.5492,19.784,14.6254,21.3331,25.158,52.3714,292.4097,1311.6112
9.5495,0.3881,7.7495,7.5493,19.7872,14.6259,21.3367,25.1586,52.3745,292.4101,1311.6181
9.5596,0.3842,7.753,7.5492,19.7879,14.6272,21.3331,25.157,52.3733,292.4115,1311.6169
9.5696,0.3912,7.7526,7.5481,19.784,14.6236,21.338,25.1547,52.3757,292.4111,1311.6161
9.5796,0.387,7.7568,7.5521,19.7818,14.6267,21.3323,25.1573,52.3762,292.4085,1311.6138
9.5896,0.3896,7.7519,7.5519,19.7803,14.6266,21.3328,25.1602,52.372,292.4101,1311.6123
9.5996,0.3868,7.7558,7.5515,19.7819,14.6256,21.335,25.1567,52.3762,292.4101,1311.6141
9.6096,0.3828,7.7508,7.5497,19.779,14.6263,21.3341,25.1575,52.3744,292.4123,1311.6173
9.6196,0.3883,7.7508,7.5514,19.7848,14.63,21.3322,25.1606,52.3722,292.4101,1311.6159
9.6296,0.3875,7.7581,7.5489,19.7841,14.6264,21.3306,25.1611,52.3758,292.4138,1311.6121
9.6396,0.3906,7.7539,7.5486,19.7826,14.6265,21.3351,25.1598,52.3746,292.4118,1311.6137
9.6496,0.3864,7.7538,7.5468,19.7869,14.624,21.3331,25.1586,52.3742,292.4124,1311.6173
9.6597,0.3887,7.754,7.551,19.7808,14.6261,21.3316,25.159,52.372,292.4116,1311.6104
9.6697,0.3881,7.7498,7.5487,19.7842,14.6266,21.3334,25.1592,52.3735,292.4106,1311.6197
9.6797,0.3904,7.755,7.5507,19.782,14.6312,21.3353,25.157,52.3708,292.4129,1311.616
9.6897,0.3852,7.7513,7.5523,19.7849,14.6329,21.3344,25.1583,52.3747,292.4154,1311.6183
9.6997,0.3909,7.754,7.551,19.7858,14.6278,21.3356,25.1563,52.3746,292.4146,1311.6159
9.7097,0.3888,7.7534,7.5486,19.787,14.6269,21.3353,25.1567,52.374,292.4108,1311.6167
9.7197,0.3886,7.7536,7.5486,19.7841,14.6279,21.3339,25.1607,52.3733,292.4093,1311.6161
9.7297,0.3858,7.754,7.5519,19.7833,14.6251,21.3333,25.1634,52.3694,292.4129,1311.6137
9.7397,0.387,7.7543,7.549,19.7849,14.6286,21.336,25.1575,52.374,292.411,1311.6151
9.7497,0.3844,7.7539,7.5466,19.7838,14.629,21.337,25.1556,52.3711,292.4137,1311.6158
9.7598,0.3923,7.7518,7.5502,19.7837,14.6299,21.3354,25.1613,52.3715,292.4106,1311.6164
9.7698,0.3862,7.7521,7.5491,19.7824,14.6288,21.3386,25.162,52.377,292.4079,1311.6133
9.7798,0.3855,7.7529,7.55,19.781,14.6263,21.3342,25.1554,52.3736,292.4133,1311.613
9.7898,0.3861,7.7554,7.5487,19.7827,14.6263,21.334,25.162,52.3734,292.4114,1311.6172
9.7998,0.3879,7.755,7.5504,19.7813,14.626,21.3315,25.1596,52.3699,292.4134,1311.6121
9.8098,0.3879,7.755,7.5497,19.7838,14.6248,21.3339,25.1574,52.3742,292.411,1311.6185
9.8198,0.3857,7.7489,7.5502,19.7857,14.6268,21.3391,25.1574,52.3739,292.4116,1311.6168
9.8298,0.3883,7.7507,7.5521,19.785,14.6311,21.3315,25.1562,52.3727,292.4134,1311.6188
9.8398,0.3911,7.7513,7.5503,19.7869,14.6267,21.3334,25.1565,52.378,292.412,1311.6186
9.8498,0.3876,7.7528,7.5516,19.7812,14.6319,21.3329,25.1589,52.3732,292.4095,1311.6218
9.8599,0.3896,7.7519,7.5477,19.7825,14.6255,21.3361,25.1579,52.3762,292.4097,1311.6158
9.8699,0.3884,7.7527,7.5481,19.7842,14.6258,21.3331,25.1574,52.3742,292.412,1311.6156
9.8799,0.3876,7.7524,7.5495,19.7859,14.6269,21.3334,25.155,52.3735,292.4134,1311.618
9.8899,0.3884,7.7539,7.5497,19.7853,14.6273,21.3336,25.1579,52.3729,292.4113,1311.6154
9.8999,0.3904,7.7563,7.5478,19.7822,14.6267,21.3336,25.1598,52.3729,292.4086,1311.6122
9.9099,0.3886,7.7521,7.5513,19.7861,14.6275,21.3303,25.1582,52.3734,292.4108,1311.6164
9.9199,0.3877,7.7522,7.5489,19.7821,14.6242,21.3368,25.1584,52.3782,292.4138,1311.616
9.9299,0.3877,7.753,7.55,19.7849,14.6249,21.3361,25.1591,52.3711,292.4132,1311.6127
9.9399,0.3851,7.7509,7.55,19.7829,14.6242,21.3315,25.1558,52.3785,292.4099,1311.6159
9.9499,0.3867,7.7564,7.5492,19.7831,14.6314,21.3344,25.1599,52.3714,292.4101,1311.6171
9.96,0.3907,7.7537,7.549,19.7829,14.6277,21.3317,25.1579,52.3697,292.4117,1311.6146
9.97,0.3915,7.7509,7.5526,19.7814,14.626,21.3351,25.1568,52.3704,292.4116,1311.6182
9.98,0.3862,7.7541,7.5497,19.782,14.6253,21.3347,25.1597,52.3741,292.4113,1311.6167
9.99,0.3868,7.7527,7.5498,19.7852,14.6262,21.3367,25.1608,52.3716,292.4122,1311.6149
10.0,0.3895,7.7537,7.5479,19.7841,14.6224,21.3372,25.1608,52.3694,292.4123,1311.6178
