arterial_r,paodia,bgDO2,ecmoUnitFlow,paoavg,left flow,cvSys_O2sat,col,cor,paosys,cvSys_pO2
0.0,91.1055,1304.1202,21.1398,107.2444,2.8151,85.9394,4.3645,4.3509,143.328,51.5526
0.0601,91.1095,1304.1438,21.1211,107.241,2.8381,85.9434,4.3595,4.3632,143.3263,51.5458
0.1201,91.1174,1304.121,21.1254,107.2414,2.8219,85.9273,4.3574,4.3665,143.3435,51.5634
0.1802,91.1004,1304.109,21.1254,107.2411,2.8255,85.9361,4.3642,4.3421,143.3385,51.5394
0.2402,91.093,1303.942,21.1146,107.2336,2.8156,85.9312,4.358,4.375,143.3359,51.551
0.3003,91.1014,1303.8892,21.1245,107.2291,2.8182,85.9514,4.3655,4.3763,143.3276,51.5635
0.3604,91.0922,1303.8572,21.1132,107.2258,2.8186,85.9317,4.3545,4.37,143.3244,51.5448
0.4204,91.1026,1303.8195,21.0895,107.2159,2.808,85.9351,4.3683,4.3427,143.3329,51.5413
0.4805,91.0864,1303.7759,21.1245,107.228,2.8225,85.9452,4.3746,4.3527,143.3319,51.5384
0.5405,91.1035,1303.6677,21.0879,107.2167,2.8307,85.9412,4.3563,4.3588,143.3145,51.5298
0.6006,91.097,1303.6463,21.0946,107.1996,2.8326,85.9483,4.3547,4.3633,143.3217,51.5309
0.6607,91.1019,1303.6094,21.1073,107.206,2.8353,85.9436,4.3449,4.3602,143.3056,51.5465
0.7207,91.0712,1303.5064,21.0759,107.2027,2.8143,85.9248,4.3599,4.3743,143.3083,51.5159
0.7808,91.0418,1303.2307,21.08,107.1719,2.8096,85.904,4.3567,4.356,143.2868,51.489
0.8408,91.0398,1303.1778,21.0667,107.1625,2.7903,85.916,4.3571,4.3626,143.2785,51.5005
0.9009,91.0403,1303.1773,21.073,107.1957,2.7983,85.9148,4.3453,4.3422,143.273,51.4792
0.961,91.0623,1303.1359,21.0653,107.1656,2.8274,85.8954,4.3504,4.3755,143.2619,51.4726
1.021,91.0504,1303.1251,21.0883,107.1645,2.8046,85.8814,4.349,4.3588,143.2822,51.4842
1.0811,91.046,1302.8873,21.0617,107.1543,2.8058,85.8898,4.3593,4.3614,143.2818,51.4812
1.1411,91.0067,1302.847,21.0759,107.148,2.8012,85.8752,4.368,4.3487,143.2744,51.4764
1.2012,91.0359,1302.6921,21.0588,107.1453,2.811,85.8788,4.36,4.3621,143.2631,51.47
1.2613,91.0075,1302.6219,21.0361,107.1595,2.8105,85.8838,4.373,4.3664,143.2656,51.4773
1.3213,91.043,1302.2716,21.051,107.1341,2.8004,85.8843,4.3803,4.3687,143.2608,51.47
1.3814,91.0285,1302.1115,21.0315,107.1083,2.7841,85.8839,4.3671,4.3491,143.2646,51.4733
1.4414,91.0243,1302.0565,21.0258,107.1198,2.8086,85.8964,4.3609,4.371,143.2664,51.4679
1.5015,91.0091,1301.8592,21.0132,107.1106,2.7945,85.891,4.3554,4.3529,143.2456,51.4722
1.5616,91.0111,1301.7193,21.0349,107.0935,2.7912,85.8909,4.3475,4.3528,143.2548,51.4592
1.6216,91.0046,1301.684,21.0118,107.1044,2.7892,85.9011,4.3514,4.3624,143.2258,51.4507
1.6817,91.0128,1301.6591,21.0133,107.1132,2.8001,85.8807,4.3627,4.3571,143.2413,51.4612
1.7417,90.9989,1301.5735,21.0038,107.1075,2.8125,85.8815,4.3323,4.3652,143.2302,51.4432
1.8018,90.972,1301.3271,20.9729,107.09,2.7928,85.881,4.3717,4.3605,143.2262,51.4614
1.8619,90.9653,1301.1924,20.9822,107.0848,2.8014,85.9082,4.3528,4.355,143.2206,51.4629
1.9219,90.9896,1301.1223,20.9803,107.0862,2.8067,85.9006,4.3553,4.3521,143.2153,51.4751
1.982,90.9539,1300.9599,20.959,107.0671,2.7852,85.8768,4.3519,4.3505,143.1868,51.4637
2.042,90.9661,1300.9094,20.966,107.0665,2.7925,85.8885,4.3569,4.3558,143.2122,51.4736
2.1021,90.9556,1300.8306,20.9614,107.0648,2.8061,85.8948,4.3531,4.373,143.1978,51.441
2.1622,90.9235,1300.5498,20.9557,107.0269,2.8067,85.8992,4.3599,4.3568,143.182,51.4597
2.2222,90.9193,1300.4463,20.9502,107.0149,2.8081,85.8726,4.3641,4.3579,143.1823,51.4715
2.2823,90.9241,1300.4176,20.9468,107.0188,2.7849,85.8908,4.3705,4.361,143.1845,51.464
2.3423,90.9074,1300.337,20.9234,107.015,2.7803,85.8899,4.3425,4.3664,143.1603,51.4576
2.4024,90.9071,1300.3347,20.9287,107.0072,2.7944,85.8746,4.3556,4.3743,143.1569,51.4392
2.4625,90.8872,1300.2653,20.9238,107.03,2.8016,85.8924,4.347,4.3537,143.1503,51.4628
2.5225,90.8909,1300.0957,20.9303,106.9896,2.7932,85.8685,4.354,4.3463,143.1463,51.4501
2.5826,90.8781,1300.0443,20.9092,106.9779,2.8014,85.8767,4.3685,4.3737,143.1443,51.4402
2.6426,90.8574,1299.8285,20.9242,106.9659,2.7916,85.8561,4.3714,4.3565,143.1181,51.4246
2.7027,90.8301,1299.5203,20.8767,106.9404,2.7671,85.8367,4.3888,4.3883,143.0828,51.3946
2.7628,90.807,1299.4755,20.8948,106.9156,2.7756,85.8339,4.3835,4.3688,143.0829,51.3975
2.8228,90.808,1299.4086,20.8937,106.9213,2.7672,85.8487,4.382,4.3691,143.0856,51.3912
2.8829,90.8156,1299.4205,20.8947,106.918,2.7722,85.836,4.3928,4.3741,143.0634,51.3721
2.9429,90.7924,1299.3776,20.8866,106.9095,2.7827,85.8416,4.3696,4.3721,143.0756,51.3719
3.003,90.7954,1299.1989,20.8746,106.8867,2.7708,85.8326,4.3729,4.3682,143.0577,51.3822
3.0631,90.7738,1299.1521,20.8692,106.8988,2.7772,85.8167,4.376,4.3517,143.0611,51.3872
3.1231,90.7811,1299.127,20.8721,106.901,2.7688,85.8191,4.3783,4.3699,143.0507,51.3892
3.1832,90.7644,1299.0716,20.8636,106.8778,2.7788,85.8333,4.3582,4.3801,143.0378,51.369
3.2432,90.7452,1299.0516,20.8561,106.8882,2.7886,85.84,4.3693,4.3675,143.0626,51.3778
3.3033,90.7443,1298.962,20.871,106.8803,2.7995,85.8368,4.3693,4.3744,143.0586,51.3835
3.3634,90.7262,1298.7071,20.8305,106.872,2.7831,85.8284,4.3637,4.3679,143.0155,51.3911
3.4234,90.7191,1298.6327,20.848,106.8523,2.7896,85.8236,4.3801,4.3678,143.0096,51.3766
3.4835,90.7142,1298.6255,20.842,106.8529,2.7864,85.8223,4.3842,4.3792,143.0217,51.3803
3.5435,90.7155,1298.5573,20.8261,106.8311,2.7767,85.8239,4.3709,4.3696,142.9996,51.3793
3.6036,90.704,1298.4625,20.8085,106.8312,2.7862,85.841,4.3767,4.3763,143.0053,51.3508
3.6637,90.6879,1298.1848,20.8157,106.8214,2.766,85.8194,4.3791,4.361,143.0108,51.3728
3.7237,90.6653,1298.0562,20.8179,106.8162,2.7719,85.8217,4.3622,4.3491,142.9588,51.3411
3.7838,90.6677,1297.9882,20.788,106.8004,2.7764,85.8199,4.3671,4.3794,142.9864,51.379
3.8438,90.6533,1297.7661,20.7745,106.7687,2.7618,85.8222,4.3748,4.3726,142.953,51.3612
3.9039,90.6534,1297.7418,20.7863,106.7731,2.7919,85.8255,4.3729,4.3638,142.9489,51.3656
3.964,90.6283,1297.5615,20.781,106.7676,2.7944,85.7986,4.3759,4.3713,142.9467,51.3599
4.024,90.6212,1297.3201,20.7684,106.7435,2.7765,85.8296,4.3669,4.368,142.9157,51.3485
4.0841,90.6154,1297.2473,20.772,106.759,2.7805,85.8057,4.3698,4.3639,142.8993,51.3408
4.1441,90.6174,1297.2243,20.7704,106.7306,2.7698,85.8105,4.3505,4.3685,142.9366,51.3488
4.2042,90.601,1297.1869,20.7643,106.7389,2.7658,85.7912,4.3736,4.3718,142.9092,51.3634
4.2643,90.6013,1297.0383,20.7771,106.7437,2.7674,85.7947,4.3774,4.3579,142.8975,51.331
4.3243,90.5814,1296.7576,20.7337,106.7085,2.7628,85.7906,4.3668,4.3828,142.8932,51.3353
4.3844,90.5529,1296.621,20.7365,106.7308,2.766,85.7993,4.3795,4.3776,142.9041,51.3229
4.4444,90.5647,1296.5781,20.7305,106.7051,2.7569,85.8159,4.3868,4.384,142.8823,51.3027
4.5045,90.555,1296.5088,20.7203,106.6965,2.7453,85.7854,4.3552,4.3814,142.8906,51.3179
4.5646,90.5469,1296.3588,20.727,106.6975,2.774,85.7923,4.3606,4.3658,142.8613,51.2942
4.6246,90.5567,1296.3491,20.7003,106.6799,2.7537,85.7806,4.3687,4.384,142.8657,51.3247
4.6847,90.5487,1296.176,20.6988,106.681,2.7603,85.7907,4.376,4.3504,142.8798,51.3029
4.7447,90.5159,1295.8502,20.7059,106.6484,2.7572,85.7843,4.3756,4.3577,142.8573,51.3019
4.8048,90.5081,1295.6679,20.6789,106.646,2.7644,85.7576,4.3851,4.3807,142.832,51.2681
4.8649,90.4988,1295.5758,20.6885,106.6355,2.7646,85.7589,4.3583,4.3779,142.8263,51.2561
4.9249,90.5047,1295.5553,20.6987,106.6484,2.7498,85.7634,4.3707,4.3657,142.8316,51.2796
4.985,90.5049,1295.4243,20.6859,106.6339,2.7353,85.7585,4.3733,4.3536,142.8194,51.2516
5.045,90.4623,1295.0779,20.6756,106.6021,2.7519,85.7316,4.3729,4.3824,142.8097,51.2565
5.1051,90.4533,1294.9841,20.6643,106.5909,2.7644,85.7331,4.3402,4.3883,142.8122,51.2484
5.1652,90.4689,1294.9082,20.6591,106.5996,2.7584,85.7481,4.3602,4.3572,142.8073,51.2538
5.2252,90.4478,1294.7733,20.6424,106.5806,2.7553,85.7197,4.3879,4.3744,142.7973,51.2283
5.2853,90.4284,1294.4193,20.6402,106.5628,2.7644,85.7267,4.377,4.3727,142.7648,51.2077
5.3453,90.4184,1294.2999,20.633,106.59,2.7427,85.7017,4.3555,4.3709,142.7663,51.2086
5.4054,90.4164,1294.258,20.6378,106.5704,2.7514,85.7094,4.3708,4.3699,142.765,51.2165
5.4655,90.4313,1294.1763,20.6423,106.5547,2.7326,85.7179,4.3809,4.3819,142.7865,51.2134
5.5255,90.4059,1294.085,20.6116,106.521,2.7622,85.6819,4.3832,4.3555,142.7414,51.2045
5.5856,90.3775,1293.7894,20.6024,106.5054,2.7592,85.7028,4.3892,4.3869,142.7218,51.168
5.6456,90.3482,1293.4649,20.6016,106.5058,2.7461,85.6935,4.3679,4.3976,142.7413,51.1736
5.7057,90.372,1293.4373,20.5903,106.5118,2.7485,85.7124,4.3782,4.3854,142.7269,51.1891
5.7658,90.3298,1293.108,20.5853,106.5023,2.7429,85.6978,4.378,4.3772,142.7078,51.165
5.8258,90.3326,1292.9271,20.5742,106.4754,2.7462,85.6809,4.381,4.3785,142.6981,51.1685
5.8859,90.3186,1292.8428,20.5592,106.4744,2.7533,85.6924,4.3852,4.3729,142.7082,51.1697
5.9459,90.3066,1292.7523,20.5739,106.4813,2.7232,85.6823,4.381,4.3571,142.6991,51.178
6.006,90.2887,1292.6185,20.5712,106.4656,2.7508,85.6924,4.3904,4.3675,142.6884,51.1461
6.0661,90.3114,1292.5415,20.5551,106.4787,2.7382,85.6832,4.3806,4.3861,142.6647,51.1605
6.1261,90.2844,1292.4971,20.5441,106.4615,2.7296,85.6718,4.3791,4.3752,142.6578,51.1536
6.1862,90.2814,1292.415,20.5577,106.4519,2.7614,85.6695,4.3731,4.3786,142.6812,51.1448
6.2462,90.2628,1292.1615,20.5215,106.4329,2.7324,85.6782,4.3648,4.3866,142.6609,51.1273
6.3063,90.2536,1292.0353,20.5256,106.4244,2.7361,85.6708,4.3809,4.3835,142.6452,51.1261
6.3664,90.242,1291.9972,20.5416,106.418,2.7183,85.6427,4.3746,4.3703,142.6436,51.1259
6.4264,90.2696,1291.9791,20.5245,106.3924,2.74,85.6598,4.3822,4.3786,142.6506,51.1231
6.4865,90.2598,1291.9635,20.5248,106.4013,2.733,85.6734,4.3843,4.3754,142.6287,51.1168
6.5465,90.2414,1291.9591,20.5275,106.4223,2.7395,85.6492,4.3638,4.3735,142.6418,51.1333
6.6066,90.2564,1291.8897,20.5002,106.399,2.7446,85.6489,4.42,4.351,142.6183,51.1136
6.6667,90.198,1291.6381,20.4982,106.3949,2.7306,85.666,4.3913,4.3845,142.6212,51.1245
6.7267,90.1935,1291.5066,20.4958,106.3787,2.717,85.6363,4.3884,4.3826,142.6192,51.1188
6.7868,90.199,1291.4591,20.4829,106.354,2.7382,85.6677,4.4024,4.3793,142.5986,51.1208
6.8468,90.1827,1291.2538,20.4634,106.3558,2.7133,85.6693,4.3679,4.379,142.5773,51.1254
6.9069,90.1699,1291.178,20.474,106.3436,2.7252,85.6822,4.3893,4.39,142.5864,51.1563
6.967,90.172,1291.1266,20.4613,106.3189,2.7165,85.6993,4.3865,4.3855,142.5767,51.143
7.027,90.1658,1291.0465,20.4648,106.3638,2.7393,85.6682,4.3761,4.3784,142.5736,51.1423
7.0871,90.153,1290.9242,20.4548,106.3155,2.7343,85.6855,4.3848,4.377,142.5425,51.1514
7.1471,90.1403,1290.8659,20.4312,106.3395,2.7323,85.6716,4.3782,4.377,142.5496,51.1317
7.2072,90.1602,1290.7967,20.4612,106.3149,2.7301,85.6836,4.3808,4.3744,142.5545,51.1424
7.2673,90.1402,1290.6722,20.4207,106.3086,2.7341,85.6743,4.3677,4.3683,142.5431,51.1308
7.3273,90.131,1290.3926,20.4318,106.2879,2.7286,85.6539,4.3927,4.3878,142.5337,51.1105
7.3874,90.1238,1290.283,20.4361,106.2959,2.7417,85.6516,4.3756,4.3773,142.5215,51.0976
7.4474,90.1192,1290.2421,20.4316,106.2707,2.7321,85.6499,4.3802,4.3735,142.5399,51.0934
7.5075,90.1103,1290.1974,20.4184,106.2561,2.7205,85.6439,4.4024,4.389,142.5224,51.1031
7.5676,90.0951,1290.1304,20.4093,106.2729,2.7253,85.664,4.3835,4.377,142.5283,51.0926
7.6276,90.0566,1289.7999,20.389,106.2656,2.7285,85.6446,4.383,4.3843,142.4975,51.0874
7.6877,90.048,1289.5839,20.3799,106.2567,2.723,85.6291,4.383,4.386,142.4839,51.0693
7.7477,90.0511,1289.4814,20.4072,106.2342,2.6969,85.6549,4.3769,4.3877,142.4923,51.0934
7.8078,90.0443,1289.2169,20.3789,106.2299,2.7069,85.6116,4.3603,4.3828,142.4604,51.0562
7.8679,90.0235,1289.1445,20.3327,106.2106,2.7153,85.6311,4.3731,4.3775,142.4739,51.0792
7.9279,90.0488,1289.1399,20.3659,106.1933,2.7209,85.6399,4.3692,4.3863,142.4806,51.0643
7.988,90.0164,1288.9966,20.3631,106.1966,2.6962,85.6236,4.3773,4.3664,142.4621,51.0632
8.048,90.0097,1288.726,20.35,106.1829,2.6847,85.6036,4.3825,4.3824,142.4426,51.0627
8.1081,89.9874,1288.7419,20.3462,106.1632,2.7138,85.6228,4.3622,4.3923,142.4385,51.0648
8.1682,89.9933,1288.668,20.3501,106.1752,2.7053,85.6051,4.387,4.391,142.4436,51.0489
8.2282,89.987,1288.5606,20.3431,106.1868,2.6924,85.6308,4.3903,4.3802,142.4314,51.0432
8.2883,89.9762,1288.2957,20.3305,106.16,2.6994,85.5888,4.3824,4.3962,142.4268,51.0295
8.3483,89.9477,1287.842,20.2973,106.136,2.6784,85.5837,4.3887,4.3806,142.3894,51.0319
8.4084,89.9393,1287.7883,20.3008,106.1118,2.7006,85.578,4.3913,4.3905,142.3903,51.0138
8.4685,89.9154,1287.5254,20.2879,106.1124,2.681,85.582,4.3765,4.3973,142.3722,50.9935
8.5285,89.9123,1287.3602,20.2917,106.1133,2.694,85.584,4.3869,4.3863,142.37,51.0012
8.5886,89.8972,1287.358,20.2724,106.1116,2.6988,85.5849,4.3892,4.3904,142.3657,50.9955
8.6486,89.9041,1287.3632,20.2761,106.0922,2.7091,85.5723,4.4047,4.3962,142.3795,50.9986
8.7087,89.9033,1287.3054,20.2686,106.0885,2.6973,85.5705,4.3958,4.3926,142.3746,50.9902
8.7688,89.8727,1287.0508,20.2748,106.0743,2.6912,85.5802,4.3855,4.3879,142.3532,51.0081
8.8288,89.8538,1286.8737,20.2386,106.0779,2.7045,85.564,4.383,4.3945,142.3563,50.9938
8.8889,89.8429,1286.465,20.2272,106.0519,2.6961,85.5793,4.3904,4.4012,142.3226,50.9807
8.9489,89.8475,1286.4797,20.2447,106.0275,2.6932,85.5691,4.3927,4.3801,142.3063,50.9708
9.009,89.8552,1286.4691,20.2259,106.053,2.6801,85.5575,4.382,4.3724,142.3231,50.9762
9.0691,89.8212,1286.4841,20.2206,106.0394,2.7118,85.5713,4.3983,4.3936,142.3085,50.9884
9.1291,89.802,1286.2841,20.2089,106.0178,2.6884,85.5744,4.3952,4.3912,142.3083,50.9737
9.1892,89.8017,1286.0191,20.2161,106.0201,2.7036,85.5673,4.3911,4.3848,142.315,50.9902
9.2492,89.8075,1285.9993,20.2076,105.9975,2.6968,85.5775,4.3829,4.3903,142.2963,50.977
9.3093,89.7357,1285.3099,20.1811,105.9596,2.7017,85.5626,4.3994,4.4031,142.2517,50.9706
9.3694,89.7399,1284.9527,20.1543,105.9494,2.6975,85.5626,4.3893,4.3893,142.2485,50.9573
9.4294,89.7202,1284.8666,20.1576,105.9393,2.6771,85.5528,4.3839,4.408,142.2278,50.9754
9.4895,89.7059,1284.6218,20.147,105.9198,2.6793,85.5472,4.3896,4.3873,142.2127,50.9497
9.5495,89.7186,1284.6247,20.1513,105.9181,2.6868,85.551,4.3911,4.3977,142.2148,50.9405
9.6096,89.6983,1284.6212,20.1407,105.9247,2.682,85.5414,4.3857,4.3892,142.2299,50.9529
9.6697,89.6965,1284.628,20.1416,105.9172,2.6934,85.5523,4.3977,4.3884,142.2261,50.9703
9.7297,89.6971,1284.6158,20.1523,105.916,2.6986,85.5523,4.3955,4.3932,142.2093,50.9471
9.7898,89.6904,1284.5622,20.1605,105.8866,2.6887,85.5485,4.3732,4.3887,142.2027,50.9465
9.8498,89.7081,1284.4591,20.1543,105.9096,2.701,85.5518,4.3751,4.3991,142.2039,50.9508
9.9099,89.6811,1284.1512,20.1364,105.9012,2.6805,85.5237,4.3992,4.4022,142.1946,50.9328
9.97,89.694,1284.1138,20.1299,105.8998,2.6645,85.5473,4.3964,4.394,142.216,50.9201
10.03,89.6833,1283.9876,20.1034,105.8942,2.6891,85.5333,4.3906,4.3914,142.1906,50.9327
10.0901,89.6636,1283.9377,20.1233,105.8945,2.669,85.5215,4.3851,4.4023,142.1854,50.9299
10.1502,89.6636,1283.8055,20.1016,105.8692,2.6788,85.5272,4.3973,4.3876,142.1745,50.9379
10.2102,89.6626,1283.7836,20.1097,105.8722,2.6819,85.5408,4.4075,4.4035,142.1972,50.9
10.2703,89.6464,1283.6142,20.0978,105.8685,2.6788,85.534,4.3793,4.3724,142.1779,50.9014
10.3303,89.6463,1283.5873,20.1032,105.8524,2.6683,85.5232,4.3863,4.3801,142.1591,50.932
10.3904,89.6214,1283.2573,20.0728,105.8359,2.6879,85.5363,4.3797,4.4151,142.1437,50.9268
10.4505,89.5986,1283.1581,20.0674,105.8195,2.6854,85.5142,4.3951,4.3881,142.1212,50.9273
10.5105,89.6072,1283.1275,20.0569,105.8409,2.6952,85.5231,4.383,4.4061,142.0976,50.9175
10.5706,89.5896,1283.0962,20.0634,105.8154,2.6495,85.5453,4.3848,4.3999,142.1342,50.9184
10.6306,89.5886,1283.0292,20.0628,105.7939,2.6671,85.5214,4.3928,4.3991,142.1253,50.9198
10.6907,89.5793,1283.0246,20.0771,105.8003,2.6768,85.5318,4.3864,4.4022,142.1214,50.9083
10.7508,89.5834,1282.9888,20.0611,105.7974,2.6551,85.5338,4.3867,4.4075,142.1096,50.9393
10.8108,89.5777,1282.7459,20.0357,105.7938,2.6615,85.5179,4.3958,4.3927,142.0915,50.9258
10.8709,89.5539,1282.3659,20.0326,105.7704,2.6628,85.5195,4.4024,4.3942,142.0884,50.9019
10.9309,89.5159,1282.1246,20.0016,105.7285,2.6702,85.5184,4.3912,4.3954,142.0742,50.8856
10.991,89.5111,1282.0537,20.0237,105.7357,2.6468,85.5034,4.3766,4.3932,142.071,50.8901
11.0511,89.486,1281.8386,19.9929,105.7354,2.681,85.4739,4.4207,4.4109,142.0438,50.8631
11.1111,89.4948,1281.7957,19.9753,105.7246,2.662,85.4698,4.3933,4.4065,142.0494,50.8438
11.1712,89.4757,1281.6637,19.982,105.7071,2.6702,85.4705,4.3942,4.3919,142.0413,50.8517
11.2312,89.4598,1281.338,19.9604,105.6843,2.6663,85.4539,4.4062,4.4043,142.0278,50.8428
11.2913,89.436,1281.2103,19.9542,105.662,2.6568,85.4608,4.3855,4.3933,142.0075,50.8188
11.3514,89.411,1281.1226,19.9623,105.6831,2.6658,85.4485,4.4094,4.3944,141.9981,50.8128
11.4114,89.4338,1281.1047,19.9654,105.6828,2.6762,85.4576,4.4047,4.3896,142.0123,50.8164
11.4715,89.4254,1281.0373,19.9652,105.6638,2.6591,85.4581,4.4036,4.423,141.997,50.7988
11.5315,89.4123,1280.8157,19.9564,105.6518,2.6659,85.4609,4.3984,4.3911,141.9816,50.799
11.5916,89.3835,1280.7889,19.9286,105.6472,2.6679,85.4362,4.4119,4.4103,141.968,50.7899
11.6517,89.3692,1280.6875,19.9303,105.6417,2.658,85.4454,4.4019,4.3882,141.9634,50.7839
11.7117,89.3887,1280.6578,19.9193,105.631,2.6605,85.425,4.4027,4.4056,141.943,50.8045
11.7718,89.339,1280.3693,19.9012,105.5844,2.6413,85.4441,4.4065,4.3825,141.9185,50.7807
11.8318,89.3373,1280.2975,19.9096,105.5884,2.6561,85.4343,4.4052,4.4015,141.9423,50.7788
11.8919,89.3487,1280.2275,19.9121,105.5776,2.6638,85.4325,4.3995,4.3908,141.9396,50.7899
11.952,89.3201,1280.1968,19.9159,105.5894,2.6657,85.4318,4.3923,4.4066,141.916,50.7859
12.012,89.326,1279.8539,19.8778,105.5767,2.6435,85.428,4.3852,4.3947,141.8898,50.7783
12.0721,89.3167,1279.7895,19.8676,105.5663,2.6459,85.4124,4.422,4.4039,141.8905,50.792
12.1321,89.2941,1279.7039,19.8691,105.5493,2.658,85.4236,4.3977,4.4096,141.8887,50.7799
12.1922,89.2625,1279.2709,19.8428,105.5346,2.6552,85.4452,4.4017,4.3918,141.8957,50.76
12.2523,89.262,1279.2118,19.8213,105.5146,2.632,85.4291,4.3981,4.405,141.8668,50.7717
12.3123,89.2591,1279.1014,19.8341,105.502,2.6525,85.4308,4.3809,4.4088,141.8683,50.781
12.3724,89.2453,1279.0845,19.8303,105.5139,2.6232,85.4273,4.4066,4.4084,141.8583,50.7628
12.4324,89.2503,1279.0394,19.8533,105.5069,2.6513,85.4362,4.4039,4.4014,141.8486,50.775
12.4925,89.2408,1278.9775,19.8322,105.5019,2.6472,85.435,4.4066,4.4006,141.8526,50.7903
12.5526,89.2339,1278.8995,19.8285,105.4905,2.6545,85.4429,4.3954,4.4116,141.8457,50.771
12.6126,89.229,1278.7874,19.8273,105.4875,2.6293,85.428,4.394,4.4087,141.8427,50.7814
12.6727,89.2329,1278.7111,19.8368,105.4875,2.6529,85.4245,4.4115,4.4167,141.8637,50.7817
12.7327,89.2359,1278.6523,19.8157,105.4777,2.6402,85.4229,4.3758,4.4049,141.8405,50.7786
12.7928,89.2434,1278.5443,19.8196,105.5006,2.655,85.4314,4.4038,4.4047,141.8256,50.7739
12.8529,89.2192,1278.2611,19.7992,105.4653,2.6484,85.4245,4.3923,4.4324,141.826,50.7793
12.9129,89.2132,1278.1437,19.8024,105.448,2.6283,85.4184,4.3949,4.414,141.8018,50.7664
12.973,89.1984,1278.0654,19.8021,105.4408,2.6182,85.4196,4.4115,4.397,141.8076,50.7622
13.033,89.1755,1277.9613,19.7841,105.4249,2.6386,85.4137,4.4016,4.4281,141.8073,50.7792
13.0931,89.1753,1277.6829,19.7745,105.4092,2.6286,85.4132,4.4065,4.4011,141.8056,50.7628
13.1532,89.1569,1277.5807,19.7836,105.3983,2.6493,85.4061,4.4018,4.4152,141.7918,50.7431
13.2132,89.1573,1277.5325,19.7677,105.4111,2.6224,85.4196,4.4118,4.3998,141.7787,50.7277
13.2733,89.1321,1277.3508,19.7654,105.3978,2.6418,85.4039,4.3978,4.4196,141.7776,50.7533
13.3333,89.1456,1277.0345,19.7492,105.3928,2.6446,85.392,4.4237,4.4278,141.7559,50.7333
13.3934,89.1276,1276.8969,19.7373,105.3628,2.6091,85.4073,4.4155,4.4259,141.7475,50.7163
13.4535,89.1299,1276.8384,19.731,105.3649,2.6302,85.392,4.4091,4.4126,141.7334,50.7213
13.5135,89.1022,1276.6848,19.7426,105.3634,2.6305,85.3806,4.3972,4.4114,141.7294,50.719
13.5736,89.0894,1276.3473,19.7236,105.3234,2.6238,85.3716,4.4091,4.4094,141.7062,50.6859
13.6336,89.0857,1276.2282,19.696,105.3232,2.6247,85.3906,4.4016,4.4047,141.7054,50.7091
13.6937,89.0594,1276.1079,19.7024,105.3218,2.6246,85.3809,4.4263,4.4119,141.6958,50.6808
13.7538,89.0488,1276.0077,19.6805,105.3147,2.6239,85.3522,4.4072,4.4078,141.6805,50.7092
13.8138,89.0296,1275.7935,19.6951,105.3121,2.6008,85.3601,4.4055,4.4265,141.6751,50.6571
13.8739,89.046,1275.7343,19.7002,105.2867,2.6348,85.3815,4.4129,4.4023,141.6693,50.6837
13.9339,89.0475,1275.7012,19.6665,105.2861,2.6221,85.3904,4.4056,4.424,141.6809,50.6876
13.994,89.031,1275.6124,19.6709,105.2857,2.6169,85.3732,4.4125,4.4094,141.6475,50.6814
14.0541,89.0111,1275.5028,19.6834,105.2652,2.6283,85.3905,4.4075,4.4091,141.6602,50.7018
14.1141,89.0023,1275.4782,19.6561,105.2749,2.6243,85.3828,4.4106,4.4068,141.6309,50.6923
14.1742,89.0148,1275.3997,19.6387,105.2777,2.6094,85.3787,4.4097,4.4165,141.6357,50.6943
14.2342,88.9882,1275.3085,19.649,105.2604,2.6335,85.3821,4.4055,4.3905,141.6657,50.6952
14.2943,88.9716,1274.9704,19.6244,105.2166,2.6253,85.3497,4.4129,4.4177,141.6137,50.6653
14.3544,88.9575,1274.8453,19.6144,105.2197,2.6125,85.3644,4.4061,4.407,141.6175,50.6763
14.4144,88.9407,1274.7823,19.6158,105.1996,2.6321,85.3601,4.409,4.4177,141.6027,50.6815
14.4745,88.9141,1274.6673,19.603,105.2041,2.5988,85.3704,4.4098,4.4029,141.5958,50.6853
14.5345,88.9145,1274.463,19.6096,105.1707,2.6088,85.377,4.4131,4.3999,141.5575,50.6666
14.5946,88.9128,1274.4009,19.6042,105.1658,2.6282,85.3704,4.4059,4.4028,141.575,50.6707
14.6547,88.9162,1274.336,19.596,105.1758,2.5997,85.3718,4.4276,4.4264,141.5903,50.6778
14.7147,88.9175,1274.2164,19.5734,105.1641,2.6067,85.3632,4.4036,4.4044,141.573,50.6687
14.7748,88.8983,1273.9012,19.5535,105.147,2.6238,85.3419,4.4133,4.4054,141.5393,50.656
14.8348,88.8686,1273.8642,19.5706,105.1426,2.6053,85.3704,4.4083,4.4181,141.56,50.6839
14.8949,88.8669,1273.6809,19.5658,105.1328,2.6025,85.3416,4.4082,4.4141,141.5387,50.6552
14.955,88.8596,1273.3448,19.5525,105.1259,2.6146,85.3555,4.4105,4.4085,141.5342,50.652
15.015,88.8544,1273.2046,19.5181,105.1332,2.628,85.3515,4.4162,4.4156,141.5179,50.6473
15.0751,88.84,1273.123,19.5503,105.1033,2.6137,85.3442,4.4152,4.4235,141.4971,50.6571
15.1351,88.8476,1273.0743,19.5448,105.1021,2.6322,85.3083,4.3968,4.4083,141.5086,50.6439
15.1952,88.8441,1273.0052,19.54,105.1202,2.6027,85.3301,4.4249,4.4247,141.5083,50.6533
15.2553,88.8236,1272.6615,19.5171,105.0892,2.6101,85.327,4.4078,4.4202,141.4926,50.6055
15.3153,88.8102,1272.4625,19.5129,105.0877,2.5978,85.3029,4.4083,4.4196,141.5005,50.6112
15.3754,88.8221,1272.3973,19.5082,105.0916,2.585,85.3174,4.3981,4.4124,141.5004,50.5995
15.4354,88.8076,1272.3827,19.4907,105.0864,2.6062,85.2949,4.3988,4.4049,141.5126,50.6006
15.4955,88.8034,1272.3251,19.5094,105.0868,2.6157,85.3076,4.428,4.4142,141.4916,50.5914
15.5556,88.8088,1272.2585,19.4992,105.0763,2.5988,85.3084,4.4196,4.4167,141.4961,50.5757
15.6156,88.8021,1272.2337,19.4871,105.0767,2.5902,85.3045,4.4246,4.406,141.4775,50.5684
15.6757,88.7995,1272.2006,19.4899,105.0615,2.6044,85.2893,4.4231,4.4152,141.4675,50.5863
15.7357,88.7795,1272.0436,19.4901,105.0695,2.6169,85.2716,4.4186,4.4225,141.4835,50.5777
15.7958,88.7549,1271.6945,19.4855,105.0516,2.6,85.2526,4.4095,4.4125,141.4313,50.5313
15.8559,88.7469,1271.5403,19.4731,105.0187,2.5988,85.2531,4.4259,4.4067,141.4378,50.5201
15.9159,88.7228,1271.463,19.4532,105.0243,2.5815,85.2531,4.4197,4.4228,141.4455,50.51
15.976,88.7157,1271.4087,19.4557,105.0031,2.585,85.2563,4.4066,4.4243,141.4379,50.5242
16.036,88.72,1271.3432,19.4818,105.0075,2.5873,85.2532,4.4283,4.4236,141.423,50.529
16.0961,88.6859,1271.0976,19.4426,104.975,2.6047,85.2579,4.3991,4.4205,141.4088,50.5111
16.1562,88.6763,1271.008,19.4402,104.969,2.6058,85.253,4.419,4.4308,141.3926,50.5234
16.2162,88.6777,1270.9387,19.4267,104.9744,2.6039,85.2554,4.4073,4.4255,141.3827,50.5227
16.2763,88.6498,1270.8889,19.445,104.9502,2.5644,85.2676,4.4216,4.4128,141.3822,50.5409
16.3363,88.6461,1270.7059,19.4061,104.9266,2.5862,85.2797,4.4286,4.4166,141.3586,50.5647
16.3964,88.6261,1270.6476,19.4239,104.909,2.6072,85.271,4.4244,4.4242,141.3511,50.5506
16.4565,88.6236,1270.6195,19.386,104.9132,2.5809,85.2631,4.4253,4.4144,141.3551,50.5458
16.5165,88.6168,1270.5473,19.4029,104.924,2.5905,85.2672,4.4201,4.4035,141.3502,50.5706
16.5766,88.5856,1270.3929,19.3825,104.9078,2.6162,85.2754,4.4044,4.437,141.3241,50.5551
16.6366,88.5926,1270.3545,19.3733,104.9023,2.598,85.2702,4.4014,4.4336,141.3273,50.5677
16.6967,88.5927,1270.3033,19.378,104.9005,2.5818,85.2595,4.4281,4.4128,141.328,50.5554
16.7568,88.5716,1270.1527,19.3757,104.8849,2.5803,85.2455,4.421,4.4272,141.2984,50.5265
16.8168,88.5512,1269.8632,19.3558,104.8751,2.5902,85.2417,4.4323,4.4078,141.3023,50.5115
16.8769,88.5475,1269.7202,19.3332,104.8606,2.5835,85.2284,4.4061,4.4092,141.2889,50.5062
16.9369,88.5496,1269.6597,19.359,104.848,2.5627,85.2173,4.4247,4.4105,141.2719,50.4843
16.997,88.5278,1269.5656,19.3612,104.8367,2.5665,85.2272,4.4256,4.4163,141.2906,50.4844
17.0571,88.5274,1269.5111,19.3279,104.8458,2.5722,85.2266,4.434,4.4107,141.2765,50.4885
17.1171,88.5311,1269.4994,19.3438,104.849,2.5588,85.2228,4.4227,4.4114,141.2915,50.4829
17.1772,88.5224,1269.444,19.3534,104.8299,2.5748,85.2356,4.4207,4.422,141.28,50.4895
17.2372,88.5084,1269.2859,19.3264,104.8165,2.5814,85.2283,4.4468,4.4156,141.2795,50.4916
17.2973,88.4825,1268.8676,19.3258,104.8047,2.5777,85.2349,4.4118,4.4059,141.2371,50.4847
17.3574,88.4842,1268.7513,19.3096,104.7925,2.5876,85.2329,4.417,4.4169,141.2417,50.4843
17.4174,88.4786,1268.6038,19.299,104.7747,2.5519,85.2258,4.4277,4.4468,141.2423,50.4926
17.4775,88.4697,1268.4875,19.2934,104.7907,2.5717,85.2229,4.3992,4.4298,141.2213,50.4767
17.5375,88.465,1268.2986,19.3037,104.7559,2.5741,85.2362,4.4274,4.4183,141.217,50.4772
17.5976,88.4481,1268.2487,19.2795,104.7775,2.5558,85.2187,4.4272,4.4065,141.2007,50.4946
17.6577,88.447,1268.2269,19.2918,104.7677,2.5817,85.2351,4.4243,4.4112,141.208,50.5006
17.7177,88.4317,1268.1704,19.274,104.7624,2.5716,85.2316,4.4121,4.4214,141.1942,50.4884
17.7778,88.4255,1267.9858,19.2798,104.7357,2.5396,85.2361,4.4268,4.4446,141.1775,50.4801
17.8378,88.3962,1267.6727,19.2348,104.7321,2.5613,85.2133,4.4174,4.4412,141.1833,50.4683
17.8979,88.3855,1267.4816,19.2465,104.7271,2.5558,85.2212,4.4155,4.41,141.1627,50.4859
17.958,88.3901,1267.4538,19.2571,104.7146,2.5593,85.2358,4.4233,4.4363,141.1659,50.4729
18.018,88.368,1267.1765,19.2411,104.6878,2.5555,85.2012,4.4381,4.4146,141.1487,50.4777
18.0781,88.3463,1267.1009,19.2446,104.708,2.5657,85.2166,4.437,4.4282,141.1487,50.4611
18.1381,88.34,1267.0614,19.2329,104.6983,2.5728,85.1874,4.4314,4.4294,141.1427,50.4547
18.1982,88.3406,1266.9674,19.2286,104.6818,2.5562,85.2003,4.4226,4.4264,141.1395,50.4533
18.2583,88.331,1266.6503,19.2128,104.6534,2.56,85.2176,4.4355,4.4184,141.1158,50.4326
18.3183,88.3283,1266.5451,19.219,104.6519,2.5619,85.1827,4.4351,4.4262,141.1212,50.4305
18.3784,88.3327,1266.5113,19.2013,104.6612,2.5445,85.2,4.4279,4.4226,141.1109,50.4047
18.4384,88.3179,1266.3935,19.2046,104.6556,2.5559,85.1747,4.421,4.4195,141.0956,50.4245
18.4985,88.3111,1266.2811,19.1762,104.6382,2.5466,85.1838,4.4315,4.4356,141.1184,50.4301
18.5586,88.3092,1266.0715,19.1813,104.6248,2.5599,85.1812,4.4455,4.4386,141.0977,50.4247
18.6186,88.2679,1265.7235,19.1607,104.6058,2.5288,85.1877,4.4349,4.4404,141.0742,50.3906
18.6787,88.2628,1265.5653,19.1579,104.5849,2.5347,85.1564,4.4239,4.4348,141.0762,50.391
18.7387,88.2626,1265.4445,19.1368,104.5904,2.5575,85.1684,4.4273,4.4213,141.0689,50.3936
18.7988,88.2375,1265.4393,19.1431,104.5741,2.5457,85.1898,4.4224,4.4409,141.0611,50.3928
18.8589,88.2631,1265.4413,19.1538,104.5895,2.5454,85.1663,4.4215,4.4348,141.0589,50.3813
18.9189,88.2483,1265.4538,19.1239,104.5848,2.5443,85.1404,4.4247,4.4485,141.0497,50.4221
18.979,88.2326,1265.4154,19.169,104.5813,2.5751,85.1509,4.4198,4.4213,141.0379,50.4144
19.039,88.2302,1265.3118,19.154,104.5669,2.5424,85.1438,4.4201,4.4228,141.0504,50.3897
19.0991,88.225,1265.1533,19.1316,104.5777,2.5428,85.1532,4.439,4.4127,141.036,50.382
19.1592,88.207,1265.0433,19.116,104.5411,2.5358,85.1742,4.4337,4.4354,141.0314,50.4024
19.2192,88.1965,1264.9925,19.1265,104.5594,2.5425,85.158,4.4336,4.4205,141.0128,50.3815
19.2793,88.2068,1264.9288,19.1254,104.5436,2.5398,85.1672,4.4398,4.4193,141.033,50.3923
19.3393,88.1773,1264.7632,19.0934,104.5129,2.5508,85.1602,4.4321,4.4342,141.016,50.3774
19.3994,88.1581,1264.6792,19.0927,104.5069,2.5337,85.1673,4.4326,4.4317,141.0027,50.3734
19.4595,88.174,1264.6077,19.1031,104.5007,2.5394,85.1654,4.4536,4.432,140.9851,50.3948
19.5195,88.1524,1264.5631,19.0981,104.5115,2.5453,85.1534,4.419,4.4335,140.9869,50.3899
19.5796,88.1377,1264.3161,19.0956,104.5066,2.5656,85.1568,4.4466,4.445,140.9605,50.3882
19.6396,88.1279,1264.2236,19.0663,104.4993,2.5519,85.1672,4.4366,4.448,140.959,50.3877
19.6997,88.1246,1264.1549,19.0665,104.4947,2.5406,85.1713,4.422,4.4177,140.9597,50.3802
19.7598,88.1122,1264.0481,19.0497,104.4687,2.5546,85.145,4.4447,4.4149,140.934,50.3635
19.8198,88.0835,1263.7184,19.043,104.4395,2.5634,85.1544,4.4425,4.4231,140.9265,50.3921
19.8799,88.0878,1263.6308,19.0443,104.4348,2.5303,85.1526,4.4391,4.4421,140.937,50.3803
19.9399,88.0804,1263.5803,19.0525,104.4367,2.5325,85.161,4.4141,4.4285,140.9402,50.3827
20.0,88.0574,1263.4846,19.0284,104.4216,2.5299,85.1341,4.4114,4.4372,140.8984,50.3685
20.0601,88.0284,1263.2571,19.0278,104.4145,2.5459,85.1411,4.4213,4.4273,140.8961,50.3691
20.1201,88.0605,1263.1658,19.0126,104.4229,2.55,85.1386,4.4283,4.4403,140.9213,50.3545
20.1802,88.0385,1263.1148,19.0205,104.4025,2.5413,85.1489,4.4377,4.4337,140.8944,50.3571
20.2402,88.0366,1263.003,19.0255,104.4044,2.543,85.1384,4.4265,4.4293,140.8774,50.3353
20.3003,88.0107,1262.6555,18.9919,104.3698,2.546,85.1104,4.4275,4.4357,140.8704,50.3267
20.3604,87.9945,1262.5151,18.9836,104.3601,2.5473,85.1053,4.4241,4.4289,140.8677,50.3024
20.4204,87.9898,1262.4698,18.9867,104.3712,2.5313,85.1024,4.435,4.4306,140.8669,50.3065
20.4805,87.9812,1262.4337,18.9882,104.3674,2.5358,85.1077,4.4226,4.4042,140.8559,50.2984
20.5405,87.9762,1262.3426,18.9857,104.3526,2.5342,85.0877,4.4425,4.4325,140.8587,50.3018
20.6006,87.9859,1262.3053,18.9745,104.3574,2.5215,85.097,4.423,4.4357,140.8594,50.3041
20.6607,87.9881,1262.3011,18.9771,104.3618,2.5285,85.09,4.4378,4.4357,140.8371,50.2911
20.7207,87.9829,1262.1906,18.9659,104.3408,2.5202,85.0942,4.4119,4.4384,140.8556,50.3033
20.7808,87.9871,1262.0589,18.9653,104.3515,2.5406,85.0839,4.4336,4.4693,140.8307,50.2831
20.8408,87.9624,1261.9265,18.9467,104.3305,2.5353,85.086,4.4415,4.4259,140.8319,50.3031
20.9009,87.9601,1261.8592,18.9475,104.3452,2.5314,85.102,4.4359,4.4419,140.8416,50.3053
20.961,87.9688,1261.8349,18.9451,104.3268,2.5428,85.1029,4.4274,4.4522,140.827,50.2873
21.021,87.9719,1261.6439,18.9578,104.3329,2.535,85.0917,4.4363,4.4595,140.8459,50.2976
21.0811,87.9686,1261.5176,18.9447,104.3209,2.5289,85.0814,4.4541,4.4516,140.8092,50.3009
21.1411,87.9712,1261.3951,18.9462,104.334,2.5561,85.0628,4.4356,4.454,140.819,50.2847
21.2012,87.949,1261.2354,18.944,104.3014,2.5188,85.0926,4.447,4.4316,140.8191,50.2833
21.2613,87.9353,1260.6665,18.8809,104.288,2.5235,85.0555,4.4459,4.4395,140.804,50.2783
21.3213,87.9132,1260.4049,18.8932,104.261,2.5285,85.0742,4.4247,4.4363,140.7796,50.2745
21.3814,87.8802,1260.2966,18.8911,104.2551,2.5093,85.0888,4.4427,4.4401,140.8141,50.2718
21.4414,87.9019,1260.2177,18.8938,104.2668,2.5132,85.0793,4.4311,4.4445,140.7766,50.2827
21.5015,87.9009,1260.0053,18.8833,104.2441,2.5237,85.0683,4.4456,4.4523,140.7669,50.2873
21.5616,87.88,1259.9401,18.8729,104.2433,2.5157,85.0791,4.426,4.4367,140.7696,50.2641
21.6216,87.8542,1259.7963,18.8732,104.2186,2.5262,85.0711,4.4357,4.4441,140.7483,50.257
21.6817,87.8266,1259.5145,18.8662,104.1762,2.5153,85.0604,4.4456,4.4416,140.7203,50.2369
21.7417,87.7985,1259.4966,18.83,104.1865,2.5106,85.0526,4.4403,4.4465,140.704,50.2173
21.8018,87.7854,1259.2746,18.8181,104.1738,2.5119,85.0427,4.4271,4.4247,140.7028,50.2273
21.8619,87.7803,1259.2597,18.8324,104.1541,2.5242,85.0405,4.4407,4.4371,140.6993,50.2251
21.9219,87.7698,1259.1276,18.8257,104.1662,2.5052,85.044,4.4504,4.4418,140.6705,50.2162
21.982,87.7764,1259.0659,18.8286,104.1419,2.5167,85.0464,4.4472,4.4495,140.6681,50.2097
22.042,87.7622,1259.0424,18.8091,104.1501,2.5156,85.0272,4.435,4.45,140.6752,50.202
22.1021,87.7428,1258.9795,18.8071,104.1269,2.5308,85.0344,4.4543,4.4483,140.6637,50.2152
22.1622,87.7602,1258.9502,18.8155,104.1394,2.5235,85.0372,4.4257,4.438,140.6517,50.2008
22.2222,87.7285,1258.8967,18.8026,104.1297,2.5256,85.0225,4.4503,4.448,140.6655,50.1997
22.2823,87.7393,1258.7094,18.799,104.1199,2.5044,85.037,4.4274,4.4425,140.6426,50.198
22.3423,87.7121,1258.6369,18.7843,104.1052,2.5001,85.0264,4.4469,4.4355,140.6407,50.2047
22.4024,87.705,1258.5503,18.7786,104.1003,2.4917,85.0158,4.4389,4.4357,140.6353,50.2055
22.4625,87.7046,1258.537,18.7652,104.1095,2.4959,85.0309,4.4387,4.4418,140.6266,50.1826
22.5225,87.6989,1258.4567,18.7705,104.0887,2.5024,85.0286,4.4495,4.4432,140.6171,50.1994
22.5826,87.7,1258.3063,18.7585,104.0682,2.5101,85.0223,4.4522,4.4383,140.6147,50.2097
22.6426,87.6876,1258.2432,18.7675,104.0683,2.4877,85.008,4.4398,4.4542,140.6035,50.2133
22.7027,87.6773,1258.1692,18.7621,104.0728,2.4902,85.0173,4.4305,4.4348,140.5997,50.212
22.7628,87.6711,1258.0173,18.7398,104.0788,2.5172,84.9975,4.4309,4.429,140.6135,50.1832
22.8228,87.6369,1257.6994,18.7538,104.0442,2.5095,85.0162,4.4487,4.4437,140.5753,50.2105
22.8829,87.6346,1257.5252,18.7162,104.057,2.5067,85.0259,4.4349,4.4457,140.5681,50.1999
22.9429,87.6283,1257.5017,18.738,104.0362,2.5042,85.0443,4.4248,4.4312,140.5863,50.1814
23.003,87.6135,1257.4214,18.7304,104.0241,2.4869,85.0251,4.4461,4.4319,140.5731,50.189
23.0631,87.6125,1257.2223,18.7088,104.0245,2.5101,85.0314,4.4407,4.4397,140.5452,50.1828
23.1231,87.6269,1257.2275,18.7322,103.996,2.5047,85.0189,4.4514,4.429,140.5567,50.1817
23.1832,87.5969,1257.1111,18.7078,104.0239,2.5161,85.0146,4.4252,4.4466,140.5538,50.177
23.2432,87.6133,1256.9232,18.7003,104.0112,2.4821,85.0198,4.4409,4.4595,140.5304,50.1884
23.3033,87.5981,1256.5393,18.706,103.9977,2.5029,85.0101,4.4477,4.4412,140.5325,50.1565
23.3634,87.5618,1256.2426,18.6777,103.9836,2.4946,85.0295,4.4508,4.4575,140.5287,50.1647
23.4234,87.5875,1256.115,18.6853,103.9901,2.4756,85.0251,4.4382,4.4243,140.5399,50.1819
23.4835,87.5639,1256.1171,18.6907,103.9695,2.5096,85.0073,4.4379,4.4478,140.5281,50.1724
23.5435,87.5514,1255.9658,18.6747,103.9619,2.4917,84.9988,4.443,4.4476,140.5207,50.1748
23.6036,87.5478,1255.9114,18.6581,103.9521,2.4857,85.0018,4.4498,4.4374,140.515,50.1757
23.6637,87.5714,1255.8647,18.6642,103.948,2.4846,84.9968,4.4563,4.4673,140.522,50.1691
23.7237,87.5378,1255.7855,18.6488,103.9404,2.4911,84.9917,4.4553,4.4472,140.525,50.1634
23.7838,87.4997,1255.5233,18.6457,103.9198,2.4857,84.9792,4.4513,4.4582,140.481,50.1408
23.8438,87.4899,1255.3787,18.6434,103.9037,2.4809,84.9825,4.4418,4.4703,140.4815,50.1302
23.9039,87.4587,1255.3225,18.6304,103.9132,2.4718,84.9562,4.4568,4.4545,140.4573,50.1254
23.964,87.4945,1255.2471,18.6327,103.8995,2.4799,84.9784,4.4883,4.4424,140.4787,50.122
24.024,87.4543,1255.0613,18.6023,103.8683,2.4766,84.9653,4.4511,4.4484,140.4436,50.1181
24.0841,87.4602,1255.0088,18.6076,103.8681,2.4846,84.9599,4.4632,4.4364,140.4381,50.1041
24.1441,87.4512,1254.9619,18.6291,103.8544,2.4952,84.9554,4.4482,4.4378,140.4551,50.1371
24.2042,87.441,1254.8699,18.5856,103.8651,2.4942,84.9445,4.4412,4.4655,140.4138,50.1071
24.2643,87.4137,1254.6995,18.5926,103.8406,2.471,84.9626,4.4625,4.4463,140.4162,50.0952
24.3243,87.4122,1254.6639,18.5592,103.8495,2.4827,84.976,4.453,4.4649,140.4053,50.13
24.3844,87.4041,1254.5787,18.5761,103.8146,2.4755,84.9731,4.4452,4.4552,140.4097,50.0971
24.4444,87.3943,1254.5351,18.5739,103.8297,2.4763,84.9562,4.4659,4.4434,140.407,50.0857
24.5045,87.3953,1254.4874,18.5709,103.8198,2.4692,84.9691,4.4637,4.4354,140.3947,50.1091
24.5646,87.3946,1254.3114,18.5634,103.8294,2.4879,84.9424,4.4678,4.4358,140.3768,50.0996
24.6246,87.381,1254.0302,18.5455,103.7919,2.4562,84.9557,4.4475,4.4423,140.3643,50.0615
24.6847,87.3478,1253.9944,18.559,103.7842,2.4875,84.9364,4.4589,4.461,140.3727,50.0776
24.7447,87.343,1253.6729,18.5432,103.7601,2.4757,84.9324,4.4383,4.4362,140.3369,50.0815
24.8048,87.3342,1253.597,18.5156,103.7589,2.4615,84.9505,4.4539,4.4515,140.3298,50.0756
24.8649,87.3075,1253.5312,18.5146,103.747,2.4731,84.9547,4.4586,4.459,140.3087,50.0704
24.9249,87.3342,1253.4733,18.5243,103.7356,2.463,84.9322,4.4624,4.4637,140.327,50.0615
24.985,87.2856,1253.2675,18.5067,103.7419,2.4708,84.9368,4.4588,4.448,140.3059,50.081
25.045,87.311,1253.2061,18.5076,103.746,2.4786,84.9271,4.4402,4.4616,140.2899,50.0626
25.1051,87.2827,1253.0485,18.5113,103.7207,2.4754,84.9091,4.4549,4.4473,140.3065,50.0388
25.1652,87.2842,1252.7947,18.4853,103.69,2.4856,84.9036,4.4462,4.4649,140.2933,50.0245
25.2252,87.2774,1252.7068,18.4825,103.6874,2.4449,84.8818,4.4611,4.4506,140.2986,50.0218
25.2853,87.2757,1252.6519,18.4812,103.6625,2.441,84.8775,4.4602,4.4545,140.2851,50.0021
25.3453,87.268,1252.5955,18.46,103.682,2.4528,84.8872,4.438,4.4568,140.268,50.0052
25.4054,87.2765,1252.568,18.4888,103.6903,2.4472,84.8872,4.4498,4.44,140.2861,50.0138
25.4655,87.2612,1252.566,18.4896,103.6663,2.4546,84.8942,4.4446,4.4505,140.2758,50.0004
25.5255,87.2738,1252.5583,18.4772,103.6547,2.4562,84.883,4.4349,4.4605,140.2575,49.9953
25.5856,87.2641,1252.4598,18.4749,103.6722,2.4633,84.8682,4.4564,4.4229,140.2508,49.9958
25.6456,87.27,1252.4395,18.4582,103.6667,2.455,84.8678,4.4484,4.4389,140.2578,49.9971
25.7057,87.2489,1252.4059,18.4742,103.6804,2.4566,84.8694,4.4433,4.4578,140.2589,49.994
25.7658,87.2493,1252.2819,18.4624,103.6669,2.4779,84.8805,4.4624,4.4524,140.2378,50.0177
25.8258,87.199,1251.7051,18.446,103.6395,2.4654,84.8868,4.4355,4.437,140.2049,50.0089
25.8859,87.2035,1251.6447,18.428,103.6391,2.4644,84.8905,4.4361,4.45,140.2182,49.9871
25.9459,87.2169,1251.5695,18.4108,103.6324,2.4665,84.873,4.443,4.4565,140.2185,49.9962
26.006,87.1903,1251.4801,18.4271,103.6151,2.4611,84.8666,4.4443,4.4564,140.2224,50.0064
26.0661,87.1912,1251.2775,18.4381,103.603,2.4533,84.8763,4.4649,4.466,140.2138,49.9914
26.1261,87.1572,1251.2176,18.409,103.6082,2.4823,84.8942,4.4645,4.4734,140.2124,50.002
26.1862,87.1717,1251.1374,18.4164,103.5931,2.4532,84.8681,4.465,4.4608,140.19,49.9856
26.2462,87.1549,1251.0421,18.4141,103.5925,2.4436,84.8841,4.4713,4.4542,140.1927,50.0025
26.3063,87.1331,1250.8205,18.3857,103.5545,2.4431,84.8886,4.4484,4.4567,140.1711,50.0032
26.3664,87.1393,1250.7302,18.3878,103.5615,2.4642,84.8611,4.471,4.4592,140.165,49.9865
26.4264,87.1287,1250.6895,18.3947,103.5585,2.4406,84.8965,4.452,4.4568,140.1655,49.9939
26.4865,87.1181,1250.6137,18.3871,103.5601,2.4495,84.873,4.4513,4.4624,140.1332,49.9727
26.5465,87.106,1250.4318,18.3806,103.5384,2.4585,84.8741,4.4694,4.4624,140.143,49.9842
26.6066,87.1125,1250.3607,18.376,103.5317,2.448,84.8657,4.4671,4.4571,140.1368,49.9948
26.6667,87.092,1250.2862,18.3537,103.5609,2.4585,84.8609,4.4762,4.4606,140.1495,49.9742
26.7267,87.0886,1250.1315,18.3619,103.5172,2.4564,84.8593,4.4756,4.4653,140.1166,49.9749
26.7868,87.0693,1249.9192,18.3574,103.4994,2.4388,84.8292,4.465,4.449,140.1271,49.9381
26.8468,87.0777,1249.8444,18.3633,103.4859,2.4379,84.8306,4.4589,4.4688,140.1163,49.9533
26.9069,87.082,1249.7531,18.333,103.4968,2.4409,84.8307,4.459,4.4588,140.1245,49.9342
26.967,87.0486,1249.6909,18.3395,103.4904,2.455,84.8194,4.449,4.4569,140.0959,49.9105
27.027,87.0465,1249.5072,18.3214,103.4651,2.4551,84.8082,4.4522,4.4579,140.0886,49.9011
27.0871,87.0248,1249.4433,18.3313,103.4892,2.43,84.8316,4.4602,4.4547,140.0929,49.9121
27.1471,87.0347,1249.4143,18.3059,103.4672,2.4182,84.8162,4.4617,4.4481,140.0747,49.9113
27.2072,87.0243,1249.2979,18.3132,103.4526,2.4606,84.8082,4.4747,4.4542,140.0802,49.9071
27.2673,86.9992,1249.069,18.2909,103.4233,2.442,84.8099,4.4514,4.4538,140.055,49.9025
27.3273,86.9827,1248.9517,18.2775,103.41,2.4359,84.8048,4.4545,4.4715,140.0281,49.8956
27.3874,86.9877,1248.9336,18.2733,103.424,2.4268,84.8255,4.4612,4.4625,140.0288,49.8983
27.4474,86.9735,1248.8558,18.2738,103.4098,2.4414,84.8143,4.4538,4.4701,140.0417,49.893
27.5075,86.9469,1248.7309,18.2909,103.3756,2.4509,84.8096,4.4654,4.4371,140.0391,49.9009
27.5676,86.958,1248.6838,18.2746,103.4161,2.4544,84.8048,4.4407,4.4529,140.0287,49.8945
27.6276,86.9483,1248.6355,18.2621,103.3947,2.4345,84.8172,4.479,4.4617,140.0284,49.8996
27.6877,86.9322,1248.5312,18.2723,103.3969,2.4253,84.8149,4.4423,4.4657,140.0375,49.8972
27.7477,86.9186,1248.269,18.2518,103.3928,2.4258,84.8059,4.4636,4.4625,140.0008,49.8926
27.8078,86.893,1248.2113,18.2548,103.3744,2.414,84.809,4.4722,4.4698,139.9969,49.9052
27.8679,86.91,1248.1319,18.2367,103.3677,2.4385,84.8261,4.4724,4.4578,140.0014,49.9051
27.9279,86.8971,1248.089,18.2329,103.3656,2.4456,84.8292,4.4508,4.4441,139.9861,49.9025
27.988,86.9046,1247.8636,18.239,103.3598,2.4279,84.813,4.4665,4.4412,139.9835,49.9021
28.048,86.8808,1247.7814,18.2172,103.3396,2.4487,84.8157,4.4665,4.448,139.9719,49.9016
28.1081,86.8931,1247.768,18.221,103.3446,2.4388,84.8209,4.4785,4.4752,139.9787,49.9072
28.1682,86.888,1247.6776,18.205,103.3235,2.4318,84.8021,4.465,4.4422,139.9656,49.8994
28.2282,86.8651,1247.353,18.2036,103.2937,2.4397,84.8028,4.4243,4.4674,139.9527,49.8986
28.2883,86.8432,1247.2478,18.19,103.3203,2.4237,84.8139,4.4606,4.4661,139.9602,49.9142
28.3483,86.8473,1247.2164,18.181,103.2955,2.4339,84.8182,4.4591,4.4568,139.9504,49.8856
28.4084,86.8575,1247.217,18.1942,103.3158,2.423,84.812,4.4467,4.4691,139.9371,49.9004
28.4685,86.8603,1247.1883,18.1886,103.2921,2.4173,84.8209,4.4788,4.4562,139.9338,49.9132
28.5285,86.8504,1247.1314,18.1858,103.3085,2.4111,84.8055,4.4568,4.4649,139.9263,49.8907
28.5886,86.8202,1247.0102,18.1929,103.2894,2.414,84.7948,4.4622,4.4669,139.9202,49.8936
28.6486,86.8363,1246.7606,18.1727,103.2777,2.4048,84.7877,4.468,4.452,139.9267,49.864
28.7087,86.8091,1246.6404,18.1619,103.2793,2.4261,84.7859,4.4641,4.4712,139.9232,49.8826
28.7688,86.8166,1246.5448,18.1648,103.2668,2.4203,84.7852,4.4655,4.4724,139.8943,49.8738
28.8288,86.7747,1246.2116,18.144,103.2422,2.4387,84.7944,4.4531,4.4575,139.8831,49.8391
28.8889,86.7583,1246.1277,18.1365,103.2436,2.4234,84.7556,4.4448,4.4592,139.8755,49.8313
28.9489,86.7735,1246.0798,18.1382,103.2678,2.4205,84.748,4.4695,4.4888,139.8732,49.8141
29.009,86.7542,1245.9395,18.1506,103.2402,2.3885,84.7539,4.4526,4.5004,139.8615,49.8224
29.0691,86.7519,1245.6729,18.1194,103.2128,2.4428,84.7534,4.4603,4.4718,139.871,49.8185
29.1291,86.7233,1245.5807,18.1235,103.2329,2.4181,84.7466,4.4616,4.4733,139.8371,49.8258
29.1892,86.7433,1245.482,18.1201,103.2134,2.4423,84.7455,4.4598,4.4808,139.8518,49.8112
29.2492,86.7251,1245.3858,18.1258,103.1943,2.4046,84.7338,4.4694,4.4828,139.8523,49.8144
29.3093,86.7056,1245.1275,18.1092,103.178,2.4003,84.7313,4.4831,4.4807,139.8298,49.8031
29.3694,86.7057,1245.011,18.1071,103.1631,2.3964,84.7448,4.4614,4.4656,139.8414,49.8028
29.4294,86.6792,1244.9681,18.1134,103.1698,2.4116,84.7381,4.4734,4.4631,139.8431,49.7946
29.4895,86.7012,1244.9228,18.0766,103.1645,2.3992,84.7286,4.4733,4.4737,139.813,49.8065
29.5495,86.6813,1244.6694,18.0869,103.1464,2.4023,84.734,4.4716,4.4708,139.8068,49.8196
29.6096,86.6677,1244.5886,18.0691,103.1407,2.4208,84.756,4.4686,4.4887,139.7987,49.8122
29.6697,86.6608,1244.5071,18.0703,103.1491,2.4037,84.7372,4.4701,4.4771,139.8047,49.821
29.7297,86.6502,1244.4543,18.0806,103.1381,2.4102,84.7415,4.4841,4.4713,139.7914,49.8032
29.7898,86.643,1244.3048,18.0609,103.1158,2.3925,84.7334,4.4926,4.4679,139.773,49.7992
29.8498,86.6474,1244.2456,18.0633,103.108,2.4029,84.7508,4.4651,4.4688,139.7907,49.8128
29.9099,86.636,1244.2276,18.0385,103.111,2.4095,84.77,4.4725,4.4739,139.7733,49.7926
29.97,86.6295,1244.1644,18.0456,103.1102,2.4242,84.7347,4.4606,4.4623,139.763,49.7889
30.03,86.6192,1244.0808,18.034,103.1185,2.4052,84.744,4.4728,4.4792,139.743,49.791
30.0901,86.6067,1244.0131,18.0399,103.1129,2.4162,84.7527,4.4709,4.467,139.7595,49.8104
30.1502,86.6236,1243.9833,18.0347,103.0876,2.3999,84.7394,4.4695,4.4589,139.7512,49.8036
30.2102,86.6092,1243.8979,18.0397,103.0884,2.4229,84.746,4.479,4.4816,139.7475,49.8084
30.2703,86.545,1243.6241,18.0124,103.0614,2.4083,84.7332,4.4624,4.4606,139.7301,49.8069
30.3303,86.5549,1243.4952,18.027,103.0577,2.4077,84.7218,4.4801,4.4574,139.7154,49.7968
30.3904,86.5484,1243.4515,18.0106,103.0309,2.393,84.725,4.4663,4.4712,139.7328,49.8233
30.4505,86.5362,1243.3305,17.9887,103.0322,2.3897,84.7292,4.4697,4.479,139.7208,49.7867
30.5105,86.5397,1243.1205,17.9954,103.0303,2.4017,84.712,4.4747,4.4653,139.6916,49.7774
30.5706,86.5257,1243.0256,17.9803,103.0196,2.3986,84.7147,4.4752,4.4726,139.703,49.7776
30.6306,86.5343,1242.9772,17.9795,103.0092,2.3973,84.7249,4.4561,4.4662,139.6937,49.764
30.6907,86.5127,1242.8431,17.9629,103.0024,2.4103,84.712,4.4719,4.4672,139.668,49.7538
30.7508,86.4796,1242.5764,17.9521,102.9944,2.3872,84.6914,4.4739,4.4563,139.654,49.7439
30.8108,86.4786,1242.4491,17.9534,102.9686,2.3954,84.6698,4.4787,4.4842,139.6908,49.7272
30.8709,86.4696,1242.3998,17.9622,102.965,2.3811,84.6881,4.4754,4.4884,139.6449,49.7443
30.9309,86.4592,1242.3058,17.9468,102.9765,2.3938,84.6938,4.48,4.4576,139.6578,49.7264
30.991,86.4766,1242.1381,17.9264,102.951,2.3876,84.6675,4.4723,4.4511,139.6412,49.7087
31.0511,86.4563,1242.0843,17.9498,102.9487,2.3867,84.6489,4.4578,4.4776,139.6336,49.7272
31.1111,86.4583,1242.0215,17.9176,102.9557,2.389,84.6686,4.4705,4.472,139.6246,49.7155
31.1712,86.4549,1241.9176,17.9236,102.9433,2.4079,84.6602,4.4823,4.4614,139.6245,49.7226
31.2312,86.4196,1241.7132,17.9131,102.9353,2.3689,84.6842,4.4761,4.4816,139.6084,49.7073
31.2913,86.4178,1241.6239,17.9063,102.946,2.3879,84.6632,4.4624,4.4502,139.6239,49.7239
31.3514,86.4183,1241.6232,17.9229,102.9313,2.3806,84.673,4.4636,4.4608,139.6207,49.7178
31.4114,86.4015,1241.5109,17.9389,102.9071,2.3949,84.655,4.468,4.4945,139.599,49.6898
31.4715,86.4097,1241.3895,17.9222,102.9026,2.3861,84.649,4.4701,4.4699,139.6151,49.691
31.5315,86.387,1241.2077,17.8819,102.9089,2.3794,84.6667,4.4785,4.4718,139.5992,49.704
31.5916,86.3992,1241.1215,17.8939,102.8954,2.3868,84.6697,4.4585,4.483,139.6063,49.7384
31.6517,86.3967,1241.0643,17.8922,102.8975,2.3982,84.6505,4.4786,4.4875,139.5922,49.689
31.7117,86.4103,1241.0532,17.9022,102.8984,2.3962,84.6785,4.4692,4.4795,139.5767,49.7093
31.7718,86.3732,1240.9604,17.886,102.8975,2.3932,84.6676,4.4787,4.4649,139.587,49.6915
31.8318,86.3694,1240.7356,17.8653,102.8943,2.3851,84.6659,4.454,4.4725,139.5614,49.7155
31.8919,86.3483,1240.5993,17.8861,102.8314,2.3797,84.6692,4.4581,4.4906,139.5618,49.7032
31.952,86.3449,1240.5025,17.8646,102.8477,2.3717,84.6748,4.4639,4.4825,139.5569,49.7107
32.012,86.3283,1240.4147,17.8565,102.8523,2.3747,84.6777,4.4728,4.4689,139.5576,49.7085
32.0721,86.345,1240.2229,17.8409,102.8243,2.3911,84.6845,4.5038,4.4738,139.5347,49.7213
32.1321,86.3333,1240.1912,17.8325,102.8051,2.3807,84.681,4.4754,4.4721,139.5403,49.7124
32.1922,86.3133,1240.0758,17.8315,102.8396,2.4027,84.6742,4.4704,4.4766,139.5077,49.7253
32.2523,86.2974,1239.8236,17.8109,102.7972,2.3444,84.6867,4.4882,4.488,139.4933,49.7072
32.3123,86.2603,1239.7788,17.8122,102.7786,2.3611,84.6638,4.4873,4.4927,139.511,49.7041
32.3724,86.2728,1239.688,17.8045,102.7915,2.3775,84.6709,4.4705,4.4893,139.4929,49.702
32.4324,86.2572,1239.6496,17.8046,102.78,2.3821,84.6821,4.4874,4.4835,139.4896,49.7017
32.4925,86.2648,1239.5824,17.7941,102.7669,2.373,84.6795,4.4909,4.4796,139.4889,49.7018
32.5526,86.2681,1239.4891,17.7919,102.7472,2.3792,84.6774,4.4663,4.4745,139.4683,49.7003
32.6126,86.2352,1239.475,17.7897,102.7764,2.37,84.6658,4.4765,4.4636,139.4823,49.7031
32.6727,86.2381,1239.4292,17.7751,102.7731,2.3601,84.66,4.4708,4.462,139.4675,49.708
32.7327,86.244,1239.4009,17.8086,102.7585,2.3814,84.6597,4.4746,4.4627,139.4756,49.7038
32.7928,86.242,1239.2575,17.7592,102.7539,2.3731,84.6653,4.4809,4.4743,139.4591,49.6973
32.8529,86.2157,1239.1598,17.7791,102.7469,2.3676,84.6536,4.4984,4.4768,139.4457,49.7078
32.9129,86.2048,1239.1179,17.7898,102.7334,2.3598,84.656,4.4654,4.4463,139.432,49.6993
32.973,86.2089,1239.0356,17.7467,102.7302,2.3843,84.6495,4.4952,4.4772,139.4318,49.6982
33.033,86.2059,1238.8822,17.7563,102.7241,2.3786,84.6554,4.4855,4.484,139.4306,49.6634
33.0931,86.1819,1238.8416,17.7486,102.7114,2.3652,84.6504,4.4896,4.4953,139.4191,49.6956
33.1532,86.1901,1238.8176,17.7417,102.705,2.3762,84.6571,4.4695,4.473,139.4418,49.6832
33.2132,86.2026,1238.8203,17.7391,102.6989,2.383,84.6452,4.4666,4.4517,139.4178,49.686
33.2733,86.1981,1238.7711,17.7427,102.7056,2.3571,84.6481,4.4774,4.4938,139.4048,49.6663
33.3333,86.1628,1238.5833,17.7448,102.7053,2.3849,84.6348,4.4854,4.4727,139.3975,49.6617
33.3934,86.1348,1238.1307,17.7151,102.6709,2.3664,84.6235,4.4776,4.4807,139.396,49.654
33.4535,86.1332,1238.0757,17.7064,102.6714,2.3627,84.6031,4.474,4.4787,139.3763,49.6343
33.5135,86.105,1237.7527,17.6714,102.6472,2.3543,84.6078,4.4697,4.4883,139.3512,49.6309
33.5736,86.1096,1237.6286,17.6729,102.6295,2.3512,84.5907,4.4733,4.4839,139.3659,49.6005
33.6336,86.0856,1237.5501,17.7035,102.6332,2.3618,84.6027,4.4924,4.4735,139.3328,49.5899
33.6937,86.0703,1237.2803,17.663,102.6204,2.3731,84.6019,4.4967,4.4694,139.3276,49.6047
33.7538,86.0553,1237.1999,17.6629,102.5999,2.3556,84.6111,4.4708,4.4845,139.3188,49.6175
33.8138,86.0744,1237.1231,17.6674,102.6017,2.3709,84.5941,4.4714,4.4834,139.3288,49.6029
33.8739,86.0549,1237.105,17.6717,102.5967,2.364,84.5874,4.4927,4.4786,139.335,49.6014
33.9339,86.0703,1237.0616,17.6654,102.5979,2.3711,84.6073,4.4794,4.4613,139.3307,49.6081
33.994,86.057,1236.944,17.6616,102.5981,2.3765,84.5941,4.4886,4.4834,139.3329,49.6097
34.0541,86.0522,1236.8796,17.6668,102.5887,2.3516,84.6037,4.4817,4.4899,139.3302,49.6119
34.1141,86.0537,1236.7852,17.6473,102.5884,2.3405,84.5864,4.4771,4.4833,139.3193,49.6238
34.1742,86.0246,1236.6376,17.6524,102.5936,2.3458,84.6049,4.4708,4.4766,139.3052,49.6192
34.2342,86.0044,1236.2953,17.6401,102.5435,2.3279,84.5972,4.4742,4.4955,139.2969,49.5787
34.2943,86.0031,1236.1551,17.6329,102.5333,2.3387,84.5972,4.4975,4.4733,139.2866,49.6071
34.3544,85.9894,1236.0882,17.6424,102.553,2.3454,84.5825,4.4789,4.4765,139.2622,49.5973
34.4144,85.9998,1236.0494,17.6233,102.5419,2.3487,84.6007,4.4741,4.4866,139.2871,49.5808
34.4745,85.978,1235.8815,17.6219,102.5423,2.3522,84.5967,4.4857,4.4778,139.2517,49.573
34.5345,85.9633,1235.8474,17.6163,102.545,2.3624,84.5965,4.4754,4.4708,139.2741,49.587
34.5946,85.9727,1235.8278,17.6024,102.5309,2.3428,84.5679,4.4813,4.4715,139.2448,49.5821
34.6547,85.9718,1235.8053,17.6002,102.5268,2.3663,84.5851,4.4661,4.478,139.2524,49.579
34.7147,85.975,1235.761,17.6054,102.532,2.3449,84.5828,4.4815,4.4882,139.2672,49.5728
34.7748,85.9664,1235.724,17.6088,102.5094,2.3646,84.581,4.4722,4.4773,139.2478,49.5765
34.8348,85.9708,1235.6137,17.596,102.5192,2.3468,84.579,4.4872,4.4701,139.2446,49.5558
34.8949,85.9448,1235.2908,17.5951,102.495,2.3469,84.5691,4.4845,4.4958,139.2394,49.5566
34.955,85.9154,1235.197,17.5667,102.5072,2.3318,84.5498,4.4999,4.4855,139.2352,49.5316
35.015,85.9272,1235.051,17.5759,102.4714,2.3472,84.5455,4.4909,4.4969,139.2059,49.5171
35.0751,85.9118,1234.9059,17.5827,102.4756,2.3413,84.53,4.477,4.4705,139.2275,49.5136
35.1351,85.9213,1234.8085,17.5673,102.4653,2.3274,84.5234,4.4873,4.4881,139.1933,49.5294
35.1952,85.8982,1234.7117,17.5706,102.4563,2.3483,84.5405,4.4686,4.468,139.218,49.5185
35.2553,85.8896,1234.6027,17.551,102.4558,2.3282,84.5383,4.4817,4.4899,139.2152,49.499
35.3153,85.8748,1234.3454,17.5334,102.4099,2.3281,84.5235,4.485,4.4902,139.199,49.5046
35.3754,85.8859,1234.1935,17.524,102.4303,2.3243,84.5197,4.4854,4.482,139.1689,49.5143
35.4354,85.8481,1234.1443,17.5164,102.4327,2.3398,84.5183,4.4925,4.4844,139.1677,49.4993
35.4955,85.85,1234.0718,17.533,102.4099,2.3476,84.5302,4.5054,4.4972,139.1499,49.5021
35.5556,85.8578,1233.9509,17.5153,102.4116,2.3316,84.5132,4.4863,4.49,139.1646,49.5194
35.6156,85.8494,1233.9509,17.5177,102.3987,2.3323,84.5258,4.4755,4.498,139.1591,49.5079
35.6757,85.8242,1233.8756,17.5216,102.394,2.3287,84.5088,4.5038,4.4987,139.1462,49.5038
35.7357,85.8292,1233.8099,17.5161,102.4041,2.3472,84.5197,4.4689,4.4955,139.1574,49.5085
35.7958,85.8113,1233.6651,17.5144,102.3617,2.3349,84.5178,4.4573,4.4696,139.1273,49.5146
35.8559,85.8072,1233.5894,17.4894,102.3683,2.3389,84.5392,4.4702,4.5117,139.1173,49.4883
35.9159,85.8138,1233.5616,17.5052,102.382,2.3248,84.5196,4.4914,4.5008,139.1292,49.5149
35.976,85.7977,1233.486,17.4863,102.3705,2.3212,84.5331,4.4904,4.489,139.1132,49.4955
36.036,85.7886,1233.2814,17.4585,102.3572,2.3392,84.5145,4.4915,4.4859,139.1247,49.5026
36.0961,85.7705,1233.1199,17.4704,102.3268,2.3237,84.5075,4.4788,4.492,139.1018,49.4915
36.1562,85.7408,1233.0912,17.469,102.3413,2.3339,84.5064,4.4795,4.4932,139.111,49.4751
36.2162,85.7576,1232.9885,17.4689,102.3437,2.3413,84.5008,4.5009,4.4976,139.0782,49.479
36.2763,85.7331,1232.7514,17.4653,102.3206,2.3436,84.4866,4.4763,4.4954,139.0868,49.4741
36.3363,85.7296,1232.6373,17.4632,102.3174,2.3396,84.4857,4.4766,4.496,139.0554,49.479
36.3964,85.72,1232.6193,17.4392,102.3336,2.331,84.4967,4.4944,4.5076,139.0793,49.4788
36.4565,85.7169,1232.582,17.4519,102.2978,2.3428,84.4654,4.4951,4.4937,139.063,49.4729
36.5165,85.7252,1232.492,17.4157,102.3075,2.3329,84.5016,4.4792,4.4678,139.0727,49.461
36.5766,85.7074,1232.4036,17.424,102.2872,2.3351,84.4913,4.484,4.4861,139.0655,49.445
36.6366,85.7118,1232.261,17.4328,102.2927,2.3304,84.4933,4.4931,4.4867,139.024,49.4316
36.6967,85.7037,1232.1879,17.4356,102.2677,2.324,84.4944,4.4868,4.4982,139.0426,49.4593
36.7568,85.6786,1231.8867,17.4143,102.286,2.3248,84.4798,4.4839,4.4909,139.0164,49.4305
36.8168,85.6893,1231.7919,17.4123,102.2785,2.3258,84.4555,4.4793,4.4907,139.033,49.4506
36.8769,85.6773,1231.7391,17.418,102.256,2.3007,84.4733,4.4849,4.4976,139.0271,49.4284
36.9369,85.6767,1231.7,17.4232,102.2401,2.3216,84.4622,4.4916,4.4992,139.0248,49.4392
36.997,85.6877,1231.5312,17.398,102.2449,2.3327,84.4563,4.4884,4.4941,139.0021,49.4217
37.0571,85.6547,1231.4634,17.3755,102.227,2.3014,84.466,4.5017,4.5134,139.0128,49.4299
37.1171,85.6394,1231.4172,17.4072,102.2357,2.3175,84.4622,4.4935,4.4817,138.9926,49.4296
37.1772,85.6405,1231.2324,17.3652,102.2276,2.3152,84.4612,4.4745,4.4844,139.0109,49.4236
37.2372,85.6116,1230.8411,17.3655,102.1962,2.3069,84.4609,4.4869,4.5026,138.9856,49.4209
37.2973,85.6009,1230.7081,17.3631,102.1949,2.3221,84.4462,4.5015,4.4675,138.9975,49.4008
37.3574,85.5977,1230.6731,17.3696,102.213,2.3188,84.4697,4.4802,4.4953,138.9622,49.4122
37.4174,85.5907,1230.5291,17.3527,102.1873,2.302,84.4383,4.488,4.4754,138.9853,49.3894
37.4775,85.6029,1230.4607,17.3587,102.1787,2.3191,84.4427,4.4948,4.5035,138.9767,49.3779
37.5375,85.5812,1230.3485,17.3579,102.1538,2.3132,84.4371,4.4841,4.4899,138.9659,49.3843
37.5976,85.5742,1230.1868,17.3571,102.1631,2.3125,84.4234,4.4792,4.484,138.9365,49.3714
37.6577,85.5643,1230.1474,17.3264,102.1595,2.3205,84.4274,4.4647,4.482,138.9352,49.3866
37.7177,85.5604,1230.0142,17.3309,102.1415,2.2909,84.4058,4.4839,4.476,138.9455,49.3908
37.7778,85.5672,1229.9158,17.3195,102.1371,2.3053,84.3853,4.4967,4.4956,138.9149,49.356
37.8378,85.5578,1229.9147,17.319,102.1403,2.2924,84.3974,4.4998,4.5061,138.9239,49.3551
37.8979,85.5508,1229.8895,17.3414,102.1484,2.2976,84.4166,4.4893,4.4887,138.934,49.3521
37.958,85.5187,1229.8112,17.3133,102.1493,2.32,84.3953,4.4874,4.4815,138.9161,49.3339
38.018,85.537,1229.6981,17.3074,102.1312,2.3098,84.398,4.4818,4.4985,138.9213,49.3578
38.0781,85.5524,1229.5151,17.2891,102.1247,2.3024,84.3715,4.491,4.4937,138.8989,49.335
38.1381,85.5255,1229.3721,17.2932,102.1309,2.3047,84.3868,4.5002,4.513,138.8984,49.3538
38.1982,85.5172,1229.2761,17.2887,102.1123,2.3273,84.3869,4.5164,4.5015,138.9091,49.3318
38.2583,85.5261,1229.2803,17.2771,102.1175,2.3013,84.3993,4.4903,4.4881,138.9344,49.3276
38.3183,85.5177,1229.0283,17.2777,102.107,2.3014,84.3926,4.5082,4.4991,138.8848,49.3101
38.3784,85.5101,1228.9325,17.274,102.1052,2.2993,84.3545,4.4893,4.4855,138.8921,49.3175
38.4384,85.5213,1228.9345,17.2691,102.1093,2.2954,84.3978,4.4997,4.5085,138.9049,49.3257
38.4985,85.5105,1228.8667,17.2574,102.0809,2.2772,84.3739,4.5008,4.4946,138.8834,49.3254
38.5586,85.4885,1228.8555,17.278,102.0993,2.2885,84.3759,4.5013,4.5102,138.8907,49.3333
38.6186,85.496,1228.7787,17.2689,102.0918,2.2976,84.362,4.5022,4.4926,138.8728,49.3083
38.6787,85.4968,1228.7415,17.2782,102.0737,2.2996,84.3725,4.4976,4.4901,138.8607,49.3346
38.7387,85.4805,1228.7036,17.2548,102.0912,2.2996,84.3783,4.5018,4.4789,138.8685,49.3158
38.7988,85.4783,1228.5587,17.2612,102.0569,2.2986,84.3744,4.486,4.5134,138.8242,49.3209
38.8589,85.4782,1228.5205,17.2543,102.0609,2.3017,84.3767,4.4924,4.491,138.8547,49.3118
38.9189,85.4351,1228.2712,17.2325,102.015,2.2937,84.3733,4.4715,4.5053,138.8267,49.3049
38.979,85.4263,1228.1877,17.2168,102.0082,2.2988,84.3562,4.4901,4.4942,138.8194,49.3087
39.039,85.4199,1228.1002,17.1963,101.9972,2.3002,84.3895,4.4931,4.4871,138.7947,49.3244
39.0991,85.414,1228.0833,17.1893,101.98,2.304,84.372,4.4884,4.4935,138.7996,49.3024
39.1592,85.398,1228.0599,17.2103,101.9905,2.3048,84.3807,4.5059,4.5188,138.7985,49.3165
39.2192,85.4191,1227.9441,17.2179,101.9857,2.3144,84.3761,4.5168,4.4993,138.7661,49.3361
39.2793,85.3874,1227.7552,17.1959,101.9654,2.3053,84.3848,4.4999,4.4999,138.7678,49.3318
39.3393,85.3805,1227.653,17.199,101.9516,2.3014,84.3732,4.4993,4.5105,138.7606,49.3284
39.3994,85.3677,1227.5608,17.192,101.9464,2.3076,84.3776,4.4883,4.5105,138.7443,49.3101
39.4595,85.3583,1227.4822,17.1727,101.9231,2.2954,84.3752,4.5014,4.5029,138.7616,49.3276
39.5195,85.3513,1227.3842,17.1857,101.9372,2.2782,84.3657,4.5263,4.5141,138.7653,49.3134
39.5796,85.3215,1227.2968,17.1771,101.9152,2.2844,84.3792,4.4877,4.489,138.7349,49.2992
39.6396,85.3378,1227.2668,17.1816,101.9368,2.2893,84.3771,4.4873,4.5017,138.7358,49.3185
39.6997,85.3198,1227.1621,17.161,101.9355,2.269,84.3621,4.5142,4.4926,138.7253,49.3126
39.7598,85.3186,1226.8701,17.157,101.9293,2.2878,84.348,4.4873,4.5004,138.7287,49.321
39.8198,85.2956,1226.7856,17.1341,101.8944,2.2703,84.3615,4.514,4.5012,138.7185,49.3009
39.8799,85.3079,1226.7807,17.1427,101.9188,2.2806,84.3656,4.5095,4.5154,138.7123,49.2915
39.9399,85.3158,1226.745,17.162,101.8968,2.2771,84.3672,4.4937,4.4999,138.6975,49.306
40.0,85.3038,1226.6688,17.1408,101.9064,2.2604,84.3627,4.4798,4.502,138.7046,49.3093
40.0601,85.2863,1226.5599,17.1257,101.8804,2.2812,84.3653,4.4918,4.5008,138.7019,49.2722
40.1201,85.2763,1226.1987,17.1269,101.8589,2.2812,84.3393,4.509,4.4937,138.6949,49.2644
40.1802,85.2724,1226.1211,17.0952,101.8655,2.282,84.3494,4.5114,4.5008,138.6782,49.2777
40.2402,85.2426,1225.8559,17.1108,101.8458,2.2829,84.3346,4.4914,4.4962,138.6537,49.2372
40.3003,85.2271,1225.7706,17.1052,101.8457,2.2772,84.3209,4.5,4.4955,138.6638,49.2367
40.3604,85.2353,1225.7371,17.1006,101.8261,2.2783,84.3372,4.5003,4.5026,138.6483,49.2545
40.4204,85.2347,1225.6095,17.0889,101.8386,2.2604,84.311,4.4958,4.4889,138.6662,49.2444
40.4805,85.2528,1225.593,17.1051,101.8298,2.2732,84.3087,4.4987,4.4976,138.6475,49.235
40.5405,85.2246,1225.5673,17.0998,101.8328,2.2531,84.3304,4.4994,4.4971,138.6485,49.2348
40.6006,85.2153,1225.549,17.0979,101.8388,2.2784,84.3428,4.5105,4.5001,138.6395,49.2147
40.6607,85.2377,1225.5269,17.0922,101.8282,2.2841,84.3114,4.5129,4.4956,138.6356,49.2207
40.7207,85.2075,1225.4372,17.0811,101.8108,2.2702,84.2942,4.4956,4.4998,138.6286,49.2075
40.7808,85.2037,1225.3593,17.0784,101.8075,2.2912,84.305,4.5123,4.4987,138.6558,49.2303
40.8408,85.2102,1225.3632,17.0681,101.8032,2.2549,84.3223,4.4973,4.5305,138.6057,49.2396
40.9009,85.2024,1225.3154,17.0842,101.8284,2.2831,84.2983,4.5016,4.497,138.6331,49.2297
40.961,85.19,1225.2629,17.0384,101.7945,2.2799,84.316,4.5056,4.4897,138.641,49.2214
41.021,85.1829,1225.1623,17.0727,101.7998,2.2868,84.2912,4.4983,4.5017,138.6076,49.2325
41.0811,85.1945,1225.1072,17.0759,101.7917,2.2923,84.323,4.5251,4.5006,138.6204,49.233
41.1411,85.1852,1225.0294,17.0627,101.7816,2.2709,84.3201,4.4986,4.513,138.6164,49.2194
41.2012,85.1809,1224.9932,17.078,101.8005,2.2808,84.3095,4.5149,4.5115,138.6218,49.217
41.2613,85.1716,1224.8823,17.066,101.783,2.2646,84.3274,4.4965,4.4967,138.6076,49.2394
41.3213,85.1484,1224.4555,17.0372,101.7485,2.2895,84.3284,4.5051,4.5032,138.5845,49.2257
41.3814,85.1263,1224.3796,17.0456,101.7389,2.2719,84.3032,4.5143,4.4975,138.5819,49.2106
41.4414,85.1338,1224.3282,17.0267,101.75,2.2792,84.3146,4.4976,4.5133,138.5653,49.2198
41.5015,85.1268,1224.2571,17.0244,101.7339,2.267,84.266,4.5165,4.5028,138.5558,49.222
41.5616,85.0915,1224.1239,17.0261,101.7354,2.28,84.2957,4.5164,4.5078,138.5623,49.2143
41.6216,85.0991,1224.0506,17.0147,101.7012,2.2543,84.2953,4.5128,4.5132,138.5716,49.2149
41.6817,85.0916,1223.8856,17.0053,101.7085,2.2782,84.3228,4.5164,4.5134,138.5493,49.2128
41.7417,85.0669,1223.5473,16.9951,101.6768,2.2625,84.3139,4.508,4.5139,138.4988,49.2271
41.8018,85.0577,1223.3939,16.9616,101.6644,2.2639,84.3211,4.5015,4.5078,138.5199,49.2083
41.8619,85.0378,1223.3823,16.9669,101.6617,2.2507,84.2915,4.5022,4.5222,138.5002,49.2088
41.9219,85.0452,1223.3174,16.9669,101.667,2.2673,84.2961,4.5093,4.5015,138.5046,49.2094
41.982,85.0534,1223.3101,16.9577,101.6528,2.2508,84.3125,4.5206,4.519,138.5081,49.2221
42.042,85.0379,1223.1977,16.9408,101.6661,2.2571,84.2991,4.5165,4.5135,138.4926,49.1956
42.1021,85.0456,1223.151,16.9544,101.653,2.2587,84.2808,4.5136,4.5185,138.5007,49.2157
42.1622,85.0339,1223.1703,16.9441,101.6457,2.2569,84.2965,4.5032,4.51,138.4995,49.2246
42.2222,85.0068,1223.0402,16.9572,101.6445,2.252,84.2911,4.5215,4.4914,138.5051,49.2115
42.2823,85.0069,1222.9481,16.9519,101.6495,2.274,84.3105,4.5219,4.5112,138.4979,49.1957
42.3423,85.0044,1222.6405,16.9328,101.6273,2.2634,84.2928,4.5046,4.5109,138.4649,49.1853
42.4024,84.9994,1222.5051,16.952,101.5963,2.2614,84.2955,4.4917,4.5059,138.472,49.1941
42.4625,84.9807,1222.443,16.9153,101.5947,2.2688,84.287,4.499,4.5213,138.4612,49.2133
42.5225,84.9554,1222.2403,16.9223,101.5718,2.2551,84.2843,4.5204,4.5201,138.4673,49.2012
42.5826,84.9339,1222.1081,16.9197,101.577,2.2551,84.285,4.4954,4.5043,138.4479,49.1709
42.6426,84.9289,1222.0938,16.9069,101.5855,2.2543,84.2593,4.5092,4.4996,138.4197,49.1699
42.7027,84.9392,1222.047,16.8856,101.5784,2.2626,84.2823,4.4941,4.5145,138.4508,49.1753
42.7628,84.9363,1221.966,16.9047,101.5613,2.2691,84.2813,4.5101,4.4906,138.4384,49.1822
42.8228,84.9412,1221.6601,16.8882,101.5476,2.2631,84.2747,4.5129,4.5058,138.4035,49.1588
42.8829,84.9346,1221.6239,16.8822,101.5503,2.2702,84.253,4.5122,4.4977,138.4312,49.1383
42.9429,84.923,1221.5524,16.8819,101.5621,2.2609,84.2607,4.5289,4.5032,138.387,49.1255
43.003,84.8936,1221.3587,16.8863,101.5436,2.2382,84.2607,4.5091,4.5165,138.3932,49.1284
43.0631,84.905,1221.3017,16.8691,101.5206,2.2539,84.2481,4.5265,4.5026,138.3999,49.1262
43.1231,84.9032,1221.2181,16.8746,101.5381,2.2481,84.241,4.5104,4.52,138.4113,49.1234
43.1832,84.9049,1221.1745,16.8457,101.5302,2.2534,84.226,4.5297,4.5193,138.3968,49.1405
43.2432,84.8943,1220.936,16.843,101.5144,2.2508,84.2235,4.524,4.5181,138.3867,49.1025
43.3033,84.8737,1220.9023,16.8409,101.5159,2.265,84.2392,4.5038,4.519,138.3802,49.1267
43.3634,84.8687,1220.7648,16.8644,101.5064,2.2564,84.2238,4.4929,4.5078,138.3894,49.1127
43.4234,84.8629,1220.6246,16.864,101.4843,2.2377,84.2156,4.5093,4.5233,138.3693,49.1109
43.4835,84.8546,1220.4076,16.8566,101.4549,2.2465,84.2331,4.501,4.5135,138.3814,49.108
43.5435,84.8178,1220.2047,16.8257,101.4784,2.2545,84.1934,4.5113,4.4998,138.3467,49.0899
43.6036,84.8227,1220.1455,16.8275,101.4612,2.252,84.2039,4.4997,4.5127,138.3435,49.0782
43.6637,84.8216,1220.1235,16.8095,101.4608,2.2325,84.2069,4.5133,4.5094,138.332,49.0879
43.7237,84.8106,1219.9331,16.8262,101.4461,2.2323,84.1908,4.5094,4.506,138.3094,49.0415
43.7838,84.7978,1219.8923,16.8166,101.4596,2.2233,84.1804,4.5013,4.5036,138.3206,49.0565
43.8438,84.7911,1219.8689,16.822,101.4383,2.2377,84.2058,4.4965,4.5075,138.3027,49.0421
43.9039,84.7933,1219.8357,16.8024,101.4237,2.2343,84.1824,4.5035,4.5093,138.3165,49.0492
43.964,84.8013,1219.6968,16.7933,101.4186,2.2489,84.168,4.4977,4.5119,138.3116,49.0606
44.024,84.7752,1219.6641,16.7828,101.4266,2.2404,84.1843,4.5174,4.4954,138.2937,49.0421
44.0841,84.7905,1219.6694,16.7758,101.4071,2.2487,84.1679,4.5035,4.5116,138.3044,49.0473
44.1441,84.7816,1219.6584,16.7924,101.4228,2.2387,84.1894,4.5237,4.535,138.3149,49.0523
44.2042,84.7919,1219.6623,16.7659,101.4258,2.2315,84.1837,4.5174,4.54,138.2898,49.0462
44.2643,84.7737,1219.59,16.7834,101.4259,2.2382,84.1892,4.513,4.5149,138.29,49.0497
44.3243,84.746,1219.4759,16.7938,101.3992,2.2462,84.1934,4.5138,4.5123,138.3037,49.0613
44.3844,84.7248,1219.4344,16.7652,101.3972,2.2339,84.2129,4.509,4.498,138.2939,49.0841
44.4444,84.7329,1219.4012,16.7586,101.3893,2.2311,84.2027,4.4978,4.5204,138.3013,49.0746
44.5045,84.7386,1219.3669,16.7605,101.4049,2.2414,84.2059,4.4994,4.4775,138.2655,49.0688
44.5646,84.7345,1219.2857,16.7573,101.4141,2.2449,84.2102,4.523,4.5045,138.2818,49.0659
44.6246,84.7285,1219.1479,16.7609,101.3859,2.2318,84.2201,4.5171,4.5317,138.2694,49.0802
44.6847,84.7204,1219.0157,16.7451,101.3677,2.2374,84.1841,4.5185,4.5208,138.2403,49.0604
44.7447,84.7048,1218.9716,16.7207,101.3768,2.2361,84.1914,4.4892,4.5257,138.2522,49.0536
44.8048,84.6983,1218.767,16.7307,101.3545,2.2246,84.1799,4.5054,4.525,138.2367,49.0479
44.8649,84.6858,1218.7082,16.726,101.3278,2.2398,84.1851,4.5323,4.5222,138.2235,49.0363
44.9249,84.6918,1218.6093,16.7193,101.3284,2.2529,84.1737,4.527,4.512,138.2229,49.0499
44.985,84.6493,1218.4632,16.7208,101.3099,2.2424,84.1614,4.5061,4.5193,138.1852,49.0232
45.045,84.6566,1218.4073,16.718,101.3343,2.248,84.1749,4.5217,4.5183,138.208,49.0527
45.1051,84.6586,1218.3833,16.7152,101.3194,2.2175,84.1637,4.524,4.5208,138.201,49.0355
45.1652,84.648,1218.2791,16.7201,101.2953,2.2302,84.1532,4.5151,4.5258,138.1933,49.0531
45.2252,84.6651,1218.2229,16.705,101.3061,2.2281,84.1657,4.4907,4.5176,138.2045,49.0394
45.2853,84.6469,1218.1382,16.6939,101.2991,2.2315,84.1605,4.5196,4.5336,138.1703,49.0297
45.3453,84.623,1217.8655,16.6861,101.2938,2.2351,84.1555,4.5099,4.5072,138.1683,49.0361
45.4054,84.6079,1217.7329,16.691,101.2643,2.2313,84.1565,4.5185,4.5337,138.1594,49.0254
45.4655,84.6071,1217.6952,16.6862,101.2703,2.2138,84.1604,4.5254,4.5251,138.1801,49.0229
45.5255,84.5966,1217.5381,16.6595,101.261,2.2194,84.1663,4.5123,4.5163,138.1718,49.0289
45.5856,84.6001,1217.4476,16.6619,101.2478,2.2222,84.1649,4.5231,4.5218,138.1531,49.0238
45.6456,84.5884,1217.4053,16.6661,101.2393,2.2234,84.1697,4.5154,4.5294,138.1704,49.0017
45.7057,84.5795,1217.3113,16.6479,101.2454,2.221,84.1583,4.5285,4.5352,138.148,49.0106
45.7658,84.5841,1217.2008,16.6533,101.2512,2.219,84.166,4.5282,4.528,138.1345,49.0152
45.8258,84.5752,1217.0265,16.6558,101.2483,2.2053,84.1485,4.5163,4.5177,138.1327,49.0395
45.8859,84.5604,1216.7864,16.6258,101.2182,2.2171,84.1528,4.5097,4.5133,138.0963,49.0297
45.9459,84.541,1216.7797,16.6287,101.2168,2.2267,84.1678,4.5342,4.5143,138.1204,49.0175
46.006,84.5331,1216.5349,16.6074,101.1825,2.2224,84.1641,4.5363,4.5181,138.1048,48.9962
46.0661,84.5421,1216.4969,16.6378,101.2051,2.2284,84.1443,4.5093,4.5077,138.0945,49.0306
46.1261,84.516,1216.3859,16.6212,101.2039,2.2162,84.149,4.5265,4.5204,138.1023,49.0129
46.1862,84.5068,1216.0978,16.6016,101.1874,2.2036,84.1422,4.5156,4.534,138.0691,49.0118
46.2462,84.5153,1215.9571,16.5922,101.1791,2.2135,84.1375,4.5132,4.5173,138.0882,49.0104
46.3063,84.4969,1215.9468,16.6087,101.1607,2.2118,84.1527,4.525,4.5235,138.0617,49.0345
46.3664,84.4785,1215.9228,16.5949,101.1857,2.2112,84.1632,4.5225,4.5292,138.0861,49.0262
46.4264,84.4926,1215.8767,16.603,101.1662,2.2067,84.1575,4.528,4.5202,138.0805,49.0094
46.4865,84.4854,1215.7504,16.5839,101.1416,2.2054,84.1386,4.523,4.5272,138.0844,49.0047
46.5465,84.4737,1215.6853,16.5996,101.1525,2.2165,84.1256,4.5019,4.5051,138.051,48.9995
46.6066,84.463,1215.5233,16.5742,101.1264,2.1978,84.1394,4.5032,4.5063,138.0759,48.9822
46.6667,84.4438,1215.1516,16.5793,101.11,2.1999,84.0963,4.5136,4.5129,138.0433,48.9604
46.7267,84.4346,1215.0374,16.5641,101.1028,2.2167,84.1169,4.5384,4.5287,138.0222,48.9532
46.7868,84.4268,1214.9955,16.5537,101.1269,2.1997,84.0828,4.5094,4.5128,138.0186,48.9457
46.8468,84.42,1214.9608,16.5381,101.0998,2.2161,84.0766,4.5211,4.5205,138.0291,48.9491
46.9069,84.4198,1214.9663,16.5613,101.1024,2.2034,84.1152,4.5301,4.5345,138.0219,48.9507
46.967,84.4289,1214.9329,16.5546,101.1132,2.2003,84.0985,4.5017,4.5202,138.0216,48.9527
47.027,84.4073,1214.7953,16.5454,101.0963,2.2186,84.092,4.5224,4.5352,138.0035,48.9237
47.0871,84.3992,1214.7361,16.5391,101.0903,2.2008,84.0924,4.5126,4.5264,138.0018,48.9357
47.1471,84.3963,1214.6952,16.5303,101.0841,2.2019,84.077,4.512,4.502,138.0133,48.9248
47.2072,84.3857,1214.64,16.5307,101.0747,2.2062,84.0773,4.5219,4.5188,138.0002,48.9167
47.2673,84.3827,1214.6078,16.5233,101.1084,2.2066,84.0821,4.5106,4.5157,138.0092,48.9282
47.3273,84.3886,1214.5929,16.5078,101.0617,2.2006,84.0865,4.5217,4.5172,137.9737,48.9291
47.3874,84.3828,1214.5168,16.5201,101.0569,2.1989,84.095,4.5302,4.5313,137.9777,48.9199
47.4474,84.3884,1214.472,16.5163,101.0613,2.2007,84.0975,4.5107,4.5215,137.9913,48.9251
47.5075,84.3453,1214.4408,16.5313,101.0759,2.1933,84.092,4.5185,4.5144,137.983,48.9294
47.5676,84.3614,1214.3496,16.5106,101.0301,2.2116,84.0928,4.5292,4.5257,137.9701,48.9228
47.6276,84.3389,1214.3334,16.5085,101.0343,2.2067,84.0721,4.5115,4.5042,137.9734,48.9301
47.6877,84.3384,1214.2463,16.5031,101.0475,2.2019,84.0868,4.5176,4.5174,137.98,48.9269
47.7477,84.3509,1214.1506,16.5116,101.0347,2.1945,84.0738,4.5537,4.5238,137.9703,48.9196
47.8078,84.3092,1213.9281,16.4889,101.0121,2.1821,84.0734,4.5032,4.5185,137.9474,48.9286
47.8679,84.3039,1213.8717,16.4884,101.018,2.2055,84.075,4.5112,4.5248,137.946,48.9253
47.9279,84.3084,1213.8357,16.5025,101.0177,2.1945,84.0881,4.5177,4.54,137.9363,48.9236
47.988,84.2987,1213.7041,16.4768,101.0021,2.2028,84.0998,4.5173,4.5224,137.9422,48.9252
48.048,84.2807,1213.422,16.4678,100.9931,2.1883,84.0742,4.5277,4.5321,137.9039,48.9182
48.1081,84.2747,1213.377,16.4654,100.9712,2.1964,84.0764,4.5309,4.5445,137.8983,48.936
48.1682,84.2833,1213.343,16.4672,100.9833,2.192,84.0832,4.5303,4.5282,137.9075,48.9264
48.2282,84.2668,1213.2356,16.4547,100.9647,2.1958,84.0864,4.5372,4.5218,137.8993,48.8934
48.2883,84.2472,1212.9726,16.4228,100.9658,2.1843,84.0636,4.5264,4.5403,137.8726,48.9268
48.3483,84.2331,1212.8778,16.4232,100.9577,2.1927,84.0785,4.5187,4.5251,137.8629,48.918
48.4084,84.2295,1212.8335,16.4354,100.9506,2.1871,84.0571,4.5311,4.5284,137.8755,48.9141
48.4685,84.2317,1212.7838,16.427,100.939,2.1955,84.0744,4.5299,4.5354,137.8747,48.9071
48.5285,84.228,1212.6858,16.4179,100.9185,2.1843,84.0676,4.535,4.5361,137.8631,48.8942
48.5886,84.2183,1212.6166,16.4143,100.9384,2.1854,84.0596,4.5423,4.5395,137.8851,48.9007
48.6486,84.2171,1212.6156,16.417,100.9132,2.1858,84.0542,4.5271,4.5308,137.8797,48.9039
48.7087,84.2218,1212.5695,16.4078,100.9309,2.1904,84.0675,4.5282,4.5206,137.863,48.8891
48.7688,84.2343,1212.4865,16.4127,100.9328,2.1796,84.0516,4.5324,4.5198,137.8621,48.898
48.8288,84.2034,1212.2201,16.3973,100.9214,2.1852,84.0163,4.5221,4.5399,137.8268,48.8509
48.8889,84.1997,1212.2217,16.4169,100.9006,2.1937,84.0398,4.5393,4.5144,137.8633,48.8742
48.9489,84.1929,1212.1798,16.415,100.8891,2.1704,84.0316,4.5187,4.5228,137.8503,48.8481
49.009,84.204,1212.1563,16.3934,100.9134,2.1898,84.0338,4.5414,4.5311,137.838,48.865
49.0691,84.1719,1211.8342,16.3988,100.887,2.1871,84.0252,4.5428,4.5384,137.841,48.853
49.1291,84.1586,1211.7619,16.3929,100.8844,2.175,84.0075,4.5315,4.5196,137.8202,48.846
49.1892,84.1407,1211.447,16.3679,100.8546,2.178,83.998,4.5385,4.5217,137.8202,48.8279
49.2492,84.1317,1211.2114,16.3645,100.8485,2.1847,83.992,4.5335,4.5083,137.8068,48.8503
49.3093,84.1324,1211.1482,16.3506,100.8688,2.1887,83.995,4.5199,4.5553,137.8039,48.836
49.3694,84.1336,1211.106,16.3486,100.8436,2.166,84.0076,4.5495,4.5349,137.7838,48.8249
49.4294,84.1289,1211.1224,16.3419,100.8406,2.172,84.0139,4.5412,4.5301,137.8007,48.8231
49.4895,84.1094,1210.9486,16.3664,100.831,2.1748,84.0222,4.5318,4.5291,137.7683,48.8246
49.5495,84.1214,1210.8637,16.3523,100.844,2.1657,84.0056,4.5255,4.5136,137.7782,48.8321
49.6096,84.0969,1210.8368,16.3478,100.8238,2.1659,84.0051,4.5382,4.4998,137.7702,48.8164
49.6697,84.1059,1210.8443,16.3511,100.8326,2.174,84.0027,4.5241,4.533,137.7928,48.834
49.7297,84.0913,1210.7613,16.3466,100.821,2.1828,84.0026,4.5172,4.5225,137.7662,48.8257
49.7898,84.0871,1210.5611,16.3508,100.8054,2.1837,83.993,4.5483,4.5351,137.7719,48.8167
49.8498,84.0606,1210.1839,16.3028,100.7683,2.193,84.0057,4.5241,4.5278,137.7341,48.8282
49.9099,84.0594,1210.0636,16.2928,100.7879,2.1859,84.0171,4.5382,4.5482,137.7366,48.8288
49.97,84.0385,1210.0286,16.2995,100.7558,2.1683,83.9998,4.531,4.5367,137.7345,48.832
50.03,84.068,1209.97,16.3106,100.7765,2.1889,84.0173,4.516,4.5235,137.7282,48.832
50.0901,84.046,1209.9693,16.2975,100.7734,2.1813,84.0144,4.5327,4.5197,137.7341,48.8326
50.1502,84.058,1209.9549,16.2954,100.7762,2.1622,84.016,4.5238,4.5171,137.7171,48.8257
50.2102,84.0216,1209.9084,16.2786,100.7494,2.1618,83.997,4.5319,4.5217,137.7066,48.8364
50.2703,84.0249,1209.8616,16.2643,100.7591,2.1737,84.003,4.524,4.5463,137.6895,48.8214
50.3303,84.0212,1209.8589,16.2886,100.7291,2.1515,84.0011,4.5395,4.5386,137.7092,48.813
50.3904,84.035,1209.8245,16.2711,100.7274,2.185,84.0062,4.5295,4.5521,137.678,48.8336
50.4505,83.9809,1209.7348,16.2726,100.7068,2.1653,84.0007,4.525,4.5401,137.7028,48.8223
50.5105,84.0002,1209.6984,16.2649,100.7233,2.1593,84.0208,4.5228,4.5393,137.665,48.8356
50.5706,83.9974,1209.672,16.2751,100.7139,2.1742,84.0188,4.5411,4.5222,137.6916,48.8054
50.6306,83.9949,1209.653,16.2668,100.7343,2.1691,83.9923,4.5298,4.5257,137.6767,48.8244
50.6907,83.9769,1209.6332,16.2489,100.7343,2.1641,83.992,4.5388,4.5306,137.67,48.8319
50.7508,83.9804,1209.5883,16.2536,100.7114,2.1607,84.0023,4.5373,4.5235,137.6724,48.8375
50.8108,83.9872,1209.3558,16.2571,100.7023,2.1719,84.0044,4.5327,4.5409,137.6656,48.8228
50.8709,83.9576,1209.2264,16.2524,100.6882,2.1625,84.0152,4.5494,4.5247,137.6405,48.8368
50.9309,83.9651,1209.163,16.2346,100.6991,2.1697,84.0185,4.5286,4.5234,137.645,48.8072
50.991,83.938,1209.144,16.2399,100.7051,2.1605,84.0113,4.5292,4.5373,137.6488,48.8337
51.0511,83.9497,1208.9477,16.2335,100.6786,2.1753,83.9969,4.5174,4.5192,137.6599,48.8203
51.1111,83.9307,1208.8462,16.229,100.6764,2.1638,83.9954,4.5306,4.5185,137.6352,48.8346
51.1712,83.9349,1208.8452,16.2162,100.6733,2.1555,84.0037,4.5341,4.5229,137.6222,48.8377
51.2312,83.9236,1208.782,16.2006,100.6703,2.1574,83.9836,4.5332,4.5434,137.6588,48.8224
51.2913,83.8992,1208.5425,16.2087,100.6566,2.1673,84.0027,4.5253,4.5272,137.6149,48.8106
51.3514,83.8928,1208.4217,16.2068,100.65,2.1661,84.006,4.5239,4.5303,137.5975,48.8115
51.4114,83.9093,1208.3705,16.2005,100.6365,2.1628,83.985,4.5267,4.5257,137.6031,48.8437
51.4715,83.9002,1208.3377,16.2126,100.6478,2.1601,84.014,4.5448,4.5487,137.6105,48.808
51.5315,83.8708,1208.1652,16.1958,100.6348,2.1688,83.9803,4.538,4.5367,137.5919,48.8128
51.5916,83.8846,1208.124,16.1978,100.6186,2.1552,84.0011,4.5218,4.5454,137.6045,48.809
51.6517,83.9095,1208.0776,16.2037,100.6297,2.1679,83.9851,4.5373,4.5343,137.6007,48.7897
51.7117,83.8711,1208.0593,16.1899,100.6363,2.1566,83.9779,4.5449,4.5387,137.577,48.8027
51.7718,83.8789,1207.9442,16.1807,100.599,2.1686,83.9724,4.5356,4.5428,137.5847,48.7691
51.8318,83.8438,1207.6473,16.1718,100.5936,2.1465,83.9492,4.5551,4.5308,137.5707,48.7724
51.8919,83.8336,1207.4721,16.167,100.5746,2.1286,83.9538,4.5427,4.5387,137.5508,48.7503
51.952,83.8316,1207.4804,16.1621,100.5777,2.147,83.9487,4.5195,4.5408,137.5409,48.7388
52.012,83.8122,1207.2873,16.1543,100.5475,2.1409,83.9318,4.5336,4.5275,137.5486,48.7327
52.0721,83.8146,1207.2534,16.166,100.5519,2.1493,83.9302,4.5524,4.5341,137.5396,48.738
52.1321,83.8226,1207.2308,16.1579,100.5465,2.147,83.9394,4.5427,4.561,137.5444,48.7272
52.1922,83.8126,1207.1246,16.1576,100.5403,2.1459,83.9464,4.5509,4.5255,137.5504,48.7158
52.2523,83.7929,1206.8971,16.1361,100.5353,2.154,83.9454,4.5356,4.5528,137.5309,48.7442
52.3123,83.7806,1206.8023,16.1223,100.541,2.1452,83.9108,4.548,4.5526,137.5155,48.7368
52.3724,83.7953,1206.804,16.1302,100.5372,2.1449,83.9278,4.5302,4.5396,137.5135,48.7154
52.4324,83.803,1206.7165,16.1339,100.5471,2.1467,83.9409,4.5406,4.5536,137.5155,48.7243
52.4925,83.7812,1206.4466,16.1292,100.5114,2.1404,83.9209,4.5459,4.5491,137.49,48.7011
52.5526,83.7468,1206.3965,16.1148,100.5203,2.1532,83.9254,4.5437,4.5425,137.5283,48.7249
52.6126,83.7562,1206.2267,16.1008,100.5104,2.1487,83.8941,4.5547,4.5403,137.507,48.6776
52.6727,83.7358,1205.9861,16.0943,100.5103,2.1399,83.9038,4.5294,4.542,137.4927,48.6892
52.7327,83.737,1205.8864,16.1054,100.4856,2.1448,83.8826,4.5502,4.5233,137.4869,48.6581
52.7928,83.7271,1205.7055,16.089,100.4848,2.1546,83.8659,4.5417,4.5567,137.5043,48.6548
52.8529,83.7206,1205.6431,16.0666,100.4791,2.1375,83.8607,4.525,4.5541,137.4786,48.6654
52.9129,83.7076,1205.4644,16.0676,100.4554,2.1622,83.8597,4.5351,4.5235,137.4919,48.6458
52.973,83.7136,1205.426,16.0798,100.4451,2.1323,83.8652,4.5511,4.5433,137.482,48.6374
53.033,83.6955,1205.4037,16.0732,100.4545,2.1507,83.8531,4.5603,4.5236,137.4736,48.6372
53.0931,83.7059,1205.3721,16.0649,100.4519,2.1376,83.8647,4.5384,4.5401,137.4828,48.6363
53.1532,83.7033,1205.3412,16.0526,100.4263,2.1489,83.8561,4.5281,4.5387,137.4687,48.6386
53.2132,83.6934,1205.269,16.0409,100.4384,2.1384,83.8603,4.525,4.5473,137.439,48.6374
53.2733,83.6837,1205.2233,16.0481,100.4369,2.1199,83.8708,4.5421,4.5485,137.4405,48.6319
53.3333,83.69,1205.1734,16.0437,100.4236,2.142,83.8632,4.5463,4.5423,137.426,48.6437
53.3934,83.6721,1205.1367,16.0349,100.4253,2.1501,83.8599,4.534,4.5505,137.4601,48.6215
53.4535,83.6568,1204.9399,16.0462,100.4224,2.1373,83.8649,4.5463,4.5277,137.4321,48.6288
53.5135,83.6535,1204.9028,16.033,100.4021,2.1398,83.8712,4.5522,4.5307,137.4388,48.6458
53.5736,83.6553,1204.8895,16.0447,100.4105,2.134,83.8799,4.52,4.5363,137.4445,48.6228
53.6336,83.6379,1204.869,16.0501,100.4099,2.1399,83.8543,4.5371,4.557,137.4406,48.6337
53.6937,83.6435,1204.8057,16.0164,100.3991,2.1515,83.8423,4.5355,4.5307,137.4388,48.6426
53.7538,83.6485,1204.7401,16.018,100.4024,2.1469,83.8639,4.5598,4.5388,137.4646,48.6275
53.8138,83.6377,1204.4586,16.0035,100.3708,2.1273,83.862,4.5367,4.5331,137.4444,48.6271
53.8739,83.5723,1204.3351,16.0051,100.3629,2.1298,83.8784,4.5369,4.541,137.4539,48.6194
53.9339,83.5767,1204.2987,15.9907,100.3784,2.1262,83.8485,4.5415,4.5365,137.4589,48.6277
53.994,83.5874,1204.2173,15.9746,100.365,2.1193,83.8683,4.5486,4.5187,137.4408,48.6338
54.0541,83.5901,1204.0782,15.9757,100.3311,2.1362,83.854,4.5323,4.5491,137.435,48.6313
54.1141,83.5402,1203.7727,15.9529,100.3287,2.123,83.8588,4.5321,4.5563,137.4235,48.6344
54.1742,83.4841,1203.1336,15.9434,100.2541,2.1212,83.8648,4.5619,4.5533,137.3983,48.6109
54.2342,83.4596,1202.9372,15.9357,100.2764,2.113,83.8462,4.5512,4.5491,137.3921,48.6189
54.2943,83.4398,1202.8545,15.9127,100.2584,2.1189,83.8582,4.5267,4.545,137.3959,48.6197
54.3544,83.4325,1202.8187,15.9265,100.2649,2.1333,83.8589,4.5541,4.5612,137.4027,48.6107
54.4144,83.4346,1202.6927,15.8999,100.2433,2.1174,83.8521,4.5464,4.5765,137.3692,48.6231
54.4745,83.4077,1202.5641,15.8963,100.2336,2.1306,83.8533,4.5608,4.551,137.3847,48.6198
54.5345,83.3669,1202.2719,15.8831,100.2076,2.1199,83.8476,4.5431,4.5493,137.3683,48.5996
54.5946,83.3599,1202.0914,15.8706,100.2053,2.1382,83.8326,4.5548,4.5454,137.3715,48.5901
54.6547,83.3543,1201.8987,15.8708,100.1868,2.125,83.8364,4.5535,4.5492,137.3757,48.5887
54.7147,83.2978,1201.1036,15.8282,100.1377,2.1045,83.8008,4.5543,4.5413,137.3442,48.5592
54.7748,83.2566,1200.7765,15.827,100.1197,2.1055,83.8047,4.5444,4.5421,137.3209,48.5432
54.8348,83.2344,1200.5412,15.8028,100.1257,2.1124,83.7782,4.5487,4.5548,137.3233,48.5479
54.8949,83.2663,1200.5458,15.8161,100.117,2.12,83.7927,4.5529,4.5396,137.32,48.5194
54.955,83.2611,1200.3918,15.8138,100.0956,2.1056,83.7705,4.5438,4.5532,137.3265,48.5268
55.015,83.2007,1200.0501,15.7938,100.0741,2.0988,83.7592,4.5335,4.5525,137.3067,48.53
55.0751,83.197,1199.9622,15.7748,100.0768,2.1089,83.763,4.5442,4.5699,137.2962,48.5344
55.1351,83.2159,1199.9078,15.7815,100.0791,2.1091,83.7526,4.5763,4.5537,137.3026,48.5201
55.1952,83.195,1199.8163,15.7656,100.0601,2.0966,83.7652,4.5552,4.5491,137.2861,48.4961
55.2553,83.1951,1199.5342,15.762,100.0439,2.1097,83.751,4.5585,4.5472,137.2686,48.4758
55.3153,83.1811,1199.4368,15.7542,100.0374,2.099,83.7299,4.5651,4.5456,137.2721,48.4811
55.3754,83.1498,1199.2234,15.737,100.0112,2.1074,83.7361,4.5499,4.5572,137.2537,48.4508
55.4354,83.1389,1199.0101,15.7351,99.9976,2.0739,83.7302,4.5443,4.5659,137.2172,48.4481
55.4955,83.1269,1198.9296,15.7104,99.9734,2.12,83.7166,4.5449,4.5453,137.2429,48.4666
55.5556,83.1233,1198.8476,15.7263,99.9779,2.1028,83.7274,4.5667,4.5497,137.2223,48.4354
55.6156,83.1398,1198.8124,15.7393,99.9764,2.0932,83.7016,4.5543,4.5349,137.2102,48.4609
55.6757,83.1202,1198.698,15.7171,99.9837,2.0989,83.6987,4.5506,4.5514,137.218,48.4481
55.7357,83.0823,1198.3793,15.7087,99.9463,2.0929,83.7207,4.546,4.558,137.1932,48.4414
55.7958,83.0801,1198.323,15.6706,99.9363,2.1022,83.7237,4.566,4.5616,137.1892,48.4492
55.8559,83.0775,1198.1863,15.692,99.9383,2.0959,83.7122,4.5379,4.5758,137.1886,48.4535
55.9159,83.0449,1197.8847,15.6758,99.9089,2.079,83.7017,4.5464,4.5535,137.175,48.4255
55.976,83.0186,1197.6761,15.6399,99.8904,2.1071,83.7285,4.5483,4.5493,137.1715,48.4277
56.036,82.9976,1197.5853,15.6507,99.8942,2.0808,83.7011,4.5575,4.5543,137.1868,48.4413
56.0961,83.0129,1197.5718,15.6749,99.9116,2.108,83.7093,4.5408,4.5618,137.1693,48.4336
56.1562,83.0221,1197.4746,15.6684,99.8929,2.093,83.6952,4.5657,4.556,137.1664,48.428
56.2162,82.9861,1196.954,15.6416,99.8595,2.0821,83.6973,4.5524,4.5559,137.1786,48.4211
56.2763,82.9607,1196.8017,15.6188,99.8563,2.0779,83.7041,4.5522,4.554,137.1662,48.4198
56.3363,82.9614,1196.689,15.6194,99.837,2.0767,83.704,4.5687,4.5642,137.1581,48.4265
56.3964,82.9448,1196.5725,15.6014,99.813,2.0917,83.6794,4.5716,4.5438,137.1446,48.4174
56.4565,82.9241,1196.3775,15.6085,99.8363,2.0865,83.7052,4.5572,4.5817,137.1372,48.4083
56.5165,82.9315,1196.2769,15.6059,99.8039,2.0673,83.6871,4.5547,4.5573,137.1372,48.3961
56.5766,82.9348,1196.2442,15.5995,99.8206,2.0841,83.671,4.5621,4.5531,137.1326,48.4287
56.6366,82.9351,1196.1457,15.5858,99.8179,2.0759,83.6825,4.5643,4.557,137.1256,48.3799
56.6967,82.8975,1196.0576,15.5817,99.8148,2.0678,83.6778,4.5575,4.5661,137.1223,48.3943
56.7568,82.8805,1195.8301,15.5512,99.7672,2.0581,83.6567,4.5489,4.5427,137.0993,48.3721
56.8168,82.8847,1195.7346,15.5633,99.7781,2.0601,83.6696,4.5365,4.5564,137.0896,48.362
56.8769,82.8771,1195.7198,15.5704,99.7712,2.054,83.6578,4.5451,4.5639,137.0961,48.365
56.9369,82.8873,1195.6714,15.5678,99.7676,2.0896,83.6521,4.5576,4.5423,137.0737,48.3644
56.997,82.8968,1195.6646,15.5666,99.7495,2.0786,83.661,4.5485,4.5549,137.097,48.3609
57.0571,82.8566,1195.5167,15.5521,99.7643,2.06,83.631,4.5607,4.549,137.0607,48.3693
57.1171,82.867,1195.3998,15.5454,99.7489,2.0572,83.6441,4.5612,4.5603,137.0673,48.3441
57.1772,82.8556,1195.3208,15.54,99.7459,2.0535,83.6277,4.5564,4.5518,137.0509,48.3623
57.2372,82.8358,1195.1526,15.5394,99.7273,2.0711,83.6234,4.5494,4.5449,137.0567,48.3644
57.2973,82.8195,1195.0638,15.5253,99.745,2.0545,83.6382,4.5599,4.5635,137.0559,48.3318
57.3574,82.7863,1194.787,15.517,99.7116,2.046,83.6251,4.5793,4.5505,137.0492,48.3507
57.4174,82.7955,1194.5681,15.5127,99.7053,2.068,83.6348,4.5673,4.5639,137.025,48.3544
57.4775,82.7815,1194.5332,15.5016,99.6849,2.0421,83.6405,4.5591,4.5612,137.0556,48.3374
57.5375,82.7587,1194.2859,15.4779,99.6884,2.0509,83.6334,4.5604,4.5596,137.0261,48.3503
57.5976,82.758,1194.2221,15.4731,99.6771,2.0503,83.6296,4.5752,4.567,137.0192,48.3386
57.6577,82.7486,1194.1827,15.4733,99.6634,2.048,83.6188,4.5693,4.5603,137.0043,48.3378
57.7177,82.7412,1194.1354,15.4988,99.6769,2.0616,83.6413,4.5508,4.5498,136.9973,48.3494
57.7778,82.7232,1194.052,15.4688,99.6682,2.0671,83.617,4.5658,4.5847,136.9908,48.3512
57.8378,82.7174,1193.8274,15.4404,99.6242,2.0481,83.628,4.5724,4.568,136.9788,48.3397
57.8979,82.7084,1193.7411,15.4609,99.6137,2.0733,83.6356,4.5637,4.5502,136.9879,48.3393
57.958,82.7157,1193.7018,15.4222,99.602,2.0576,83.6278,4.561,4.5806,136.9645,48.3401
58.018,82.7071,1193.653,15.4369,99.6054,2.0563,83.6399,4.5711,4.5726,136.9401,48.3366
58.0781,82.691,1193.555,15.4436,99.5922,2.0663,83.6333,4.5637,4.5554,136.953,48.3264
58.1381,82.6969,1193.396,15.4368,99.6103,2.0372,83.6459,4.5512,4.5783,136.9271,48.3426
58.1982,82.691,1193.2977,15.4351,99.6055,2.0519,83.6625,4.5507,4.5694,136.9289,48.3519
58.2583,82.6839,1193.0819,15.4178,99.5644,2.0512,83.6353,4.5502,4.5445,136.9257,48.3345
58.3183,82.6643,1193.0768,15.4213,99.5841,2.0773,83.6465,4.5569,4.5576,136.9149,48.3321
58.3784,82.6496,1192.654,15.4102,99.5359,2.056,83.6236,4.5729,4.5679,136.8788,48.3294
58.4384,82.6384,1192.4331,15.3923,99.5274,2.0413,83.6207,4.5655,4.549,136.8988,48.3142
58.4985,82.6184,1192.3616,15.4042,99.5521,2.0304,83.6154,4.5659,4.5657,136.8648,48.3359
58.5586,82.6106,1192.1343,15.3708,99.5191,2.0385,83.6066,4.5586,4.5456,136.877,48.3216
58.6186,82.5997,1192.0475,15.3907,99.513,2.0432,83.6007,4.5439,4.5618,136.8906,48.3101
58.6787,82.6047,1192.0007,15.3654,99.4982,2.043,83.6059,4.5724,4.5598,136.8878,48.3115
58.7387,82.5818,1191.8096,15.3709,99.5051,2.0567,83.6051,4.5594,4.5515,136.873,48.3043
58.7988,82.5542,1191.4565,15.345,99.5054,2.0432,83.5833,4.5738,4.5512,136.893,48.2804
58.8589,82.5431,1191.3628,15.3389,99.4949,2.0653,83.5879,4.5782,4.5664,136.8771,48.2781
58.9189,82.5326,1191.2148,15.3391,99.4774,2.0455,83.5689,4.5624,4.5884,136.8843,48.2768
58.979,82.5263,1190.9514,15.3368,99.4731,2.0333,83.5598,4.5789,4.5665,136.8523,48.2431
59.039,82.5036,1190.7829,15.3121,99.4668,2.0381,83.5538,4.557,4.5848,136.8549,48.2505
59.0991,82.4845,1190.6354,15.3159,99.4483,2.0431,83.58,4.5648,4.5607,136.8533,48.2723
59.1592,82.5132,1190.6386,15.3346,99.4452,2.0387,83.5575,4.5719,4.5785,136.854,48.2594
59.2192,82.4861,1190.5923,15.3156,99.4641,2.0323,83.5582,4.5773,4.5488,136.8408,48.2505
59.2793,82.4667,1190.3091,15.2834,99.4245,2.0462,83.5492,4.5842,4.5637,136.8295,48.2549
59.3393,82.4774,1190.2957,15.2857,99.396,2.0383,83.5514,4.5647,4.5715,136.8312,48.2719
59.3994,82.4552,1190.3112,15.2898,99.4321,2.0254,83.5224,4.5525,4.5525,136.8271,48.2422
59.4595,82.44,1190.1662,15.2844,99.4029,2.034,83.5625,4.5655,4.5676,136.8605,48.2476
59.5195,82.4438,1190.069,15.2603,99.4018,2.0343,83.5585,4.5841,4.5611,136.819,48.2311
59.5796,82.4322,1190.0284,15.2864,99.4123,2.0551,83.5589,4.5699,4.5733,136.8202,48.2601
59.6396,82.4213,1189.8766,15.2617,99.3923,2.0302,83.5258,4.5417,4.5647,136.8299,48.2538
59.6997,82.4182,1189.8361,15.2615,99.3812,2.0511,83.5636,4.5736,4.5828,136.8041,48.2366
59.7598,82.4278,1189.8125,15.2788,99.376,2.0308,83.5621,4.5561,4.5713,136.805,48.2563
59.8198,82.4107,1189.6215,15.2793,99.3592,2.0271,83.5631,4.5622,4.565,136.8094,48.245
59.8799,82.4108,1189.571,15.2361,99.364,2.0183,83.5479,4.5863,4.5671,136.8055,48.2676
59.9399,82.4033,1189.5906,15.2417,99.3781,2.0365,83.5539,4.5793,4.5847,136.8119,48.249
60.0,82.4088,1189.5859,15.2421,99.3626,2.0314,83.5615,4.5724,4.5667,136.7926,48.2408
