venous_r,caSys_O2sat,cvSys_O2sat,pcv,paosys,bgDO2,cvSys_pO2,paoavg,left flow,ecmoUnitFlow,ecmop2
0.0,99.8227,85.8325,5.0255,143.1187,1300.0797,51.3587,106.9897,2.7835,20.9493,174.2017
0.6006,99.819,85.8157,5.0124,143.1232,1300.0734,51.3768,106.9872,2.7746,20.9412,174.2044
1.2012,99.8116,85.8487,5.0219,143.1299,1300.0844,51.3975,106.9966,2.8064,20.9425,174.211
1.8018,99.8363,85.8377,5.037,143.1403,1300.0851,51.3718,106.991,2.8049,20.9397,174.2002
2.4024,99.8171,85.8261,5.0154,143.1242,1300.0887,51.3939,107.0009,2.8159,20.9356,174.1878
3.003,99.8301,85.8072,5.0294,143.0401,1298.2327,51.3501,106.8716,2.7858,20.8608,173.5195
3.6036,99.8238,85.8102,5.022,142.966,1297.5133,51.2982,106.801,2.7736,20.7886,173.2726
4.2042,99.8265,85.7949,5.0256,142.9428,1296.827,51.3056,106.7564,2.7665,20.7637,173.0196
4.8048,99.8184,85.7585,4.9995,142.8614,1295.3044,51.2757,106.6163,2.7586,20.6857,172.4803
5.4054,99.8207,85.7437,5.0125,142.792,1294.3897,51.2497,106.5835,2.7573,20.6265,172.1238
6.006,99.835,85.7279,5.0185,142.6817,1292.8617,51.2341,106.4813,2.7393,20.554,171.6093
6.6066,99.8284,85.7203,5.0324,142.669,1292.0277,51.2143,106.432,2.7293,20.5257,171.3272
7.2072,99.8288,85.6939,5.0153,142.5792,1290.7331,51.1507,106.3227,2.7432,20.4524,170.885
7.8078,99.8115,85.6545,5.0104,142.5248,1289.7375,51.0931,106.2786,2.7227,20.4186,170.5106
8.4084,99.8241,85.6002,5.0347,142.4155,1288.1149,51.0289,106.1566,2.686,20.3275,169.8684
9.009,99.8373,85.5893,5.0221,142.3843,1287.475,51.0148,106.096,2.6964,20.2928,169.592
9.6096,99.803,85.5495,5.0297,142.2879,1285.8598,51.0153,106.0072,2.7026,20.1929,169.0551
10.2102,99.8324,85.5537,5.0239,142.2585,1285.2882,50.9907,105.9609,2.6988,20.1571,168.8587
10.8108,99.8143,85.5567,5.0256,142.1933,1284.5809,50.9729,105.8925,2.6963,20.1349,168.6113
11.4114,99.8144,85.4967,5.0119,142.0082,1281.2412,50.8935,105.6899,2.6521,19.9542,167.5041
12.012,99.8218,85.5021,5.0252,141.9755,1280.5409,50.8678,105.626,2.6817,19.9212,167.2667
12.6126,99.8051,85.4585,5.0132,141.8951,1278.9253,50.8191,105.5306,2.6566,19.8479,166.7511
13.2132,99.8143,85.4447,5.0543,141.8186,1278.1283,50.7866,105.4685,2.6473,19.791,166.4785
13.8138,99.7897,85.3713,5.0153,141.6769,1275.552,50.6965,105.2947,2.6354,19.682,165.592
14.4144,99.8064,85.3649,5.0255,141.6146,1274.6286,50.6668,105.2307,2.614,19.6163,165.2876
15.015,99.8048,85.3475,5.0208,141.5804,1273.9212,50.6678,105.1892,2.6114,19.5873,165.0427
15.6156,99.8207,85.3163,5.015,141.4909,1272.8515,50.6211,105.1113,2.6058,19.546,164.6347
16.2162,99.8133,85.2834,5.0178,141.4355,1271.5368,50.5807,105.0026,2.6164,19.4557,164.179
16.8168,99.793,85.2434,5.022,141.3145,1269.9264,50.5158,104.9036,2.5873,19.3728,163.6297
17.4174,99.8036,85.2333,5.0133,141.3137,1269.6338,50.5017,104.8661,2.5751,19.3643,163.509
18.018,99.7839,85.2156,5.0112,141.2598,1268.5739,50.4659,104.8303,2.5755,19.3052,163.1713
18.6186,99.794,85.185,5.0396,141.1157,1266.3158,50.4435,104.6764,2.5538,19.1966,162.4149
19.2192,99.7973,85.1769,5.0206,141.0532,1265.074,50.3997,104.5797,2.5557,19.1345,162.0074
19.8198,99.7977,85.1681,5.0165,141.0364,1264.4632,50.3964,104.5233,2.5628,19.0769,161.807
20.4204,99.798,85.1187,5.0273,140.9324,1262.729,50.3387,104.4153,2.5296,19.0157,161.2379
21.021,99.7872,85.1017,5.021,140.893,1262.157,50.3193,104.3698,2.5454,18.9778,161.045
21.6216,99.7737,85.1001,5.0315,140.815,1260.9573,50.2888,104.3083,2.5242,18.9207,160.6587
22.2222,99.7941,85.0345,5.022,140.6623,1258.4091,50.2407,104.1108,2.4897,18.7813,159.7829
22.8228,99.7851,85.0229,5.0225,140.5707,1256.9243,50.1874,104.022,2.4918,18.7155,159.2964
23.4234,99.7905,84.9965,5.0216,140.5157,1256.0225,50.1766,103.9584,2.4997,18.661,159.0146
24.024,99.7725,84.9524,5.0309,140.456,1255.4207,50.1227,103.9274,2.4785,18.6247,158.7579
24.6246,99.8004,84.9526,5.0015,140.4283,1254.6252,50.1109,103.855,2.48,18.571,158.4983
25.2252,99.7747,84.9591,5.0118,140.3717,1253.7634,50.111,103.7886,2.4667,18.535,158.2759
25.8258,99.7849,84.9505,5.0337,140.3154,1253.0329,50.0901,103.764,2.4656,18.5034,158.0221
26.4264,99.7795,84.9198,5.0094,140.2181,1251.2007,50.0533,103.6227,2.4513,18.4276,157.4172
27.027,99.7887,84.8955,5.0239,140.0826,1248.7891,49.994,103.4625,2.4273,18.2863,156.5821
27.6276,99.7893,84.8684,5.0348,140.0347,1247.8422,49.9591,103.3943,2.4509,18.2267,156.2629
28.2282,99.7932,84.8514,5.0328,139.9933,1247.5143,49.9543,103.3688,2.4271,18.2145,156.1409
28.8288,99.7799,84.824,5.0373,139.9196,1246.4327,49.9242,103.2818,2.4114,18.1412,155.7678
29.4294,99.7975,84.7861,5.0471,139.8904,1245.7868,49.8805,103.2302,2.4215,18.1329,155.5691
30.03,99.7782,84.7614,5.0424,139.7847,1244.2386,49.8299,103.1204,2.4168,18.0408,155.0843
30.6306,99.7809,84.7224,5.026,139.7652,1243.5528,49.8099,103.0887,2.4062,18.024,154.8542
31.2312,99.7827,84.7029,5.0396,139.685,1242.0333,49.7412,102.9949,2.383,17.9466,154.4093
31.8318,99.7618,84.6624,5.0316,139.5898,1240.7422,49.6935,102.9082,2.3853,17.8743,153.9933
32.4324,99.7588,84.6519,5.0398,139.5428,1239.7507,49.7074,102.8311,2.3707,17.816,153.662
33.033,99.7493,84.6726,5.0202,139.4898,1239.1362,49.6979,102.7942,2.3649,17.8075,153.4865
33.6336,99.781,84.6393,5.0408,139.417,1237.6999,49.6259,102.705,2.3727,17.7323,153.0778
34.2342,99.7813,84.6179,5.0389,139.3832,1237.2706,49.6353,102.694,2.3731,17.7015,152.9252
34.8348,99.7401,84.6034,5.0333,139.3154,1236.2141,49.6057,102.5834,2.3485,17.6187,152.5133
35.4354,99.7594,84.6055,5.0166,139.2709,1235.5672,49.5798,102.5498,2.3504,17.6214,152.3061
36.036,99.761,84.5611,5.0178,139.2079,1234.3783,49.5361,102.4518,2.3336,17.5409,151.8911
36.6366,99.7722,84.4761,5.0131,139.0476,1231.85,49.4552,102.2749,2.3044,17.4146,151.0909
37.2372,99.7693,84.4658,5.0205,138.9978,1231.015,49.4115,102.2076,2.3138,17.3701,150.8209
37.8378,99.7696,84.4371,5.0366,138.9543,1230.4831,49.4121,102.169,2.3005,17.3464,150.6663
38.4384,99.7685,84.4396,5.0341,138.8973,1229.3899,49.3801,102.0852,2.31,17.2828,150.3029
39.039,99.7513,84.4468,5.0173,138.881,1229.2567,49.4026,102.0929,2.3002,17.2825,150.2652
39.6396,99.7791,84.4146,5.0404,138.8061,1228.0757,49.3439,102.0061,2.2758,17.2187,149.8989
40.2402,99.7593,84.3302,5.03,138.6679,1225.583,49.2573,101.8585,2.2776,17.0867,149.1581
40.8408,99.7644,84.3247,5.0393,138.6126,1224.6229,49.2378,101.7872,2.2804,17.0627,148.8372
41.4414,99.7578,84.314,5.0327,138.6026,1224.3789,49.2175,101.7489,2.2569,17.0517,148.7718
42.042,99.7604,84.3155,5.054,138.5508,1223.4556,49.2107,101.6947,2.2509,16.9777,148.4543
42.6426,99.7603,84.2909,5.0405,138.4924,1222.5658,49.2011,101.6293,2.2469,16.9479,148.1573
43.2432,99.7482,84.2677,5.0263,138.4257,1221.59,49.1664,101.5469,2.2474,16.8928,147.8287
43.8438,99.765,84.2363,5.037,138.37,1220.7959,49.1462,101.5016,2.257,16.8496,147.5813
44.4444,99.7432,84.2149,5.0322,138.3013,1219.6908,49.1209,101.4404,2.2421,16.8012,147.3021
45.045,99.7391,84.2008,5.0335,138.2822,1218.8555,49.1024,101.3671,2.2355,16.757,147.0479
45.6456,99.7219,84.1709,5.0287,138.2015,1217.6374,49.0581,101.3086,2.211,16.6915,146.6997
46.2462,99.7586,84.1675,5.0271,138.1928,1217.3959,49.0313,101.2955,2.2208,16.665,146.664
46.8468,99.7443,84.1537,5.0072,138.1243,1216.1693,49.0056,101.2083,2.2285,16.6257,146.2672
47.4474,99.7455,84.0951,5.0238,137.9991,1214.2036,48.9654,101.0804,2.1967,16.5216,145.6607
48.048,99.7435,84.0903,5.0316,137.9105,1212.8548,48.9175,100.9618,2.2045,16.4458,145.2655
48.6486,99.7234,84.0705,5.0367,137.8793,1212.3175,48.9201,100.9211,2.2037,16.4073,145.0579
49.2492,99.7306,84.0565,5.04,137.8222,1211.5371,48.9077,100.866,2.1684,16.3962,144.8171
49.8498,99.748,84.0353,5.0324,137.7865,1210.7954,48.8957,100.8332,2.1919,16.3301,144.604
50.4505,99.7435,84.0218,5.0206,137.6991,1209.6075,48.8363,100.7736,2.1806,16.2944,144.2445
51.0511,99.7387,83.9942,5.0328,137.6853,1209.1492,48.8121,100.7248,2.146,16.2693,144.097
51.6517,99.733,83.9821,5.0339,137.6365,1208.0923,48.7886,100.6449,2.1672,16.208,143.769
52.2523,99.726,83.9318,5.0229,137.6249,1207.4628,48.7435,100.6149,2.152,16.1805,143.5879
52.8529,99.7322,83.9398,5.0384,137.5282,1206.4013,48.7384,100.529,2.1734,16.1163,143.2302
53.4535,99.7334,83.9113,5.0314,137.4965,1205.6347,48.7218,100.4793,2.1248,16.0688,143.0861
54.0541,99.7462,83.848,5.0205,137.4308,1204.1725,48.6482,100.3712,2.1419,15.981,142.8551
54.6547,99.7261,83.8629,5.0107,137.4075,1203.4497,48.6363,100.3519,2.125,15.9474,142.8462
55.2553,99.7264,83.8327,5.0443,137.3596,1201.9612,48.6259,100.2244,2.1066,15.9067,142.9215
55.8559,99.7246,83.742,5.0268,137.1902,1198.1678,48.4982,99.9741,2.0936,15.6884,143.2957
56.4565,99.7319,83.6958,5.0173,137.1109,1195.6687,48.4507,99.7765,2.0943,15.5647,143.4059
57.0571,99.7264,83.6884,5.0513,137.0919,1195.5305,48.4316,99.7673,2.0776,15.5601,143.4133
57.6577,99.7235,83.6826,5.0189,137.0428,1194.7348,48.4416,99.7248,2.0714,15.5103,143.314
58.2583,99.7009,83.6761,5.0259,136.9847,1193.6793,48.3955,99.6707,2.0669,15.4653,143.1432
58.8589,99.6955,83.6396,5.051,136.9207,1192.0856,48.3675,99.5502,2.054,15.3767,142.8875
59.4595,99.6894,83.6201,5.0303,136.8483,1190.9403,48.3238,99.4709,2.0428,15.3327,142.6972
60.0601,99.6978,83.549,5.0263,136.7831,1189.1432,48.2623,99.3698,2.0291,15.2392,142.4295
60.6607,99.7069,83.5096,5.0364,136.7258,1187.8989,48.2242,99.2697,2.0244,15.182,142.2106
61.2613,99.7025,83.4435,5.0292,136.6245,1186.2674,48.1362,99.1639,2.0076,15.0917,141.9334
61.8619,99.7045,83.4404,5.0398,136.5613,1185.5727,48.1127,99.1031,1.9854,15.055,141.8266
62.4625,99.6961,83.3934,5.0401,136.4541,1184.1535,48.0781,99.0036,1.9893,14.9801,141.5604
63.0631,99.68,83.3822,5.0481,136.3877,1183.1038,48.026,98.9191,1.9751,14.941,141.3853
63.6637,99.685,83.3375,5.0372,136.3232,1181.8443,47.9722,98.8203,1.9832,14.858,141.1785
64.2643,99.6904,83.3041,5.039,136.254,1180.68,47.9312,98.7506,1.9776,14.807,141.0019
64.8649,99.6821,83.28,5.053,136.1598,1178.9444,47.9068,98.6213,1.9573,14.7223,140.7779
65.4655,99.6836,83.2709,5.0722,136.1601,1178.4954,47.8831,98.6101,1.9621,14.6893,140.6999
66.0661,99.6932,83.2411,5.0225,136.0798,1177.3614,47.8709,98.5226,1.9512,14.6436,140.5626
66.6667,99.6747,83.1739,5.0295,135.897,1174.0762,47.7892,98.3121,1.9303,14.4703,140.1945
67.2673,99.6806,83.1241,5.0353,135.8125,1172.6484,47.7467,98.2107,1.9249,14.396,140.0349
67.8679,99.6546,83.1297,5.047,135.7733,1172.1257,47.7442,98.1628,1.9155,14.3455,139.9852
68.4685,99.6625,83.1054,5.0413,135.7081,1171.0297,47.6927,98.1154,1.914,14.3073,139.8321
69.0691,99.6819,83.0904,5.05,135.6834,1170.4523,47.663,98.0585,1.8968,14.2996,139.7699
69.6697,99.6802,83.0734,5.0272,135.6319,1169.8571,47.6662,98.0047,1.8767,14.2602,139.6491
70.2703,99.6667,83.0566,5.0535,135.5826,1169.3108,47.653,97.965,1.901,14.2298,139.5533
70.8709,99.6622,83.0324,5.0475,135.5472,1168.5582,47.6131,97.9316,1.8884,14.1912,139.4549
71.4715,99.6746,83.0342,5.0395,135.5161,1168.2867,47.6056,97.9006,1.8938,14.154,139.4216
72.0721,99.6731,83.0637,5.0337,135.5115,1168.0173,47.6472,97.8778,1.8751,14.1533,139.3437
72.6727,99.65,83.0741,5.0352,135.4941,1167.8081,47.6513,97.8768,1.8688,14.1313,139.2754
73.2733,99.6601,83.0616,5.0506,135.475,1167.662,47.6444,97.8647,1.8979,14.1316,139.2177
73.8739,99.6572,83.0399,5.0349,135.4594,1167.548,47.6179,97.8715,1.8765,14.1206,139.1789
74.4745,99.6544,83.0126,5.0394,135.4644,1167.4955,47.5849,97.8568,1.8813,14.1273,139.1102
75.0751,99.6875,82.9985,5.0465,135.4505,1167.4613,47.5648,97.8365,1.8624,14.1255,139.1019
75.6757,99.6684,83.0071,5.0308,135.4408,1167.3076,47.574,97.8291,1.8869,14.1126,139.0808
76.2763,99.6674,83.001,5.0448,135.4394,1166.6957,47.5629,97.8111,1.8954,14.0935,138.9505
76.8769,99.6567,82.9989,5.042,135.4191,1166.4641,47.5518,97.7996,1.8888,14.0817,138.8714
77.4775,99.6475,82.9976,5.0448,135.4258,1166.3409,47.5556,97.7959,1.8715,14.0846,138.8489
78.0781,99.65,82.9795,5.04,135.399,1166.3572,47.5512,97.7869,1.8813,14.0956,138.7726
78.6787,99.6766,82.967,5.0311,135.3817,1166.333,47.5443,97.7583,1.8866,14.0894,138.7598
79.2793,99.6514,82.9908,5.0368,135.3824,1166.161,47.5254,97.7731,1.8516,14.0563,138.6842
79.8799,99.6608,82.9899,5.0529,135.3784,1166.0282,47.5402,97.7508,1.8555,14.0726,138.6295
80.4805,99.6624,82.9677,5.0395,135.361,1165.9287,47.5482,97.7328,1.8748,14.0404,138.5755
81.0811,99.65,82.9901,5.0548,135.3584,1165.9347,47.527,97.737,1.8711,14.0552,138.5712
81.6817,99.68,82.9703,5.0445,135.3541,1165.8673,47.5607,97.7427,1.8552,14.0508,138.5525
82.2823,99.6527,82.9703,5.0384,135.3319,1165.7981,47.5471,97.7299,1.8691,14.0492,138.5043
82.8829,99.6599,82.97,5.0367,135.3453,1165.6076,47.511,97.7076,1.8535,14.0349,138.4475
83.4835,99.6544,82.9431,5.0481,135.3111,1165.2444,47.5106,97.6784,1.8821,14.0194,138.2959
84.0841,99.6528,82.9678,5.0415,135.3165,1165.206,47.497,97.6785,1.871,14.008,138.2761
84.6847,99.6602,82.9563,5.0321,135.2964,1165.0232,47.5001,97.6737,1.8708,14.004,138.1988
85.2853,99.6664,82.9382,5.041,135.2917,1164.901,47.5065,97.6515,1.8643,13.9997,138.1172
85.8859,99.6657,82.9449,5.0458,135.2736,1164.9087,47.517,97.6683,1.8677,13.9836,138.1295
86.4865,99.6626,82.9601,5.0502,135.2767,1164.9223,47.5057,97.6839,1.8497,14.007,138.1205
87.0871,99.669,82.9497,5.0588,135.2796,1164.862,47.4943,97.6614,1.8812,14.0045,138.1058
87.6877,99.6606,82.9752,5.0647,135.2581,1164.6977,47.5439,97.6369,1.8612,13.9721,137.9808
88.2883,99.654,82.9616,5.0317,135.2539,1164.5117,47.5309,97.6284,1.8576,13.9533,137.9213
88.8889,99.6725,82.9516,5.0361,135.2081,1164.062,47.5089,97.5977,1.8686,13.9478,137.7793
89.4895,99.6722,82.9505,5.0456,135.2369,1164.0848,47.5067,97.5991,1.8691,13.9333,137.7752
90.0901,99.674,82.9556,5.0562,135.2255,1164.0657,47.519,97.586,1.849,13.9529,137.7724
90.6907,99.6618,82.9465,5.0341,135.2177,1164.0539,47.507,97.6053,1.8477,13.9402,137.7692
91.2913,99.6672,82.9446,5.0585,135.2312,1163.785,47.4927,97.575,1.8429,13.9089,137.6961
91.8919,99.6471,82.9414,5.0453,135.1842,1163.4816,47.4845,97.5713,1.853,13.902,137.5649
92.4925,99.656,82.9251,5.0371,135.1861,1163.4734,47.5033,97.5633,1.8503,13.9081,137.5618
93.0931,99.6543,82.8813,5.0503,135.1483,1162.2783,47.4183,97.5043,1.8483,13.8605,137.2948
93.6937,99.65,82.8545,5.028,135.1298,1161.803,47.3806,97.4684,1.835,13.8375,137.1586
94.2943,99.6642,82.8361,5.0531,135.1316,1161.6759,47.3871,97.465,1.8451,13.864,137.0996
94.8949,99.6463,82.831,5.0422,135.0988,1161.3117,47.366,97.4541,1.8211,13.8027,137.0107
95.4955,99.6541,82.8198,5.0314,135.0884,1161.3157,47.3515,97.4552,1.8348,13.8096,137.005
96.0961,99.6416,82.8471,5.0408,135.0954,1161.2928,47.3695,97.4633,1.8326,13.8024,137.0198
96.6967,99.6483,82.8291,5.0262,135.103,1161.3213,47.3644,97.473,1.8515,13.8278,136.9995
97.2973,99.6599,82.8222,5.0144,135.0837,1161.5461,47.3804,97.4342,1.8613,13.8224,136.9764
97.8979,99.6543,82.83,5.0127,135.092,1161.436,47.3724,97.4276,1.8275,13.8246,136.9374
98.4985,99.6389,82.8467,5.0431,135.0844,1161.3305,47.3656,97.4308,1.8349,13.8001,136.904
99.0991,99.6414,82.8516,5.0395,135.0538,1160.6471,47.3701,97.3991,1.8634,13.7965,136.7929
99.6997,99.6437,82.8479,5.052,135.0535,1160.6085,47.3698,97.4085,1.8354,13.7825,136.7567
100.3003,99.6537,82.8394,5.0432,135.0412,1160.3804,47.3749,97.3713,1.8287,13.7783,136.6882
100.9009,99.6365,82.8378,5.061,135.0333,1160.3645,47.3589,97.3874,1.8278,13.7816,136.6621
101.5015,99.6596,82.8509,5.0535,135.0143,1160.232,47.3677,97.3566,1.8403,13.7686,136.5579
102.1021,99.641,82.8528,5.0446,135.023,1160.1609,47.3639,97.3739,1.8397,13.77,136.5456
102.7027,99.6325,82.8495,5.0359,135.0015,1160.0396,47.3668,97.3514,1.8419,13.7669,136.4731
103.3033,99.6402,82.8358,5.0409,135.012,1159.9603,47.373,97.3325,1.8536,13.7461,136.4066
103.9039,99.6367,82.8259,5.0422,134.9538,1159.7092,47.3618,97.296,1.8402,13.7409,136.2777
104.5045,99.6425,82.82,5.0394,134.9815,1159.5865,47.3534,97.3203,1.8264,13.7145,136.2381
105.1051,99.6549,82.8363,5.0539,134.9553,1159.5148,47.3543,97.3133,1.8313,13.74,136.2134
105.7057,99.6296,82.8427,5.0438,134.9655,1159.3254,47.3676,97.2895,1.8203,13.7196,136.1561
106.3063,99.6431,82.8203,5.0308,134.9506,1159.1828,47.3596,97.2973,1.8118,13.6924,136.1163
106.9069,99.6431,82.8305,5.0164,134.9234,1159.1254,47.3521,97.2785,1.8357,13.697,136.0353
107.5075,99.6587,82.8267,5.0348,134.9177,1159.0268,47.3476,97.2709,1.8307,13.6982,136.0124
108.1081,99.6471,82.7976,5.0654,134.9139,1158.6556,47.3189,97.2449,1.8043,13.6704,135.9185
108.7087,99.6431,82.7655,5.0516,134.8746,1158.1697,47.2842,97.2173,1.8204,13.6604,135.7735
109.3093,99.6503,82.7613,5.0496,134.8666,1157.7486,47.2513,97.2083,1.8191,13.6447,135.7314
109.9099,99.6365,82.7512,5.0455,134.8722,1157.6846,47.2594,97.2063,1.8061,13.6452,135.6619
110.5105,99.6268,82.7352,5.0427,134.8518,1157.1649,47.266,97.1787,1.8224,13.6082,135.6199
111.1111,99.6386,82.7473,5.0385,134.8617,1157.1733,47.2572,97.1758,1.803,13.6243,135.624
111.7117,99.6373,82.7397,5.0289,134.8331,1156.9012,47.2757,97.1618,1.8063,13.6108,135.554
112.3123,99.6377,82.7476,5.049,134.8405,1156.5985,47.2699,97.1301,1.8062,13.5844,135.3865
112.9129,99.63,82.7458,5.0416,134.8025,1156.5294,47.2699,97.1166,1.7953,13.5805,135.3086
113.5135,99.6441,82.7524,5.0279,134.7966,1156.4933,47.2644,97.0896,1.8152,13.5693,135.2567
114.1141,99.6566,82.7411,5.0433,134.7864,1156.6023,47.2596,97.0731,1.8253,13.5731,135.2156
114.7147,99.6376,82.7531,5.0419,134.7792,1156.5861,47.2778,97.1011,1.823,13.5568,135.147
115.3153,99.6244,82.7481,5.0347,134.7557,1156.3936,47.2749,97.0816,1.8121,13.5446,135.0597
115.9159,99.6405,82.733,5.0418,134.756,1156.1829,47.2794,97.0553,1.8118,13.5462,135.0099
116.5165,99.6432,82.7211,5.0459,134.7338,1155.4957,47.2299,97.0279,1.8068,13.5347,134.8784
117.1171,99.6293,82.7232,5.0269,134.7226,1155.3364,47.2388,97.029,1.8,13.5373,134.8661
117.7177,99.6316,82.7486,5.0445,134.7123,1154.98,47.2605,97.0032,1.8024,13.4882,134.7062
118.3183,99.6322,82.7395,5.0572,134.6878,1154.9155,47.2627,96.9726,1.7892,13.4625,134.6959
118.9189,99.6545,82.7574,5.0353,134.6805,1154.6828,47.2625,96.9764,1.8062,13.4679,134.5591
119.5195,99.6297,82.7405,5.0261,134.675,1154.5896,47.2446,96.9547,1.7974,13.4645,134.5515
120.1201,99.6556,82.7306,5.0287,134.6462,1154.4289,47.2387,96.9501,1.7894,13.48,134.4284
120.7207,99.6317,82.7226,5.0404,134.6458,1154.2472,47.2416,96.9347,1.7916,13.4485,134.37
121.3213,99.6389,82.7144,5.0467,134.6443,1154.0723,47.251,96.9292,1.7872,13.4385,134.3379
121.9219,99.6302,82.6789,5.0505,134.5902,1152.9381,47.1976,96.8794,1.7814,13.3865,134.0871
122.5225,99.6289,82.6751,5.032,134.5833,1152.7045,47.1756,96.8679,1.7673,13.3659,134.0146
123.1231,99.6212,82.6684,5.0296,134.5588,1152.4798,47.1836,96.8565,1.761,13.3602,133.9366
123.7237,99.6303,82.6585,5.0506,134.5497,1152.4329,47.1742,96.8368,1.8002,13.3545,133.8653
124.3243,99.6357,82.6492,5.0254,134.5397,1152.2913,47.1556,96.8376,1.7614,13.3499,133.8186
124.9249,99.6304,82.6651,5.0604,134.5348,1152.1776,47.1575,96.8094,1.7761,13.3381,133.7273
125.5255,99.6413,82.6531,5.0414,134.4943,1151.8327,47.1453,96.7669,1.7665,13.3415,133.5518
126.1261,99.6212,82.6413,5.0504,134.4799,1151.6066,47.1755,96.7451,1.7699,13.308,133.4426
126.7267,99.6456,82.6594,5.0493,134.4611,1151.4409,47.1422,96.7394,1.7807,13.2976,133.3747
127.3273,99.6421,82.6588,5.0444,134.447,1151.0998,47.1759,96.7172,1.7744,13.2933,133.2875
127.9279,99.6387,82.6607,5.0439,134.4367,1150.9948,47.171,96.7105,1.7737,13.2808,133.211
128.5285,99.6329,82.6537,5.0398,134.4208,1150.877,47.1535,96.7022,1.7483,13.2519,133.122
129.1291,99.6298,82.6507,5.0591,134.4125,1150.6776,47.148,96.6813,1.7794,13.2482,133.0494
129.7297,99.6487,82.6217,5.0513,134.3936,1150.211,47.1229,96.6534,1.7696,13.2442,132.9641
130.3303,99.6397,82.6026,5.0619,134.3814,1149.9351,47.1108,96.6444,1.7692,13.2286,132.9044
130.9309,99.6341,82.5876,5.0374,134.3533,1149.5235,47.0797,96.6108,1.749,13.2328,132.725
131.5315,99.6189,82.5787,5.063,134.3321,1149.2999,47.0559,96.6109,1.768,13.2131,132.66
132.1321,99.6148,82.5527,5.0277,134.3226,1148.9097,47.0247,96.5772,1.7611,13.1984,132.5562
132.7327,99.6059,82.539,5.0592,134.304,1148.5607,47.007,96.5621,1.753,13.1779,132.4412
133.3333,99.612,82.5384,5.0496,134.2944,1148.1279,47.0169,96.5234,1.774,13.1432,132.32
133.9339,99.6336,82.5309,5.033,134.2592,1147.9218,47.0136,96.5117,1.7566,13.1392,132.232
134.5345,99.6278,82.5467,5.0572,134.2425,1147.801,47.0204,96.4968,1.7539,13.1361,132.1558
135.1351,99.6295,82.5463,5.0629,134.2274,1147.5385,47.0181,96.4839,1.7523,13.1148,132.0458
135.7357,99.6137,82.5011,5.0401,134.1974,1146.8954,46.9825,96.4467,1.7564,13.0704,131.8955
136.3363,99.6325,82.4966,5.0458,134.2052,1146.648,46.9717,96.4306,1.7293,13.063,131.8224
136.9369,99.6143,82.4985,5.0411,134.1672,1146.332,46.9583,96.3786,1.7474,13.0401,131.6359
137.5375,99.6319,82.4871,5.0516,134.1633,1146.1122,46.9641,96.3749,1.74,13.0262,131.5655
138.1381,99.6156,82.5046,5.0507,134.1239,1145.7038,46.9604,96.3405,1.7402,13.0058,131.4455
138.7387,99.616,82.495,5.0528,134.1051,1145.4617,46.9829,96.3401,1.7418,13.0043,131.3901
139.3393,99.6225,82.4892,5.0589,134.1011,1144.978,46.9579,96.3351,1.7216,12.9781,131.276
139.9399,99.6153,82.4823,5.042,134.0804,1144.548,46.9357,96.2862,1.7012,12.9596,131.2051
140.5405,99.6211,82.4449,5.0432,134.0771,1144.0658,46.9079,96.2679,1.7343,12.9745,131.0847
141.1411,99.6302,82.418,5.056,134.0342,1143.895,46.8816,96.2805,1.7232,12.9407,131.0107
141.7417,99.6064,82.4225,5.0399,134.0245,1143.7553,46.8721,96.224,1.718,12.9382,130.834
142.3423,99.5965,82.4206,5.0515,134.0189,1143.6753,46.88,96.1949,1.7249,12.9351,130.7752
142.9429,99.6055,82.4001,5.0351,133.9744,1143.435,46.8988,96.1789,1.7248,12.8962,130.6095
143.5435,99.6048,82.4043,5.0593,133.9566,1143.2063,46.861,96.1723,1.7282,12.8847,130.5359
144.1441,99.6169,82.4119,5.054,133.9239,1142.8443,46.8875,96.1484,1.7313,12.8772,130.4237
144.7447,99.6072,82.4106,5.0623,133.9212,1142.4327,46.8922,96.1199,1.7259,12.8623,130.2632
145.3453,99.6082,82.4107,5.0448,133.8941,1141.8939,46.8851,96.1044,1.7128,12.8163,130.1503
145.9459,99.6252,82.4025,5.05,133.8686,1141.5992,46.8577,96.0781,1.7082,12.8167,130.056
146.5465,99.6253,82.3855,5.056,133.8526,1140.9726,46.8618,96.0385,1.7052,12.7815,129.9147
147.1471,99.6206,82.3598,5.0499,133.8127,1140.6039,46.8317,96.0461,1.713,12.8065,129.8235
147.7477,99.5991,82.3568,5.0502,133.8023,1140.0921,46.7985,96.0092,1.6963,12.7535,129.6965
148.3483,99.5887,82.3556,5.0351,133.8024,1139.9949,46.8031,96.0175,1.7025,12.7314,129.6598
148.9489,99.5937,82.3502,5.0369,133.7875,1139.6987,46.7963,95.9803,1.7001,12.7371,129.541
149.5495,99.6052,82.3387,5.0468,133.734,1139.135,46.7703,95.9358,1.7071,12.7068,129.3301
150.1502,99.6101,82.3319,5.0518,133.7212,1138.8352,46.7939,95.8948,1.6841,12.6918,129.1865
150.7508,99.5938,82.3504,5.0525,133.6858,1138.7368,46.7784,95.8907,1.6921,12.6665,129.147
151.3514,99.6079,82.3159,5.0471,133.6736,1138.6536,46.7912,95.8826,1.6669,12.6694,129.0487
151.952,99.6019,82.3348,5.0557,133.6846,1138.5033,46.781,95.8338,1.6815,12.6568,128.9933
152.5526,99.6064,82.3288,5.0606,133.6293,1137.9261,46.7975,95.8317,1.7029,12.6243,128.8582
153.1532,99.5932,82.3241,5.0489,133.6262,1137.4483,46.7559,95.7898,1.6755,12.5837,128.7089
153.7538,99.6027,82.3241,5.0502,133.595,1136.9968,46.7596,95.7707,1.6738,12.5729,128.5516
154.3544,99.6026,82.2915,5.0621,133.5853,1136.7986,46.7483,95.7703,1.675,12.5651,128.4939
154.955,99.6023,82.2763,5.0567,133.5758,1136.4685,46.7135,95.7238,1.6629,12.5684,128.3472
155.5556,99.6066,82.2489,5.0507,133.5507,1136.118,46.6891,95.6975,1.6792,12.5467,128.2133
156.1562,99.5925,82.2463,5.0495,133.5128,1135.7035,46.67,95.6992,1.6758,12.5307,128.0893
156.7568,99.5936,82.2501,5.0551,133.52,1135.5595,46.6736,95.6586,1.6817,12.5363,128.0509
157.3574,99.6123,82.259,5.0491,133.5174,1135.2244,46.6777,95.6639,1.6645,12.5059,127.9376
157.958,99.5868,82.2345,5.047,133.4414,1134.7323,46.6566,95.6173,1.6567,12.4563,127.7696
158.5586,99.6048,82.2362,5.0616,133.4259,1134.4377,46.6812,95.5853,1.6646,12.4548,127.6686
159.1592,99.606,82.2303,5.0519,133.4086,1134.2611,46.6474,95.5773,1.6544,12.4225,127.5829
159.7598,99.5916,82.2238,5.047,133.3992,1133.853,46.6659,95.5348,1.6725,12.3968,127.4255
160.3604,99.5832,82.2204,5.0341,133.367,1133.7263,46.6515,95.5236,1.6671,12.3948,127.3783
160.961,99.5771,82.1744,5.0639,133.3631,1133.3969,46.5984,95.4918,1.6421,12.4199,127.2528
161.5616,99.586,82.1619,5.0414,133.3448,1133.0472,46.5862,95.4515,1.6485,12.367,127.1352
162.1622,99.5715,82.1538,5.0465,133.298,1132.4506,46.5732,95.4396,1.6369,12.3636,126.9531
162.7628,99.5708,82.1499,5.0462,133.2924,1132.1354,46.5567,95.4378,1.6485,12.3572,126.895
163.3634,99.5682,82.101,5.0388,133.2713,1131.5417,46.5212,95.4123,1.6399,12.3269,126.7583
163.964,99.5734,82.096,5.0426,133.2235,1131.3463,46.5189,95.3949,1.6318,12.3118,126.6669
164.5646,99.5866,82.1232,5.0447,133.228,1131.1478,46.5297,95.3893,1.6414,12.3008,126.6047
165.1652,99.5997,82.1146,5.0646,133.2077,1130.8356,46.5424,95.3504,1.6466,12.2793,126.4818
165.7658,99.5775,82.072,5.0469,133.1769,1130.3128,46.5003,95.3149,1.6493,12.2366,126.3366
166.3664,99.5774,82.0639,5.0584,133.1578,1130.2047,46.4853,95.3058,1.6194,12.2457,126.2923
166.967,99.5808,82.0773,5.0507,133.1351,1129.9142,46.4987,95.2663,1.6341,12.2253,126.1341
167.5676,99.5829,82.0661,5.054,133.1038,1129.5349,46.4638,95.2564,1.6283,12.1985,125.9959
168.1682,99.5722,82.0777,5.0585,133.0841,1128.9636,46.4924,95.2057,1.6248,12.1954,125.885
168.7688,99.5654,82.0736,5.0465,133.0748,1128.4447,46.4824,95.1819,1.6307,12.1397,125.7433
169.3694,99.5649,82.0568,5.0679,133.0501,1127.9687,46.4798,95.1858,1.6322,12.1564,125.6687
169.97,99.5817,82.0491,5.0423,133.0285,1127.5571,46.4425,95.1644,1.6171,12.1233,125.596
170.5706,99.5614,82.0168,5.0411,133.0024,1127.1419,46.4277,95.13,1.6123,12.1142,125.4563
171.1712,99.584,81.9887,5.0416,133.007,1127.0468,46.4167,95.1125,1.6327,12.0925,125.4292
171.7718,99.5786,82.0263,5.0402,132.9507,1126.9176,46.4321,95.1034,1.5942,12.0559,125.3159
172.3724,99.5703,82.0242,5.0565,132.952,1126.7418,46.4127,95.0737,1.6216,12.0445,125.224
172.973,99.5732,82.0024,5.069,132.924,1126.3959,46.4224,95.0422,1.6075,12.04,125.0618
173.5736,99.5578,81.984,5.0643,132.9178,1126.2479,46.3852,95.0278,1.5887,12.0274,125.0012
174.1742,99.5682,81.9823,5.0444,132.8943,1125.8869,46.3957,94.9982,1.5982,12.0092,124.8444
174.7748,99.5689,81.9868,5.0564,132.8822,1125.595,46.4046,94.9566,1.6163,11.9819,124.6809
175.3754,99.5598,81.9904,5.0473,132.833,1125.0684,46.3988,94.9386,1.5868,11.99,124.5077
175.976,99.5946,81.977,5.0498,132.8259,1124.8501,46.4049,94.9159,1.5865,11.946,124.4469
176.5766,99.5589,81.9936,5.0544,132.8301,1124.554,46.3732,94.8889,1.5921,11.9457,124.352
177.1772,99.5412,81.9766,5.0433,132.771,1124.3151,46.3903,94.8812,1.6083,11.9157,124.2933
177.7778,99.5597,81.9669,5.0318,132.7667,1123.7824,46.3853,94.8605,1.6102,11.9106,124.1454
178.3784,99.5463,81.9343,5.06,132.7477,1122.9759,46.3221,94.8364,1.5802,11.8889,123.9646
178.979,99.5709,81.9061,5.0493,132.7262,1122.5467,46.2962,94.7926,1.5908,11.8546,123.8337
179.5796,99.5588,81.9165,5.0455,132.7125,1122.4839,46.2918,94.7813,1.5757,11.8396,123.8139
180.1802,99.5338,81.9102,5.0491,132.6967,1122.2511,46.3062,94.7661,1.582,11.8413,123.7052
180.7808,99.5465,81.892,5.0672,132.6637,1122.0794,46.2952,94.7373,1.5808,11.8286,123.6166
181.3814,99.5662,81.9006,5.0484,132.6358,1121.5991,46.2857,94.716,1.566,11.7795,123.4748
181.982,99.5547,81.8959,5.0667,132.6126,1121.3949,46.2983,94.6856,1.5719,11.8023,123.4121
182.5826,99.5557,81.9065,5.0558,132.5863,1121.1474,46.295,94.6943,1.5616,11.7817,123.3834
183.1832,99.5655,81.9185,5.0547,132.5693,1120.9453,46.3101,94.6374,1.5563,11.7756,123.3134
183.7838,99.5569,81.8824,5.0542,132.5646,1120.6145,46.2822,94.6428,1.5691,11.7495,123.2105
184.3844,99.5543,81.9013,5.0732,132.5428,1120.3498,46.2992,94.6204,1.5473,11.7401,123.1006
184.985,99.5623,81.8741,5.0469,132.5262,1120.0262,46.2727,94.6014,1.5532,11.7095,123.0154
185.5856,99.5689,81.8651,5.0487,132.5094,1119.4742,46.2196,94.5677,1.5416,11.6867,122.8288
186.1862,99.5538,81.8418,5.0475,132.4446,1118.6124,46.226,94.5032,1.5618,11.6462,122.5236
186.7868,99.5527,81.8288,5.0608,132.4001,1118.1043,46.2003,94.4625,1.562,11.6078,122.3517
187.3874,99.5417,81.8028,5.047,132.4076,1117.7849,46.1853,94.4311,1.571,11.585,122.231
187.988,99.543,81.7989,5.0579,132.3996,1117.7821,46.1942,94.4421,1.5338,11.6129,122.2553
188.5886,99.5277,81.8121,5.0686,132.3774,1117.5282,46.18,94.4154,1.5392,11.5853,122.152
189.1892,99.5553,81.7942,5.0693,132.3791,1117.4156,46.1772,94.4055,1.5351,11.57,122.1283
189.7898,99.5611,81.7828,5.0696,132.3509,1117.0516,46.1752,94.3853,1.5422,11.5589,122.0378
190.3904,99.5466,81.7703,5.0551,132.3327,1116.7039,46.1579,94.3576,1.5288,11.5415,121.9639
190.991,99.5472,81.7494,5.0599,132.2805,1116.1775,46.1009,94.3613,1.5472,11.5352,121.7994
191.5916,99.5417,81.7266,5.0514,132.2651,1115.7647,46.1023,94.3431,1.5341,11.4981,121.7071
192.1922,99.5398,81.726,5.0819,132.2726,1115.3888,46.1013,94.2838,1.5267,11.4693,121.6243
192.7928,99.5358,81.7212,5.0456,132.2363,1115.0912,46.0776,94.2747,1.5088,11.4758,121.5347
193.3934,99.5385,81.6718,5.0548,132.1904,1114.605,46.0503,94.2501,1.5126,11.4441,121.4102
193.994,99.5296,81.6734,5.0478,132.1942,1114.261,46.0548,94.2328,1.5194,11.4359,121.2954
194.5946,99.5182,81.7043,5.0494,132.1532,1113.9097,46.0725,94.1888,1.5089,11.3988,121.2311
195.1952,99.5338,81.7208,5.0479,132.1388,1113.7711,46.0576,94.1737,1.5323,11.412,121.1698
195.7958,99.519,81.6927,5.0721,132.1257,1113.4143,46.0607,94.162,1.518,11.3834,121.0499
196.3964,99.5348,81.6964,5.0777,132.1211,1113.1735,46.0518,94.1333,1.5194,11.3766,120.9492
196.997,99.528,81.657,5.0648,132.0907,1112.6603,46.0127,94.1008,1.5236,11.3688,120.7585
197.5976,99.5245,81.64,5.0707,132.0624,1112.3657,46.0131,94.1075,1.5146,11.34,120.6794
198.1982,99.5384,81.6418,5.0699,132.0361,1111.8384,45.9936,94.0742,1.4993,11.3028,120.5444
198.7988,99.529,81.6235,5.0587,132.0132,1111.6475,45.985,94.0411,1.53,11.3102,120.4999
199.3994,99.5195,81.5799,5.0617,131.9763,1110.995,45.9257,94.0173,1.4941,11.2565,120.302
200.0,99.5164,81.5766,5.0599,131.9757,1110.7538,45.9279,93.9879,1.5006,11.2745,120.2324
200.6006,99.5234,81.5589,5.0518,131.9591,1110.4244,45.9153,93.971,1.4993,11.2349,120.1247
201.2012,99.5321,81.5385,5.0625,131.9348,1110.2165,45.9066,93.929,1.5014,11.2383,120.0188
201.8018,99.5193,81.5522,5.0524,131.9216,1109.8579,45.8856,93.9218,1.4783,11.21,119.957
202.4024,99.5281,81.5384,5.0723,131.9064,1109.6674,45.8931,93.8939,1.5128,11.1972,119.8951
203.003,99.5299,81.5549,5.0711,131.8745,1109.313,45.9051,93.8669,1.463,11.1706,119.7475
203.6036,99.501,81.5349,5.0519,131.846,1109.0598,45.9059,93.8353,1.489,11.153,119.6545
204.2042,99.497,81.5415,5.0506,131.8336,1108.7285,45.887,93.8513,1.4846,11.145,119.5731
204.8048,99.5135,81.5305,5.076,131.8272,1108.4717,45.8943,93.8336,1.4874,11.1385,119.5041
205.4054,99.5145,81.5346,5.0567,131.8024,1107.8572,45.8925,93.7954,1.4937,11.1187,119.3487
206.006,99.4989,81.515,5.0682,131.7966,1107.786,45.8862,93.7842,1.4928,11.1263,119.3292
206.6066,99.5118,81.5088,5.06,131.7887,1107.5219,45.8933,93.7499,1.4643,11.1094,119.2475
207.2072,99.507,81.5078,5.0664,131.7252,1106.9891,45.8569,93.7315,1.4848,11.0603,119.111
207.8078,99.5086,81.491,5.0629,131.6796,1106.1844,45.8324,93.6482,1.4727,11.0214,118.8665
208.4084,99.5079,81.4471,5.0582,131.6571,1105.7818,45.7995,93.6258,1.4663,11.0047,118.7208
209.009,99.5021,81.4544,5.0757,131.6514,1105.6114,45.819,93.6064,1.4634,10.9892,118.6713
209.6096,99.5223,81.4454,5.0462,131.6247,1105.488,45.7913,93.617,1.4683,10.9874,118.6428
210.2102,99.5062,81.4386,5.053,131.6282,1105.2799,45.7903,93.5947,1.4799,10.9688,118.5596
210.8108,99.5081,81.4645,5.0491,131.6002,1105.0212,45.793,93.591,1.4674,10.9359,118.4969
211.4114,99.493,81.4296,5.0554,131.5804,1104.5785,45.8011,93.56,1.4688,10.9418,118.3788
212.012,99.4855,81.4695,5.0512,131.5576,1104.4129,45.8031,93.5544,1.4664,10.9479,118.3589
212.6126,99.4886,81.4432,5.0629,131.5661,1104.0957,45.7851,93.5347,1.44,10.919,118.2871
213.2132,99.5137,81.4297,5.0526,131.537,1103.7003,45.7719,93.5156,1.4607,10.9039,118.1823
213.8138,99.4996,81.4019,5.063,131.4799,1102.9334,45.7644,93.4585,1.4498,10.8642,117.977
214.4144,99.4886,81.3898,5.0645,131.4796,1102.5838,45.737,93.4604,1.4522,10.8558,117.9114
215.015,99.479,81.373,5.0664,131.4608,1102.284,45.7383,93.4273,1.4301,10.843,117.8106
215.6156,99.4889,81.3707,5.065,131.4482,1102.0957,45.7221,93.405,1.4544,10.8264,117.7369
216.2162,99.4788,81.364,5.0695,131.4149,1101.8082,45.711,93.3914,1.452,10.8342,117.6536
216.8168,99.5058,81.3577,5.0761,131.3825,1101.1389,45.7012,93.3424,1.449,10.7662,117.4006
217.4174,99.4779,81.3392,5.062,131.3685,1100.9881,45.6825,93.3501,1.4476,10.7818,117.3607
218.018,99.4894,81.3377,5.051,131.3525,1100.4246,45.6759,93.2787,1.4254,10.7314,117.1932
218.6186,99.4768,81.334,5.0677,131.3157,1100.2545,45.6569,93.274,1.4432,10.7476,117.1538
219.2192,99.494,81.2902,5.0561,131.2823,1099.6014,45.6159,93.2437,1.4262,10.7276,116.9687
219.8198,99.4858,81.2765,5.0609,131.2513,1099.3249,45.6339,93.2065,1.4294,10.6951,116.89
220.4204,99.4834,81.2738,5.0544,131.2742,1099.294,45.616,93.2152,1.4352,10.6788,116.8801
221.021,99.4793,81.2596,5.057,131.2236,1098.7956,45.6138,93.1901,1.4216,10.6526,116.7355
221.6216,99.4671,81.2857,5.0456,131.2189,1098.6402,45.6193,93.1701,1.4374,10.6577,116.678
222.2222,99.4793,81.2602,5.0582,131.2029,1098.3852,45.5937,93.1561,1.4274,10.6292,116.6001
222.8228,99.4799,81.2685,5.0682,131.1694,1097.7939,45.611,93.0976,1.41,10.6054,116.3857
223.4234,99.4756,81.2584,5.0685,131.1538,1097.4391,45.6071,93.1151,1.411,10.5972,116.2917
224.024,99.4741,81.2566,5.0678,131.1392,1097.1707,45.5664,93.0758,1.4131,10.5719,116.2057
224.6246,99.4836,81.2431,5.0574,131.1148,1096.7647,45.591,93.0382,1.4163,10.5477,116.1157
225.2252,99.4693,81.2393,5.0686,131.0634,1096.421,45.5803,93.0231,1.4087,10.536,116.0247
225.8258,99.4511,81.2217,5.0647,131.0677,1096.0657,45.5416,92.989,1.4023,10.521,115.9527
226.4264,99.4666,81.192,5.05,131.0589,1095.8326,45.5413,92.9959,1.4063,10.5173,115.9126
227.027,99.4541,81.1824,5.0849,131.0439,1095.5459,45.5257,92.9762,1.4126,10.5171,115.8213
227.6276,99.4678,81.1785,5.0655,131.0171,1095.304,45.5034,92.9417,1.3991,10.5026,115.7272
228.2282,99.4612,81.1741,5.068,131.0068,1094.9633,45.4929,92.9391,1.3868,10.4808,115.6573
228.8288,99.4677,81.1645,5.0729,130.9767,1094.5659,45.4847,92.9163,1.3971,10.4494,115.5315
229.4294,99.4793,81.1262,5.0756,130.9085,1093.9577,45.4399,92.8278,1.402,10.4159,115.3558
230.03,99.4721,81.0961,5.0708,130.916,1093.8007,45.4364,92.8402,1.3683,10.3852,115.2939
230.6306,99.455,81.107,5.0617,130.8999,1093.7295,45.4344,92.8426,1.3966,10.3992,115.2804
231.2312,99.4575,81.1172,5.0582,130.9063,1093.6755,45.4397,92.8211,1.3688,10.4071,115.2713
231.8318,99.4489,81.1143,5.0536,130.8848,1093.3957,45.4128,92.8037,1.3824,10.3872,115.2075
232.4324,99.4533,81.0957,5.0544,130.8721,1092.99,45.4065,92.7823,1.4114,10.3737,115.088
233.033,99.4395,81.101,5.0706,130.8133,1091.9648,45.4003,92.7159,1.4034,10.3219,114.8392
233.6336,99.4489,81.0728,5.0632,130.7587,1091.1071,45.3802,92.6636,1.3849,10.2991,114.6138
234.2342,99.4536,81.0705,5.077,130.7398,1090.7735,45.4058,92.6452,1.3789,10.2961,114.5477
234.8348,99.4469,81.0742,5.071,130.7737,1090.7861,45.3846,92.6584,1.367,10.2757,114.5322
235.4354,99.4587,81.0819,5.0758,130.7225,1090.4877,45.3934,92.6361,1.3755,10.2597,114.4639
236.036,99.4443,81.0642,5.0654,130.7191,1090.2508,45.3768,92.6061,1.3841,10.2595,114.3976
236.6366,99.4556,81.0483,5.0778,130.6712,1089.8292,45.3579,92.5876,1.37,10.2235,114.2523
237.2372,99.4218,81.0144,5.0736,130.6773,1089.6134,45.3237,92.5746,1.3477,10.2073,114.2059
237.8378,99.436,81.0167,5.0739,130.6564,1089.3207,45.3176,92.5596,1.3614,10.1952,114.1
238.4384,99.4475,81.0245,5.0543,130.64,1088.9809,45.3092,92.5297,1.3804,10.1736,114.0071
239.039,99.4583,80.9986,5.0879,130.5904,1088.3998,45.3165,92.4656,1.3632,10.1493,113.8186
239.6396,99.4472,80.9978,5.0679,130.5631,1088.1694,45.3261,92.4695,1.3373,10.1215,113.7746
240.2402,99.4383,81.0192,5.0674,130.5444,1087.8098,45.3203,92.4491,1.3514,10.1102,113.6628
240.8408,99.4346,80.9865,5.057,130.5154,1087.4956,45.3093,92.4011,1.3465,10.0881,113.5994
241.4414,99.4385,80.9949,5.0573,130.4991,1087.103,45.2885,92.401,1.3329,10.0617,113.4948
242.042,99.4394,81.0046,5.0796,130.4977,1086.9036,45.2901,92.3821,1.3194,10.0581,113.4467
242.6426,99.433,80.9727,5.0756,130.4719,1086.5953,45.2933,92.3632,1.3549,10.0662,113.3763
243.2432,99.435,80.9605,5.075,130.484,1086.3834,45.2931,92.3437,1.3344,10.047,113.3149
243.8438,99.4167,80.9481,5.068,130.4399,1085.7747,45.2629,92.3127,1.3269,10.0117,113.1731
244.4444,99.4198,80.9514,5.0598,130.4039,1085.5658,45.2379,92.303,1.3307,9.9823,113.0913
245.045,99.4237,80.9492,5.0773,130.3849,1085.2218,45.2331,92.2784,1.3277,9.9922,113.0104
245.6456,99.4174,80.9137,5.069,130.3439,1084.4382,45.2305,92.2141,1.3155,9.9765,112.7914
246.2462,99.4063,80.8913,5.0715,130.3076,1083.8093,45.2026,92.1928,1.3331,9.9285,112.6053
246.8468,99.4195,80.8967,5.0654,130.3031,1083.7195,45.2069,92.1513,1.3044,9.9375,112.6007
247.4474,99.4251,80.8978,5.0573,130.2908,1083.4108,45.1897,92.1582,1.3157,9.8904,112.5219
248.048,99.4154,80.8834,5.0523,130.2757,1083.2536,45.1916,92.1336,1.3233,9.8964,112.4628
248.6486,99.4131,80.8406,5.0919,130.258,1082.8153,45.1596,92.1085,1.3296,9.8692,112.3635
249.2492,99.4026,80.854,5.0797,130.2269,1082.5679,45.152,92.0833,1.3085,9.8714,112.3067
249.8498,99.3941,80.827,5.0717,130.2036,1082.1719,45.1466,92.0888,1.3029,9.8519,112.1728
250.4505,99.4094,80.8267,5.0527,130.2126,1081.9156,45.1163,92.0402,1.3151,9.8298,112.1121
251.0511,99.429,80.825,5.0772,130.1882,1081.5872,45.1247,92.0226,1.3148,9.8095,112.0181
251.6517,99.4105,80.8057,5.0583,130.1122,1080.96,45.0977,91.9848,1.3095,9.7752,111.8182
252.2523,99.4088,80.7959,5.0761,130.0915,1080.7267,45.093,91.9694,1.2996,9.7497,111.7628
252.8529,99.4131,80.7925,5.0682,130.1196,1080.4236,45.071,91.9524,1.3001,9.7401,111.6833
253.4535,99.4205,80.75,5.0697,130.089,1080.1693,45.0616,91.9236,1.286,9.7481,111.6144
254.0541,99.4128,80.7395,5.0762,130.0425,1079.6088,45.0318,91.8854,1.2844,9.7083,111.4827
254.6547,99.3985,80.7237,5.066,130.0419,1079.3968,45.0527,91.8748,1.2919,9.6955,111.4121
255.2553,99.381,80.7375,5.062,130.0249,1079.198,45.0366,91.8463,1.2751,9.6806,111.3668
255.8559,99.4051,80.7092,5.0811,129.9931,1078.7127,45.0187,91.8204,1.2988,9.6596,111.2468
256.4565,99.3872,80.7043,5.0827,129.985,1078.526,45.0185,91.8082,1.2899,9.6517,111.2029
257.0571,99.422,80.7107,5.0697,129.9622,1078.1238,44.9966,91.7747,1.2698,9.6338,111.0889
257.6577,99.3962,80.7147,5.0752,129.9416,1077.9402,45.0146,91.7634,1.2862,9.6105,111.0297
258.2583,99.4073,80.7139,5.0819,129.9153,1077.4569,45.0022,91.7454,1.2617,9.5884,110.9217
258.8589,99.3978,80.6988,5.0675,129.9011,1077.3315,45.0036,91.7152,1.2742,9.609,110.8712
259.4595,99.4093,80.6877,5.068,129.8829,1076.8594,45.0018,91.6902,1.2734,9.5781,110.7466
260.0601,99.3847,80.6871,5.0585,129.8713,1076.6305,44.9708,91.6945,1.275,9.5573,110.6809
260.6607,99.3984,80.6661,5.0588,129.8602,1076.4897,44.9949,91.6805,1.2698,9.5363,110.6422
261.2613,99.3837,80.6879,5.0863,129.8487,1076.3327,44.9806,91.6707,1.2843,9.5544,110.589
261.8619,99.3793,80.6628,5.0623,129.8144,1076.0366,44.9754,91.6573,1.2726,9.517,110.5348
262.4625,99.3758,80.6538,5.0525,129.8027,1075.6916,44.9473,91.6191,1.2551,9.5116,110.3979
263.0631,99.3762,80.639,5.0687,129.7443,1074.8984,44.9292,91.5669,1.2578,9.4698,110.2318
263.6637,99.3847,80.6152,5.0698,129.7388,1074.4537,44.9195,91.5512,1.2564,9.4615,110.085
264.2643,99.3723,80.6158,5.071,129.6802,1073.8061,44.8807,91.4796,1.2468,9.4287,109.9353
264.8649,99.3825,80.5816,5.0765,129.6682,1073.388,44.9089,91.4506,1.2554,9.3908,109.8125
265.4655,99.3784,80.5865,5.0501,129.6369,1073.1647,44.9006,91.432,1.2534,9.3761,109.7371
266.0661,99.3668,80.576,5.0785,129.6447,1072.9909,44.884,91.4418,1.2444,9.3651,109.6944
266.6667,99.3518,80.5514,5.0835,129.5831,1072.4004,44.857,91.3985,1.2303,9.3575,109.5495
267.2673,99.3536,80.5306,5.0744,129.5789,1071.9777,44.8493,91.3614,1.2288,9.3284,109.4477
267.8679,99.3602,80.536,5.0802,129.5563,1071.6524,44.8376,91.3507,1.2341,9.3211,109.3705
268.4685,99.3614,80.5182,5.0741,129.5293,1071.4255,44.8196,91.3401,1.2618,9.3035,109.2912
269.0691,99.368,80.5094,5.0668,129.5139,1071.009,44.8281,91.3215,1.2454,9.2815,109.1968
269.6697,99.3559,80.5281,5.0618,129.4826,1070.766,44.8136,91.2847,1.241,9.2718,109.1414
270.2703,99.3663,80.5055,5.0714,129.4586,1070.3963,44.7909,91.2746,1.233,9.2685,109.0362
270.8709,99.3601,80.493,5.0841,129.4474,1070.0879,44.7771,91.2579,1.2409,9.2344,108.9609
271.4715,99.3679,80.4397,5.0818,129.3856,1069.5173,44.7662,91.2043,1.2124,9.1914,108.8306
272.0721,99.3435,80.4487,5.0821,129.3774,1069.1942,44.734,91.1888,1.2144,9.1801,108.7319
272.6727,99.356,80.4416,5.0688,129.3622,1068.8509,44.7338,91.1459,1.2042,9.1839,108.6368
273.2733,99.353,80.4544,5.0687,129.3422,1068.4782,44.7336,91.1509,1.237,9.1556,108.5788
273.8739,99.344,80.4329,5.0823,129.3317,1068.1352,44.7415,91.1207,1.2088,9.1324,108.4984
274.4745,99.3466,80.4286,5.0778,129.3081,1067.8815,44.7371,91.1244,1.2204,9.1211,108.4557
275.0751,99.3342,80.4316,5.0843,129.3203,1067.6838,44.7281,91.0751,1.2182,9.1362,108.4128
275.6757,99.3424,80.4399,5.0874,129.3071,1067.4685,44.7236,91.0944,1.2222,9.1011,108.3488
276.2763,99.3472,80.4118,5.0937,129.2982,1067.0981,44.7291,91.0449,1.2092,9.0925,108.2427
276.8769,99.3646,80.4416,5.0758,129.2539,1066.9094,44.7069,91.0288,1.2077,9.061,108.2152
277.4775,99.3577,80.3981,5.0734,129.2644,1066.6299,44.6958,91.0169,1.2241,9.0422,108.1201
278.0781,99.3447,80.4114,5.0884,129.2456,1066.4696,44.7023,91.0206,1.2173,9.0611,108.0971
278.6787,99.3492,80.3838,5.0791,129.1923,1065.7926,44.6732,90.9517,1.2128,9.0061,107.9186
279.2793,99.3429,80.3611,5.0906,129.1639,1065.5436,44.6481,90.9308,1.195,9.0164,107.8458
279.8799,99.3244,80.3384,5.0802,129.1357,1064.9358,44.6275,90.9235,1.1906,8.9602,107.7029
280.4805,99.333,80.311,5.0638,129.1177,1064.6383,44.6124,90.893,1.2003,8.9555,107.6233
281.0811,99.3395,80.313,5.082,129.111,1064.5066,44.6077,90.8837,1.1985,8.9715,107.6136
281.6817,99.3295,80.3131,5.0857,129.086,1064.259,44.5959,90.8531,1.1997,8.9536,107.545
282.2823,99.3237,80.2489,5.0772,129.0417,1063.3252,44.5629,90.8044,1.1882,8.8987,107.3443
282.8829,99.3385,80.2487,5.0746,129.0324,1063.0025,44.5386,90.7631,1.2041,8.8967,107.269
283.4835,99.3162,80.2249,5.0882,129.0252,1062.7188,44.5304,90.7629,1.1895,8.87,107.2022
284.0841,99.3285,80.2323,5.0611,129.0071,1062.6411,44.546,90.7523,1.1849,8.8727,107.1772
284.6847,99.3104,80.2128,5.0794,128.9707,1062.4651,44.5395,90.7543,1.1773,8.8639,107.1067
285.2853,99.3166,80.2332,5.0857,128.9838,1062.2865,44.5294,90.7306,1.1809,8.8506,107.0643
285.8859,99.309,80.2507,5.0837,128.9552,1061.7937,44.509,90.6919,1.1541,8.8251,106.9663
286.4865,99.3009,80.2361,5.0759,128.9463,1061.1591,44.5218,90.6553,1.1566,8.8,106.8436
287.0871,99.3034,80.2379,5.0688,128.9081,1060.8312,44.5366,90.6349,1.173,8.7837,106.7748
287.6877,99.301,80.2392,5.0908,128.9185,1060.6477,44.5318,90.6229,1.1687,8.7773,106.7383
288.2883,99.3059,80.2295,5.0856,128.8721,1059.9594,44.547,90.6119,1.1491,8.7477,106.5584
288.8889,99.2958,80.2243,5.071,128.8673,1059.7763,44.5289,90.5892,1.1592,8.7473,106.511
289.4895,99.312,80.2172,5.0825,128.852,1059.6533,44.5564,90.5932,1.161,8.7203,106.5073
290.0901,99.2967,80.2175,5.082,128.8418,1059.4735,44.5188,90.5739,1.1421,8.7132,106.4486
290.6907,99.2852,80.2362,5.0699,128.8434,1059.2574,44.5219,90.5692,1.1725,8.7143,106.3949
291.2913,99.2924,80.2027,5.1084,128.8161,1059.0727,44.5064,90.5489,1.1625,8.6862,106.3561
291.8919,99.2912,80.1879,5.0849,128.7997,1058.5513,44.4977,90.5258,1.1742,8.6972,106.2218
292.4925,99.2954,80.1645,5.0825,128.7686,1058.1718,44.4561,90.4845,1.1594,8.6368,106.1666
293.0931,99.2844,80.1326,5.0801,128.7275,1057.465,44.4218,90.4225,1.1522,8.6203,105.9787
293.6937,99.2732,80.1076,5.086,128.7027,1057.0663,44.3953,90.3825,1.1468,8.6097,105.897
294.2943,99.274,80.0918,5.0822,128.6575,1056.7554,44.3788,90.3606,1.1514,8.5781,105.8137
294.8949,99.2847,80.0946,5.0911,128.6456,1056.576,44.3889,90.3683,1.1376,8.5642,105.7832
295.4955,99.274,80.0664,5.0692,128.6205,1056.0638,44.3578,90.2957,1.1506,8.5391,105.6537
296.0961,99.2933,80.0572,5.0845,128.619,1055.8215,44.3547,90.2992,1.1368,8.5222,105.5836
296.6967,99.268,80.0522,5.0698,128.5734,1055.4592,44.3537,90.2743,1.1342,8.502,105.4905
297.2973,99.2773,80.0479,5.0799,128.5689,1055.1756,44.3409,90.2534,1.1374,8.501,105.4209
297.8979,99.293,80.0262,5.0865,128.5128,1054.4363,44.354,90.1928,1.1213,8.4484,105.2331
298.4985,99.2801,80.0502,5.0999,128.4857,1054.1083,44.3364,90.1768,1.1197,8.4508,105.1562
299.0991,99.2719,80.0394,5.0874,128.4832,1054.017,44.3556,90.179,1.1173,8.4297,105.1486
299.6997,99.2837,80.0298,5.0778,128.4755,1053.7126,44.3357,90.1316,1.1163,8.4118,105.0363
300.3003,99.2943,80.0168,5.0779,128.4409,1053.2979,44.3197,90.0965,1.1076,8.3892,104.9475
300.9009,99.2735,80.0204,5.0749,128.4207,1053.0716,44.3021,90.098,1.1076,8.3994,104.8821
301.5015,99.2854,80.0149,5.0901,128.4363,1053.0129,44.2933,90.0743,1.1061,8.3688,104.8803
302.1021,99.2673,80.0037,5.0801,128.418,1052.753,44.3036,90.085,1.1178,8.352,104.7897
302.7027,99.2809,79.9677,5.0823,128.3595,1051.9045,44.2707,90.0235,1.1097,8.3223,104.5758
303.3033,99.2947,79.9579,5.096,128.3289,1051.5941,44.2745,89.9818,1.1051,8.2912,104.4883
303.9039,99.2731,79.9685,5.0902,128.3374,1051.468,44.2758,89.9946,1.1124,8.2968,104.465
304.5045,99.2783,79.944,5.0911,128.3294,1051.2299,44.246,89.9602,1.096,8.2876,104.4117
305.1051,99.2849,79.9361,5.0869,128.2913,1050.76,44.2255,89.9548,1.1122,8.2607,104.297
305.7057,99.2666,79.9188,5.0882,128.2766,1050.5462,44.2388,89.908,1.0892,8.2568,104.239
306.3063,99.2598,79.9241,5.0897,128.238,1050.3679,44.1999,89.9244,1.1049,8.2416,104.1951
306.9069,99.248,79.9088,5.0933,128.2254,1049.9695,44.2093,89.8934,1.0972,8.2415,104.1163
307.5075,99.2453,79.8831,5.0823,128.166,1049.0369,44.1551,89.8211,1.0543,8.1652,103.8677
308.1081,99.2564,79.8648,5.0888,128.1463,1048.5888,44.1625,89.7815,1.0837,8.1599,103.7464
308.7087,99.2446,79.8522,5.0903,128.1357,1048.4546,44.1524,89.7767,1.0917,8.1367,103.74
309.3093,99.2521,79.8517,5.0975,128.1019,1048.1189,44.1521,89.7541,1.0833,8.1288,103.6527
309.9099,99.24,79.8352,5.1002,128.0665,1047.5028,44.1443,89.7197,1.0753,8.1029,103.52
310.5105,99.2471,79.8166,5.084,128.0688,1047.2942,44.1125,89.7095,1.0842,8.087,103.4927
311.1111,99.2374,79.8378,5.0778,128.0396,1047.0405,44.115,89.6756,1.0871,8.0941,103.4368
311.7117,99.2298,79.7957,5.0892,128.0239,1046.6815,44.1206,89.6603,1.079,8.0556,103.3602
312.3123,99.2331,79.7675,5.0843,127.9862,1045.9093,44.0877,89.6123,1.0641,8.0218,103.2184
312.9129,99.2385,79.7721,5.0891,127.964,1045.5843,44.058,89.6041,1.0753,8.0214,103.1295
313.5135,99.2438,79.7702,5.1093,127.9639,1045.5602,44.0728,89.6109,1.0508,8.016,103.151
314.1141,99.2377,79.7483,5.0828,127.9561,1045.1956,44.0656,89.5695,1.0563,7.9969,103.0597
314.7147,99.236,79.7341,5.111,127.9228,1044.8319,44.0468,89.5674,1.0591,7.9629,102.993
315.3153,99.2269,79.7254,5.0779,127.8908,1044.3695,44.0215,89.5313,1.0672,7.968,102.8967
315.9159,99.2017,79.7214,5.078,127.8814,1044.0933,44.0048,89.4886,1.0448,7.939,102.8115
316.5165,99.2153,79.7118,5.0674,127.877,1043.9494,44.0316,89.4826,1.0546,7.9268,102.7741
317.1171,99.2269,79.705,5.0792,127.8621,1043.9189,44.0089,89.4923,1.0635,7.9352,102.7836
317.7177,99.2259,79.7103,5.0901,127.8471,1043.6263,43.9972,89.4741,1.0341,7.9216,102.7127
318.3183,99.2226,79.6863,5.0764,127.819,1043.0122,43.9808,89.4195,1.0368,7.8874,102.5393
318.9189,99.2184,79.6857,5.0779,127.7696,1042.5922,43.9814,89.3868,1.0481,7.8477,102.4376
319.5195,99.2207,79.6553,5.0772,127.7766,1042.3792,43.9702,89.3756,1.0238,7.8534,102.3892
320.1201,99.2302,79.6603,5.0848,127.7728,1042.1836,43.9611,89.3597,1.0297,7.8212,102.3427
320.7207,99.2111,79.6373,5.0785,127.7481,1041.7225,43.9418,89.3237,1.0433,7.8144,102.2509
321.3213,99.2265,79.632,5.0995,127.7196,1041.6183,43.9292,89.3178,1.0392,7.8026,102.2089
321.9219,99.1931,79.6197,5.0979,127.6984,1041.3388,43.9128,89.3076,1.0289,7.7984,102.1594
322.5225,99.2057,79.5889,5.0925,127.6728,1040.6117,43.9063,89.2509,1.0405,7.7806,102.0089
323.1231,99.1842,79.5923,5.1018,127.6332,1040.4206,43.8966,89.2373,1.0434,7.7402,101.9935
323.7237,99.2083,79.5963,5.0846,127.6234,1040.1118,43.8834,89.2256,1.0405,7.7427,101.9108
324.3243,99.207,79.5655,5.0808,127.6026,1039.9022,43.8874,89.22,1.0408,7.7457,101.865
324.9249,99.2037,79.5803,5.0976,127.6022,1039.4912,43.8835,89.1808,1.0175,7.7171,101.7997
325.5255,99.1891,79.5577,5.1063,127.5761,1038.9377,43.8716,89.1505,1.0268,7.7037,101.6841
326.1261,99.2045,79.5396,5.0942,127.529,1038.6142,43.8625,89.1424,1.0203,7.6529,101.6062
326.7267,99.1858,79.5427,5.0979,127.544,1038.5317,43.8571,89.1283,1.0321,7.6522,101.5726
327.3273,99.1757,79.5408,5.0872,127.5035,1038.1446,43.8695,89.1001,1.0207,7.645,101.5075
327.9279,99.1742,79.5616,5.0837,127.4599,1037.1817,43.854,89.0344,1.022,7.6006,101.2919
328.5285,99.1758,79.519,5.0819,127.4214,1036.7314,43.8408,89.0119,1.0282,7.5779,101.2073
329.1291,99.1797,79.5302,5.091,127.4064,1036.4976,43.8489,89.0068,1.0115,7.5465,101.1299
329.7297,99.1878,79.5182,5.089,127.4013,1036.2878,43.844,88.9951,1.0126,7.5536,101.0865
330.3303,99.1861,79.5198,5.0847,127.3724,1035.9241,43.8335,88.9451,1.002,7.5415,101.0081
330.9309,99.1839,79.5071,5.0875,127.3526,1035.8228,43.8433,88.937,1.0048,7.532,100.9733
331.5315,99.1777,79.5045,5.0889,127.3433,1035.7702,43.8326,88.9309,1.0129,7.5063,100.9595
332.1321,99.1824,79.519,5.1196,127.3737,1035.7308,43.8256,88.9232,1.0084,7.5103,100.9662
332.7327,99.193,79.5036,5.099,127.3487,1035.619,43.814,88.9344,1.0027,7.5227,100.9195
333.3333,99.1813,79.487,5.0807,127.3363,1035.0453,43.8142,88.895,1.0128,7.4918,100.7829
333.9339,99.1567,79.4609,5.0874,127.2307,1033.7829,43.7671,88.796,0.9833,7.4209,100.5009
334.5345,99.1467,79.4358,5.101,127.2198,1033.5972,43.7649,88.7969,0.9849,7.4238,100.4785
335.1351,99.1862,79.3961,5.0979,127.1791,1032.6938,43.7107,88.7086,0.9717,7.3837,100.258
335.7357,99.1483,79.4204,5.0917,127.1447,1032.3955,43.7179,88.7008,0.984,7.3619,100.1993
336.3363,99.1761,79.3785,5.1038,127.1509,1032.1782,43.7054,88.7029,0.9797,7.35,100.1405
336.9369,99.1485,79.3563,5.0797,127.1095,1031.4489,43.6574,88.6492,0.9577,7.3181,99.998
337.5375,99.1557,79.3492,5.1057,127.0854,1031.2243,43.6544,88.6168,0.9771,7.3248,99.9289
338.1381,99.1609,79.3317,5.0927,127.0755,1031.0684,43.6583,88.6167,0.9737,7.2975,99.8941
338.7387,99.133,79.345,5.1077,127.0682,1031.0077,43.6624,88.631,0.9579,7.2839,99.911
339.3393,99.1262,79.3472,5.0804,127.0752,1030.8834,43.6646,88.6024,0.9768,7.2812,99.8839
339.9399,99.1453,79.3464,5.0996,127.0493,1030.5413,43.6499,88.5921,0.9646,7.2796,99.8181
340.5405,99.1376,79.3178,5.078,127.0304,1030.2989,43.6554,88.5524,0.9646,7.2508,99.748
341.1411,99.1452,79.3145,5.0829,127.0074,1030.017,43.6264,88.5384,0.9637,7.2441,99.688
341.7417,99.1367,79.3056,5.1041,126.9839,1029.5626,43.6312,88.5165,0.9689,7.2181,99.6275
342.3423,99.1257,79.2601,5.0878,126.9194,1028.3092,43.5968,88.4515,0.9537,7.1664,99.3806
342.9429,99.1005,79.2406,5.1163,126.8917,1027.8918,43.5534,88.4262,0.9598,7.1482,99.2918
343.5435,99.1045,79.2507,5.1008,126.8827,1027.5522,43.5631,88.427,0.9518,7.1292,99.2328
344.1441,99.1135,79.2237,5.1086,126.8657,1027.4477,43.5565,88.3755,0.9635,7.1266,99.2093
344.7447,99.0997,79.2186,5.1219,126.8569,1027.0355,43.5518,88.3708,0.9549,7.1189,99.131
345.3453,99.0673,79.2143,5.0969,126.8407,1026.8718,43.528,88.3629,0.953,7.0944,99.1061
345.9459,99.0884,79.2068,5.1039,126.8333,1026.8477,43.5476,88.3525,0.9429,7.0982,99.0888
346.5465,99.1033,79.1876,5.0999,126.8346,1026.7604,43.5352,88.3449,0.9552,7.0962,99.0774
347.1471,99.0841,79.209,5.1064,126.8265,1026.6883,43.5458,88.3444,0.9479,7.0701,99.0681
347.7477,99.1035,79.194,5.0853,126.8121,1026.5476,43.5257,88.3414,0.9468,7.0748,99.0493
348.3483,99.0873,79.1944,5.1039,126.7759,1026.2492,43.5235,88.3141,0.9482,7.0737,98.9752
348.9489,99.0796,79.1782,5.0971,126.7483,1025.4157,43.5121,88.2601,0.9168,7.027,98.8098
349.5495,99.0822,79.1689,5.1147,126.723,1025.1582,43.5014,88.2638,0.9359,7.0171,98.7382
350.1502,99.0938,79.1313,5.0875,126.701,1024.727,43.5062,88.2033,0.9267,6.979,98.6502
350.7508,99.082,79.1391,5.0915,126.6633,1024.3061,43.468,88.1888,0.9428,6.9683,98.5927
351.3514,99.0993,79.131,5.0932,126.6753,1024.0607,43.4747,88.1765,0.9237,6.9561,98.5224
351.952,99.0957,79.1363,5.0913,126.6388,1023.7896,43.4607,88.1386,0.9081,6.949,98.4686
352.5526,99.0829,79.1332,5.1001,126.6139,1023.449,43.4666,88.1346,0.929,6.9315,98.4072
353.1532,99.0877,79.092,5.1098,126.578,1022.7633,43.4447,88.1045,0.9219,6.875,98.2752
353.7538,99.0942,79.1073,5.1054,126.5709,1022.3969,43.4581,88.0689,0.9243,6.8574,98.1929
354.3544,99.0879,79.1153,5.1159,126.5582,1022.2156,43.4366,88.0518,0.9154,6.862,98.1634
354.955,99.0737,79.0888,5.1112,126.5212,1021.9865,43.4362,88.031,0.9051,6.8459,98.1209
355.5556,99.0887,79.0836,5.1126,126.5091,1021.4794,43.4204,87.9905,0.9184,6.8189,98.0222
356.1562,99.0968,79.066,5.0906,126.4844,1021.2329,43.4098,87.988,0.9113,6.8094,97.9585
356.7568,99.0863,79.0654,5.0834,126.4654,1021.0086,43.4012,87.9548,0.9122,6.7958,97.9136
357.3574,99.1016,79.0536,5.099,126.4449,1020.6975,43.3742,87.9279,0.9094,6.7736,97.8352
357.958,99.0816,78.9956,5.1073,126.3963,1019.8975,43.3359,87.876,0.8967,6.7441,97.668
358.5586,99.0689,78.9698,5.104,126.365,1019.6331,43.3263,87.8606,0.9059,6.741,97.6217
359.1592,99.0661,78.9703,5.1001,126.3817,1019.5038,43.307,87.8518,0.8942,6.737,97.5996
359.7598,99.0795,78.9698,5.0877,126.3618,1019.3383,43.2941,87.859,0.8845,6.7145,97.5756
360.3604,99.0645,78.9541,5.0862,126.3148,1018.882,43.2956,87.8261,0.8785,6.7088,97.4942
360.961,99.0552,78.9517,5.0997,126.3078,1018.5375,43.3076,87.783,0.9018,6.6782,97.4301
361.5616,99.0648,78.9305,5.1041,126.3177,1018.437,43.2863,87.777,0.9051,6.6784,97.4136
362.1622,99.0563,78.9235,5.1097,126.2847,1018.1217,43.2749,87.7537,0.9042,6.6616,97.3384
362.7628,99.0369,78.9302,5.1068,126.2375,1017.3276,43.2812,87.7222,0.8861,6.6082,97.2033
363.3634,99.0504,78.9233,5.0968,126.2145,1016.9141,43.2479,87.6735,0.8812,6.608,97.1137
363.964,99.0422,78.9314,5.1016,126.2047,1016.866,43.2512,87.6749,0.8752,6.5998,97.1148
364.5646,99.0371,78.9233,5.1102,126.1998,1016.7115,43.2642,87.6604,0.8812,6.5944,97.0741
365.1652,99.0311,78.9092,5.1108,126.1982,1016.353,43.2448,87.64,0.8765,6.5852,97.0123
365.7658,99.0383,78.9022,5.1072,126.1483,1015.9642,43.2431,87.6112,0.8804,6.566,96.9499
366.3664,99.0403,78.8942,5.0994,126.1387,1015.654,43.2214,87.5829,0.8794,6.532,96.892
366.967,99.0264,78.8599,5.1,126.1399,1015.453,43.2181,87.5844,0.8821,6.5351,96.8361
367.5676,99.0446,78.848,5.0955,126.0904,1014.8951,43.193,87.5182,0.8928,6.4921,96.7167
368.1682,99.0359,78.8288,5.0935,126.0983,1014.7156,43.1893,87.5149,0.8562,6.4852,96.6702
368.7688,99.0317,78.8321,5.1057,126.0556,1014.5635,43.1779,87.5389,0.8615,6.4678,96.6502
369.3694,99.0259,78.8138,5.126,126.0516,1014.4255,43.1638,87.5171,0.8472,6.4745,96.6192
369.97,99.0386,78.8099,5.0929,126.026,1013.9084,43.1705,87.4759,0.8742,6.46,96.5039
370.5706,99.0184,78.813,5.0925,126.0248,1013.5924,43.1575,87.4435,0.869,6.4218,96.449
371.1712,99.0081,78.7822,5.1013,125.998,1013.4649,43.1363,87.4524,0.8849,6.4181,96.4322
371.7718,99.0139,78.7629,5.0897,126.0208,1013.1992,43.1443,87.435,0.8356,6.4207,96.3807
372.3724,99.0236,78.753,5.1093,125.9387,1012.5448,43.0879,87.3775,0.8609,6.3952,96.2668
372.973,98.9993,78.7341,5.1003,125.937,1012.3424,43.1002,87.4004,0.8622,6.3847,96.2378
373.5736,99.0204,78.7442,5.0991,125.9413,1012.2112,43.0875,87.3752,0.8609,6.3863,96.1905
374.1742,99.0219,78.7274,5.0947,125.9217,1011.9388,43.0747,87.357,0.8468,6.3734,96.1643
374.7748,99.0072,78.7181,5.108,125.9125,1011.73,43.0836,87.3555,0.847,6.348,96.1153
375.3754,99.016,78.7135,5.1206,125.8774,1011.2425,43.0575,87.3235,0.8292,6.343,96.0434
375.976,98.9807,78.6903,5.1123,125.8533,1010.6906,43.037,87.2718,0.8479,6.2984,95.9293
376.5766,98.9716,78.7078,5.0943,125.8416,1010.6061,43.032,87.2855,0.8282,6.31,95.9171
377.1772,98.9977,78.6587,5.1041,125.8175,1010.2188,43.0351,87.2589,0.8184,6.2626,95.8177
377.7778,98.9764,78.6628,5.0994,125.8108,1010.001,43.0278,87.2291,0.811,6.2747,95.7851
378.3784,98.9804,78.6759,5.1086,125.7894,1009.9455,43.0304,87.2233,0.8304,6.2538,95.7713
378.979,98.9896,78.6707,5.1256,125.8293,1009.9305,43.0311,87.2227,0.8202,6.2602,95.7687
379.5796,98.9841,78.6464,5.1092,125.8133,1009.8382,43.0272,87.2203,0.8268,6.2509,95.7537
380.1802,98.9619,78.6591,5.1247,125.7896,1009.6891,43.0425,87.2218,0.834,6.2583,95.7281
380.7808,98.9747,78.6446,5.099,125.7694,1009.5036,43.0186,87.199,0.8275,6.2556,95.6882
381.3814,98.9908,78.6352,5.1231,125.756,1009.2918,43.0053,87.1962,0.8335,6.2352,95.6461
381.982,98.9718,78.6427,5.1044,125.764,1009.2275,43.0031,87.17,0.8272,6.2382,95.6269
382.5826,98.9981,78.6339,5.0952,125.7582,1009.2036,43.0077,87.1857,0.8243,6.2152,95.6406
383.1832,99.0036,78.6185,5.1098,125.7202,1008.8218,43.0032,87.1285,0.8319,6.2167,95.5324
383.7838,99.0016,78.622,5.1082,125.6892,1008.6315,42.9758,87.1346,0.8447,6.1858,95.4754
384.3844,98.9749,78.6152,5.1009,125.6986,1008.6312,42.976,87.1232,0.8248,6.1898,95.5047
384.985,98.9913,78.5983,5.103,125.7246,1008.5516,42.9726,87.1263,0.8347,6.1808,95.4695
385.5856,98.9787,78.5946,5.1236,125.6948,1008.4455,42.9577,87.1296,0.8262,6.1951,95.4523
386.1862,98.9582,78.5762,5.1158,125.6773,1008.1276,42.965,87.0889,0.8298,6.1815,95.3867
386.7868,98.9722,78.5736,5.1245,125.6675,1008.093,42.96,87.0841,0.8091,6.1706,95.4001
387.3874,98.9674,78.5952,5.1039,125.6526,1007.9467,42.9606,87.095,0.8361,6.1647,95.3644
387.988,98.9801,78.55,5.1052,125.6228,1007.5566,42.9447,87.0591,0.8128,6.136,95.3077
388.5886,98.9493,78.5573,5.1055,125.642,1007.5786,42.9107,87.0576,0.8182,6.1399,95.2945
389.1892,98.9704,78.5174,5.1142,125.5886,1007.0194,42.9054,87.0474,0.8109,6.1335,95.2206
389.7898,98.9611,78.5028,5.1088,125.5962,1006.866,42.8824,87.0071,0.7904,6.1038,95.1871
390.3904,98.9669,78.5103,5.1112,125.5828,1006.7188,42.8921,87.0218,0.8245,6.0834,95.1543
390.991,98.9476,78.506,5.124,125.579,1006.7013,42.8863,86.9931,0.8129,6.1129,95.1428
391.5916,98.9431,78.507,5.1183,125.5719,1006.6734,42.876,87.01,0.8029,6.1305,95.1509
392.1922,98.9501,78.4951,5.1232,125.547,1006.6004,42.8891,86.9877,0.8047,6.0912,95.1268
392.7928,98.9604,78.4931,5.0953,125.5506,1006.4248,42.8589,86.9795,0.8101,6.0746,95.0711
393.3934,98.9614,78.4913,5.1247,125.5484,1006.3807,42.8657,86.9813,0.7921,6.0817,95.0589
393.994,98.9644,78.4814,5.0888,125.5384,1006.321,42.8784,86.9764,0.8163,6.0881,95.0606
394.5946,98.9516,78.4814,5.1046,125.5461,1006.2322,42.8691,86.9676,0.8023,6.0418,95.0123
395.1952,98.9568,78.4819,5.1092,125.5386,1006.1553,42.8812,86.9674,0.8089,6.0442,95.0034
395.7958,98.9625,78.4883,5.0962,125.52,1006.0968,42.8757,86.9683,0.8149,6.0602,94.9893
396.3964,98.963,78.4887,5.1069,125.5122,1006.0568,42.863,86.9528,0.8277,6.0643,94.9943
396.997,98.9769,78.5032,5.118,125.5224,1006.0327,42.8678,86.9632,0.8026,6.0544,94.973
397.5976,98.9708,78.4886,5.1092,125.5108,1005.861,42.8651,86.9453,0.8047,6.0394,94.9437
398.1982,98.972,78.4939,5.1119,125.4865,1005.8149,42.8637,86.9488,0.7907,6.0538,94.9465
398.7988,98.9511,78.4984,5.1051,125.5032,1005.8171,42.8724,86.9531,0.8058,6.0461,94.9416
399.3994,98.9746,78.4904,5.1043,125.4941,1005.8048,42.8699,86.9433,0.8071,6.037,94.9093
400.0,98.9608,78.4819,5.0852,125.5039,1005.7591,42.8688,86.9343,0.8084,6.0369,94.9323
400.6006,98.9644,78.4818,5.0989,125.4846,1005.6605,42.88,86.931,0.804,6.0399,94.9115
401.2012,98.9485,78.5023,5.1219,125.4791,1005.4416,42.8554,86.9181,0.7877,6.0172,94.8708
401.8018,98.9464,78.4853,5.1016,125.4895,1005.3873,42.8573,86.906,0.7901,6.0132,94.8466
402.4024,98.9591,78.485,5.1012,125.4828,1005.2418,42.8851,86.9055,0.799,6.0135,94.834
403.003,98.9479,78.493,5.1055,125.4682,1005.2068,42.8575,86.8894,0.8237,6.026,94.8308
403.6036,98.9428,78.5206,5.1192,125.4634,1005.1596,42.8781,86.9102,0.7915,6.0146,94.835
404.2042,98.9496,78.4912,5.1161,125.4509,1005.1304,42.8842,86.8861,0.8172,5.9997,94.821
404.8048,98.9487,78.4804,5.1112,125.4588,1005.1038,42.8833,86.9091,0.7985,6.0194,94.803
405.4054,98.9509,78.5005,5.1086,125.4677,1005.0976,42.8569,86.8805,0.7971,6.0101,94.8104
406.006,98.9417,78.4977,5.1133,125.4609,1005.1149,42.8791,86.8805,0.806,6.0113,94.8305
406.6066,98.9398,78.4924,5.117,125.4625,1005.0619,42.8675,86.8742,0.7872,6.0124,94.8105
407.2072,98.9339,78.4813,5.1068,125.4423,1005.0,42.8503,86.9024,0.7995,6.0114,94.8172
407.8078,98.9259,78.4745,5.1117,125.4585,1004.9639,42.8456,86.8705,0.8072,6.0203,94.815
408.4084,98.932,78.4941,5.1197,125.4453,1004.963,42.8625,86.9024,0.8013,6.0126,94.7928
409.009,98.9383,78.4897,5.1028,125.4581,1004.9556,42.8709,86.8782,0.8085,5.9944,94.7953
409.6096,98.9125,78.4839,5.107,125.4573,1004.934,42.8774,86.8875,0.8072,6.0321,94.8006
410.2102,98.9498,78.4849,5.105,125.4359,1004.9216,42.8815,86.8843,0.809,6.0096,94.7857
410.8108,98.9295,78.4867,5.1228,125.4461,1004.9225,42.8584,86.9133,0.7993,6.0202,94.7981
411.4114,98.9372,78.4934,5.1194,125.4535,1004.9056,42.8755,86.8853,0.7892,6.0085,94.7991
412.012,98.9303,78.4948,5.1042,125.4572,1004.9059,42.8658,86.8818,0.8106,6.0142,94.795
412.6126,98.9421,78.5027,5.0964,125.4567,1004.913,42.8612,86.8816,0.7859,6.017,94.7946
413.2132,98.9545,78.4788,5.1231,125.4253,1004.9306,42.8573,86.8757,0.8031,6.0113,94.8003
413.8138,98.9356,78.5027,5.1228,125.4413,1004.9231,42.8801,86.8896,0.7951,6.0084,94.8181
414.4144,98.9449,78.5083,5.1123,125.4562,1004.925,42.877,86.8782,0.8107,6.0132,94.807
415.015,98.9387,78.4858,5.109,125.4542,1004.9191,42.8793,86.8863,0.8015,5.9897,94.7853
415.6156,98.951,78.4958,5.1246,125.4591,1004.9216,42.8751,86.9003,0.7851,5.9963,94.8078
416.2162,98.9425,78.486,5.1228,125.436,1004.9303,42.8718,86.8721,0.7891,6.0074,94.7927
416.8168,98.9316,78.4715,5.1031,125.4465,1004.948,42.8517,86.8884,0.7964,6.0141,94.7989
417.4174,98.9486,78.5002,5.0863,125.4535,1004.9874,42.8772,86.8993,0.795,6.0121,94.8206
418.018,98.9638,78.4944,5.1072,125.4404,1005.0033,42.8612,86.8784,0.7963,6.0325,94.8001
418.6186,98.9384,78.5105,5.1204,125.453,1005.0131,42.8812,86.9044,0.8027,6.0046,94.8313
419.2192,98.93,78.5043,5.1191,125.4477,1005.0086,42.8718,86.8813,0.7924,6.02,94.7994
419.8198,98.9485,78.5044,5.0974,125.4464,1005.0046,42.8795,86.8752,0.8015,6.0088,94.8003
420.4204,98.9555,78.4907,5.1149,125.4481,1005.0178,42.8829,86.903,0.7963,6.0113,94.7951
421.021,98.9319,78.4958,5.1097,125.4452,1005.0082,42.8698,86.8743,0.8001,6.0278,94.8056
421.6216,98.9499,78.4845,5.1126,125.4397,1005.0128,42.8762,86.8934,0.8059,5.9912,94.7967
422.2222,98.9396,78.4744,5.1103,125.4578,1004.9915,42.8795,86.8758,0.8002,6.0144,94.8144
422.8228,98.9359,78.4991,5.0983,125.4534,1004.9838,42.8859,86.8738,0.8065,5.9846,94.793
423.4234,98.9447,78.507,5.1163,125.4692,1004.9514,42.8658,86.8971,0.8128,6.0251,94.8078
424.024,98.9488,78.4735,5.112,125.4457,1004.9261,42.8664,86.9066,0.8019,6.002,94.7995
424.6246,98.9248,78.5062,5.0964,125.4507,1004.9281,42.8711,86.8997,0.7889,6.0218,94.8097
425.2252,98.941,78.4848,5.1026,125.4352,1004.8854,42.8718,86.8821,0.7993,6.0338,94.8163
425.8258,98.9341,78.4873,5.1081,125.4706,1004.8743,42.8915,86.8878,0.8105,6.0068,94.7985
426.4264,98.935,78.4747,5.1151,125.4408,1004.8723,42.8773,86.8967,0.8053,6.0109,94.8055
427.027,98.9494,78.4715,5.1087,125.4552,1004.8633,42.8733,86.8837,0.8051,6.0112,94.8093
427.6276,98.9315,78.4876,5.1073,125.4419,1004.853,42.8761,86.8855,0.8089,6.0197,94.7939
428.2282,98.949,78.4877,5.1116,125.4539,1004.7553,42.8871,86.883,0.8042,6.0052,94.8099
428.8288,98.9314,78.501,5.1196,125.4548,1004.7411,42.8585,86.8838,0.8141,5.999,94.7918
429.4294,98.9486,78.4963,5.0916,125.4511,1004.7203,42.8706,86.8893,0.7914,6.0042,94.8078
430.03,98.9274,78.4793,5.1138,125.4552,1004.6877,42.8856,86.8879,0.7921,5.9935,94.7907
430.6306,98.9056,78.5041,5.1194,125.4667,1004.6645,42.8738,86.8786,0.7749,6.0217,94.7777
431.2312,98.9373,78.5166,5.1142,125.4586,1004.6626,42.8716,86.8818,0.8151,6.0158,94.8099
431.8318,98.9239,78.4654,5.1172,125.462,1004.6838,42.869,86.9069,0.8135,6.0022,94.8035
432.4324,98.9314,78.4979,5.0996,125.4398,1004.6415,42.8728,86.8898,0.8139,6.0144,94.8017
433.033,98.9176,78.4998,5.0979,125.433,1004.6715,42.8625,86.8762,0.8006,6.0074,94.7972
433.6336,98.9244,78.4734,5.1297,125.4386,1004.6948,42.8718,86.8989,0.7959,5.9992,94.8153
434.2342,98.9259,78.4799,5.1172,125.4501,1004.6904,42.8627,86.8772,0.7983,6.0109,94.7859
434.8348,98.9294,78.4881,5.1062,125.4649,1004.7638,42.8723,86.89,0.7833,6.0064,94.8003
435.4354,98.9229,78.4932,5.1148,125.4527,1004.8791,42.8606,86.8925,0.8023,6.0199,94.809
436.036,98.9643,78.4946,5.1118,125.4504,1004.9036,42.8694,86.8764,0.8178,5.9971,94.8142
436.6366,98.9496,78.4936,5.1038,125.4251,1004.9107,42.8639,86.8903,0.7956,6.0114,94.7977
437.2372,98.9518,78.4848,5.1169,125.4537,1005.0251,42.8486,86.8873,0.8101,6.0072,94.8032
437.8378,98.9539,78.4976,5.1224,125.438,1005.081,42.8536,86.8982,0.7816,5.9949,94.7966
438.4384,98.9413,78.4961,5.1439,125.4481,1005.0826,42.8521,86.887,0.8107,6.0133,94.7975
439.039,98.9521,78.4901,5.1098,125.4561,1005.0969,42.8641,86.8754,0.786,6.0155,94.8052
439.6396,98.9701,78.4859,5.1163,125.4393,1005.1325,42.8642,86.8848,0.7894,6.0133,94.8108
440.2402,98.9604,78.4781,5.1022,125.4473,1005.1371,42.8824,86.8989,0.8199,6.0075,94.8019
440.8408,98.949,78.4822,5.0905,125.4491,1005.1339,42.8716,86.8979,0.7969,5.9952,94.7912
441.4414,98.941,78.4873,5.123,125.4584,1005.1253,42.8557,86.8934,0.7983,5.9971,94.8015
442.042,98.971,78.4797,5.1054,125.4422,1005.1263,42.8664,86.9031,0.8149,6.022,94.785
442.6426,98.9643,78.4728,5.1023,125.4539,1005.101,42.874,86.8798,0.8256,6.0222,94.8082
443.2432,98.9495,78.4918,5.0961,125.4482,1004.9867,42.8521,86.8943,0.8164,6.0166,94.8134
443.8438,98.9446,78.4815,5.1065,125.4526,1004.9673,42.8684,86.9008,0.809,6.0041,94.8003
444.4444,98.9287,78.5046,5.1094,125.4698,1004.941,42.8834,86.8834,0.804,5.9889,94.8079
445.045,98.9474,78.5008,5.1119,125.4636,1004.9094,42.881,86.8865,0.8023,5.9999,94.7946
445.6456,98.9312,78.4982,5.109,125.4644,1004.8968,42.8744,86.8858,0.79,6.0099,94.8077
446.2462,98.9425,78.4918,5.1209,125.4564,1004.8568,42.8822,86.8998,0.7903,6.0065,94.7934
446.8468,98.9378,78.4861,5.1069,125.4641,1004.823,42.8758,86.8853,0.8076,6.0104,94.8014
447.4474,98.9332,78.5025,5.1132,125.4563,1004.8039,42.8843,86.8888,0.8003,6.0233,94.807
448.048,98.9279,78.5042,5.0947,125.4523,1004.7844,42.8649,86.8887,0.8068,5.9963,94.7753
448.6486,98.9278,78.493,5.1229,125.4707,1004.7543,42.8655,86.8923,0.8159,6.0109,94.7885
449.2492,98.929,78.4806,5.1042,125.466,1004.7619,42.865,86.8992,0.8,6.0053,94.7829
449.8498,98.9392,78.4957,5.1053,125.4329,1004.7322,42.876,86.8811,0.8026,5.9977,94.8061
450.4505,98.9328,78.5128,5.1219,125.4536,1004.7279,42.8581,86.879,0.8041,5.9885,94.7753
451.0511,98.9251,78.5052,5.1141,125.4414,1004.7216,42.8802,86.8974,0.8226,6.011,94.796
451.6517,98.9251,78.4871,5.1176,125.4494,1004.7082,42.864,86.8664,0.8038,6.0037,94.7829
452.2523,98.9191,78.4826,5.1111,125.4511,1004.7151,42.873,86.8803,0.7779,6.0222,94.7867
452.8529,98.9326,78.491,5.1108,125.434,1004.6989,42.8536,86.8756,0.7983,6.0042,94.8154
453.4535,98.9552,78.5034,5.1223,125.4687,1004.7013,42.8796,86.8931,0.8051,6.0251,94.7947
454.0541,98.942,78.4977,5.1068,125.4721,1004.7158,42.8968,86.8843,0.7876,5.9864,94.7993
454.6547,98.926,78.4953,5.123,125.4547,1004.7142,42.8711,86.8738,0.8049,6.0027,94.7858
455.2553,98.9354,78.4665,5.1058,125.4624,1004.7561,42.8494,86.8956,0.7861,5.9886,94.8035
455.8559,98.9251,78.4924,5.0997,125.4572,1004.7719,42.8673,86.8966,0.7934,6.0041,94.8029
456.4565,98.9495,78.5006,5.0899,125.4579,1004.7905,42.8658,86.8914,0.8017,6.0137,94.8015
457.0571,98.9213,78.495,5.1247,125.4541,1004.8339,42.8806,86.897,0.8007,6.0045,94.807
457.6577,98.9454,78.4998,5.1148,125.4548,1004.8901,42.8936,86.8951,0.7962,6.005,94.8092
458.2583,98.9376,78.4902,5.1079,125.4714,1005.0021,42.8828,86.889,0.7923,6.0121,94.8068
458.8589,98.9538,78.4892,5.1174,125.4409,1005.1023,42.8715,86.913,0.7854,6.001,94.8128
459.4595,98.949,78.4919,5.1244,125.4462,1005.107,42.8588,86.8848,0.7841,6.0095,94.8066
460.0601,98.9565,78.485,5.1153,125.4497,1005.1216,42.865,86.8895,0.7865,6.0132,94.7892
460.6607,98.9641,78.4715,5.1155,125.4502,1005.1295,42.8536,86.8983,0.7894,6.0159,94.7984
461.2613,98.9451,78.5003,5.1064,125.4363,1005.0932,42.859,86.9025,0.8128,5.9889,94.7866
461.8619,98.9647,78.4896,5.1084,125.4652,1005.0051,42.8575,86.8994,0.8063,5.992,94.8122
462.4625,98.9414,78.4775,5.0991,125.4523,1004.9699,42.8831,86.8862,0.7899,6.0102,94.8064
463.0631,98.9604,78.4906,5.1095,125.4518,1004.9461,42.8632,86.8889,0.8025,6.0036,94.791
463.6637,98.9509,78.4849,5.1098,125.4559,1004.9419,42.8717,86.8987,0.8097,5.9935,94.8014
464.2643,98.9488,78.4959,5.117,125.4544,1004.9187,42.882,86.8986,0.7997,6.0045,94.8105
464.8649,98.9374,78.4807,5.1209,125.4391,1004.8772,42.888,86.8712,0.8064,5.9975,94.7906
465.4655,98.9237,78.4932,5.125,125.4424,1004.862,42.8726,86.8744,0.7937,5.989,94.7891
466.0661,98.938,78.4922,5.1174,125.4372,1004.841,42.8796,86.8823,0.7831,6.0008,94.7875
466.6667,98.9383,78.4853,5.1153,125.4338,1004.8164,42.8717,86.901,0.8038,6.0127,94.7981
467.2673,98.9436,78.4815,5.0868,125.4545,1004.8235,42.871,86.8966,0.8026,6.0105,94.7816
467.8679,98.9251,78.4866,5.1259,125.439,1004.8066,42.8882,86.8812,0.7793,6.0026,94.8033
468.4685,98.9107,78.4959,5.1093,125.4488,1004.8048,42.8832,86.8902,0.8061,6.0162,94.7974
469.0691,98.926,78.4855,5.1229,125.4519,1004.8142,42.8798,86.8886,0.7978,6.0197,94.8071
469.6697,98.9257,78.4898,5.1054,125.4492,1004.8074,42.8578,86.8999,0.8218,6.0225,94.8016
470.2703,98.9092,78.4929,5.1252,125.4514,1004.7881,42.8662,86.8925,0.8049,6.0037,94.7872
470.8709,98.9281,78.489,5.1269,125.459,1004.7717,42.8736,86.9066,0.8008,5.9996,94.7936
471.4715,98.9269,78.4862,5.1042,125.4563,1004.7589,42.865,86.8829,0.7836,6.0182,94.8036
472.0721,98.9217,78.4837,5.0933,125.4344,1004.7442,42.8803,86.8697,0.7851,6.0098,94.7901
472.6727,98.9289,78.4869,5.092,125.451,1004.7348,42.8686,86.8901,0.8045,6.0038,94.8007
473.2733,98.9256,78.4864,5.1042,125.435,1004.7312,42.8842,86.8803,0.7938,6.0245,94.8109
473.8739,98.9319,78.4689,5.0992,125.4628,1004.7292,42.8781,86.8901,0.7988,6.0211,94.8072
474.4745,98.9286,78.4954,5.1019,125.4371,1004.7536,42.8699,86.9006,0.8019,6.0208,94.7956
475.0751,98.9225,78.4978,5.1095,125.4525,1004.7398,42.8636,86.8948,0.8048,6.0163,94.8015
475.6757,98.9209,78.4764,5.122,125.4298,1004.7642,42.8612,86.8944,0.7918,5.9986,94.8075
476.2763,98.9426,78.4829,5.1151,125.4557,1004.7536,42.8786,86.8925,0.802,6.0134,94.8058
476.8769,98.941,78.4973,5.0954,125.4508,1004.8201,42.8636,86.8866,0.8044,5.9973,94.8015
477.4775,98.9223,78.4737,5.1212,125.4514,1004.8872,42.8593,86.9003,0.8065,6.0129,94.7933
478.0781,98.9384,78.4944,5.1048,125.4633,1005.0501,42.8625,86.8865,0.7966,6.0095,94.7937
478.6787,98.9704,78.4972,5.1205,125.453,1005.0823,42.8533,86.8895,0.8009,6.0143,94.8136
479.2793,98.9407,78.4933,5.1092,125.4571,1005.1016,42.8789,86.8713,0.8059,6.0047,94.7916
479.8799,98.9473,78.4897,5.1153,125.4486,1005.13,42.8696,86.8907,0.8,6.0115,94.8008
480.4805,98.9691,78.493,5.1088,125.4459,1005.1618,42.8805,86.8832,0.8166,6.0032,94.7947
481.0811,98.9488,78.4831,5.1142,125.4532,1005.1678,42.8692,86.8811,0.8085,6.0221,94.8001
481.6817,98.9727,78.496,5.124,125.4605,1005.1598,42.8698,86.8943,0.8037,6.0015,94.7888
482.2823,98.9561,78.4746,5.1066,125.4339,1005.1332,42.8701,86.8852,0.8185,6.0172,94.7989
482.8829,98.9492,78.5058,5.0941,125.4617,1005.0578,42.8726,86.8976,0.8054,6.0089,94.8033
483.4835,98.9414,78.4911,5.0974,125.4623,1004.9982,42.8733,86.898,0.7803,6.0302,94.7934
484.0841,98.939,78.4884,5.0961,125.4454,1004.9739,42.8611,86.8859,0.805,6.0237,94.7908
484.6847,98.9509,78.479,5.1174,125.4343,1004.9794,42.8616,86.8776,0.8006,6.0248,94.7947
485.2853,98.9484,78.4923,5.1005,125.4575,1004.9096,42.8724,86.8717,0.7974,6.0065,94.7972
485.8859,98.9413,78.5116,5.1029,125.4469,1004.8951,42.8758,86.8833,0.797,6.0149,94.8101
486.4865,98.9585,78.519,5.1177,125.4442,1004.9119,42.8813,86.8986,0.805,6.0055,94.7997
487.0871,98.9411,78.4847,5.1184,125.459,1004.8718,42.879,86.9007,0.8116,6.018,94.7989
487.6877,98.9458,78.4765,5.1156,125.4585,1004.8629,42.8595,86.9022,0.8099,6.002,94.8099
488.2883,98.9303,78.5007,5.1067,125.4654,1004.8304,42.8693,86.8956,0.808,6.004,94.8065
488.8889,98.9306,78.485,5.1173,125.4352,1004.8237,42.8648,86.8715,0.8004,6.0108,94.79
489.4895,98.9552,78.5096,5.1163,125.4568,1004.8223,42.8657,86.9156,0.8133,6.0107,94.7969
490.0901,98.9302,78.4832,5.1154,125.4447,1004.8059,42.854,86.8844,0.7873,5.9968,94.7826
490.6907,98.9347,78.4946,5.1089,125.4386,1004.8561,42.8651,86.8901,0.7828,5.9975,94.7784
491.2913,98.9276,78.4907,5.1063,125.4558,1004.8699,42.8837,86.8893,0.7921,6.003,94.8119
491.8919,98.9372,78.4918,5.1118,125.4597,1004.9542,42.8819,86.9026,0.8077,6.0038,94.7908
492.4925,98.941,78.4995,5.1074,125.4718,1005.017,42.8632,86.9076,0.7872,6.0008,94.8012
493.0931,98.9583,78.5013,5.0945,125.4689,1005.0264,42.8744,86.8914,0.8106,6.0081,94.7924
493.6937,98.9555,78.4864,5.1145,125.4546,1005.0164,42.8766,86.8944,0.8089,6.001,94.8077
494.2943,98.9378,78.4584,5.098,125.4495,1005.004,42.8935,86.8859,0.7853,6.0186,94.8028
494.8949,98.9565,78.5089,5.0995,125.4587,1005.0361,42.8776,86.8904,0.7961,6.0137,94.8007
495.4955,98.9568,78.4942,5.1004,125.4492,1005.0423,42.8674,86.8899,0.7972,6.0164,94.8172
496.0961,98.936,78.4988,5.1015,125.4519,1005.0529,42.8669,86.8911,0.8088,6.0098,94.7925
496.6967,98.9734,78.4869,5.1103,125.4497,1005.0441,42.8612,86.8957,0.8076,6.005,94.7966
497.2973,98.9507,78.4915,5.1113,125.4514,1005.0281,42.8794,86.8855,0.8025,6.0093,94.8012
497.8979,98.9639,78.4881,5.1043,125.4749,1004.9926,42.8718,86.8911,0.8029,6.0033,94.7854
498.4985,98.9392,78.4814,5.1167,125.4339,1004.9259,42.8681,86.8787,0.8106,6.0047,94.7915
499.0991,98.9544,78.4737,5.1151,125.4633,1004.8924,42.8669,86.8996,0.7813,5.9981,94.8075
499.6997,98.9494,78.4831,5.1183,125.4637,1004.8574,42.8681,86.879,0.8019,6.023,94.7832
500.3003,98.9177,78.4918,5.121,125.456,1004.8754,42.8964,86.8858,0.7949,6.0078,94.7967
500.9009,98.9452,78.4815,5.1138,125.4566,1004.8623,42.8578,86.8945,0.803,6.0198,94.8116
501.5015,98.9326,78.4848,5.0945,125.439,1004.8693,42.8741,86.8804,0.8041,6.0183,94.7924
502.1021,98.9446,78.495,5.1063,125.4618,1004.8397,42.8908,86.8745,0.8018,5.9951,94.8159
502.7027,98.932,78.4838,5.1115,125.4281,1004.8359,42.8776,86.8887,0.7717,6.0113,94.7838
503.3033,98.9444,78.469,5.11,125.4588,1004.8657,42.888,86.8861,0.8099,5.9932,94.7792
503.9039,98.9272,78.4959,5.1113,125.4651,1004.8224,42.866,86.8979,0.7853,6.008,94.8008
504.5045,98.9462,78.4975,5.1129,125.4476,1004.8095,42.856,86.9046,0.8281,6.0042,94.7837
505.1051,98.9283,78.4825,5.1099,125.4545,1004.8129,42.8685,86.8971,0.8122,6.0149,94.7986
505.7057,98.9431,78.5045,5.0895,125.4454,1004.8138,42.8708,86.8866,0.7959,6.0101,94.8218
506.3063,98.9199,78.4915,5.1115,125.4421,1004.8192,42.856,86.8834,0.7985,6.0105,94.7905
506.9069,98.9253,78.4848,5.0938,125.4478,1004.8064,42.8605,86.8827,0.7901,6.0039,94.7998
507.5075,98.9427,78.502,5.1267,125.4576,1004.8102,42.8809,86.8919,0.7843,6.0116,94.7806
508.1081,98.9531,78.4932,5.1252,125.4503,1004.7958,42.8649,86.8778,0.7927,6.0254,94.783
508.7087,98.9399,78.4755,5.1091,125.4537,1004.8197,42.8635,86.8692,0.7992,6.0123,94.7958
509.3093,98.9362,78.5052,5.0832,125.4648,1004.7995,42.8613,86.8894,0.819,6.008,94.7982
509.9099,98.9289,78.4949,5.1233,125.4477,1004.8066,42.8645,86.8807,0.8023,6.0212,94.7869
510.5105,98.9639,78.4945,5.0974,125.4667,1004.8248,42.8761,86.9008,0.7999,6.0138,94.7958
511.1111,98.9461,78.4902,5.0907,125.4473,1004.8308,42.8782,86.8887,0.7978,6.0053,94.792
511.7117,98.939,78.4873,5.0989,125.4465,1004.8413,42.8784,86.8956,0.8015,6.0254,94.7958
512.3123,98.9346,78.4925,5.1203,125.4516,1004.8399,42.8633,86.8852,0.8172,6.0001,94.7948
512.9129,98.9486,78.4792,5.0853,125.456,1004.8299,42.8681,86.8808,0.8035,6.0204,94.7905
513.5135,98.9406,78.4924,5.1077,125.4342,1004.8408,42.8786,86.8989,0.8153,5.9977,94.7907
514.1141,98.9405,78.484,5.1176,125.4357,1004.8322,42.881,86.8957,0.7931,6.02,94.8029
514.7147,98.93,78.4824,5.1037,125.4594,1004.8573,42.8742,86.8826,0.8081,6.0147,94.8074
515.3153,98.9569,78.4642,5.1184,125.4573,1004.9317,42.8781,86.9003,0.7875,6.0117,94.8146
515.9159,98.9446,78.4921,5.1137,125.4534,1004.9287,42.8682,86.8752,0.8052,6.0073,94.806
516.5165,98.9363,78.5015,5.1103,125.4441,1004.9492,42.8669,86.8925,0.8021,5.9909,94.7962
517.1171,98.9433,78.4903,5.109,125.4418,1004.9576,42.855,86.9014,0.7794,6.0007,94.8169
517.7177,98.9472,78.4783,5.0955,125.4465,1004.9677,42.8576,86.8896,0.7966,6.0079,94.8093
518.3183,98.9511,78.4743,5.1123,125.4689,1004.9689,42.8487,86.879,0.8115,6.0074,94.791
518.9189,98.9619,78.4964,5.1093,125.4487,1004.9603,42.866,86.8959,0.8003,6.0139,94.7798
519.5195,98.9557,78.4736,5.0918,125.4441,1004.9551,42.8647,86.8911,0.7903,6.0028,94.8061
520.1201,98.9526,78.474,5.1066,125.4527,1004.9624,42.8759,86.886,0.8097,6.0099,94.8152
520.7207,98.9492,78.4891,5.1186,125.4416,1004.9784,42.8722,86.895,0.8062,5.9964,94.807
521.3213,98.9465,78.4926,5.1164,125.449,1005.0001,42.8645,86.9,0.8218,6.0191,94.8045
521.9219,98.9546,78.4944,5.1158,125.4535,1004.9746,42.8627,86.8979,0.8043,6.0046,94.7933
522.5225,98.9335,78.4821,5.0968,125.4536,1004.9521,42.8696,86.8742,0.8099,6.0176,94.8052
523.1231,98.963,78.4899,5.1126,125.4616,1004.9789,42.8767,86.9016,0.7995,5.9991,94.8099
523.7237,98.9746,78.4828,5.1116,125.4279,1004.991,42.8816,86.8886,0.7989,6.0176,94.8046
524.3243,98.9561,78.4809,5.1097,125.4729,1004.9644,42.8737,86.8926,0.7918,6.007,94.8173
524.9249,98.9528,78.501,5.1215,125.441,1004.9476,42.8632,86.9063,0.8044,6.0289,94.8168
525.5255,98.939,78.4837,5.0973,125.4566,1004.9279,42.8535,86.8772,0.815,6.0122,94.8128
526.1261,98.9547,78.4984,5.1029,125.4478,1004.9213,42.8607,86.8838,0.7902,6.003,94.7949
526.7267,98.9648,78.4752,5.1101,125.4576,1004.9084,42.8561,86.8937,0.803,6.005,94.8026
527.3273,98.9282,78.5039,5.1068,125.4489,1004.9119,42.8887,86.8874,0.7811,6.0035,94.7952
527.9279,98.923,78.5097,5.1024,125.438,1004.8998,42.8749,86.874,0.7968,5.9869,94.813
528.5285,98.9496,78.4787,5.1007,125.4511,1004.8844,42.8658,86.8733,0.7873,6.0,94.7913
529.1291,98.9381,78.5025,5.1387,125.4547,1004.8731,42.8626,86.8877,0.8033,6.0362,94.7953
529.7297,98.9507,78.4931,5.1042,125.4404,1004.8763,42.8506,86.885,0.789,6.0038,94.798
530.3303,98.9305,78.4927,5.0961,125.4766,1004.8688,42.8855,86.9033,0.7973,6.0032,94.7983
530.9309,98.9482,78.4839,5.0978,125.4398,1004.8781,42.8816,86.8947,0.8005,6.0023,94.7973
531.5315,98.9476,78.4812,5.1088,125.4578,1004.8558,42.8642,86.8938,0.8144,6.0132,94.7853
532.1321,98.9472,78.4893,5.0997,125.4505,1004.8745,42.8651,86.8851,0.7811,6.0087,94.8097
532.7327,98.9409,78.4938,5.1179,125.4442,1004.8587,42.8584,86.8872,0.7983,6.01,94.7951
533.3333,98.941,78.4782,5.1041,125.4635,1004.8552,42.8856,86.8917,0.7947,6.0009,94.8048
533.9339,98.933,78.482,5.1155,125.455,1004.8372,42.8698,86.8992,0.794,6.0235,94.8037
534.5345,98.9403,78.4779,5.1173,125.4564,1004.7707,42.8713,86.8943,0.7941,6.0022,94.7972
535.1351,98.9347,78.4827,5.1135,125.4419,1004.781,42.8449,86.8783,0.7982,6.0173,94.7919
535.7357,98.9482,78.49,5.1197,125.454,1004.7525,42.872,86.8964,0.8117,6.0062,94.7907
536.3363,98.9315,78.4803,5.1376,125.4708,1004.7639,42.8636,86.8988,0.8064,6.0037,94.7962
536.9369,98.9242,78.4908,5.1114,125.4576,1004.7543,42.8751,86.8737,0.7997,6.0175,94.804
537.5375,98.9337,78.4786,5.1142,125.4535,1004.7655,42.8708,86.8818,0.8151,6.0042,94.8057
538.1381,98.9277,78.4909,5.1076,125.4481,1004.773,42.8623,86.8901,0.7919,6.0164,94.7939
538.7387,98.9303,78.4795,5.1169,125.445,1004.776,42.8725,86.8984,0.8022,6.0098,94.8156
539.3393,98.9213,78.474,5.1079,125.4382,1004.7521,42.8853,86.894,0.8096,6.0032,94.804
539.9399,98.9326,78.4705,5.0948,125.4588,1004.7361,42.8595,86.8741,0.801,6.0178,94.808
540.5405,98.9361,78.4815,5.1151,125.4383,1004.7519,42.86,86.8833,0.807,6.0227,94.81
541.1411,98.9225,78.498,5.0998,125.4541,1004.7635,42.881,86.9122,0.8016,5.995,94.8064
541.7417,98.935,78.465,5.1055,125.4408,1004.7711,42.879,86.884,0.8002,6.0117,94.8098
542.3423,98.9598,78.4882,5.1127,125.4623,1004.7718,42.8711,86.9142,0.8111,6.0223,94.7833
542.9429,98.9276,78.485,5.1007,125.4545,1004.7719,42.8581,86.8891,0.787,5.992,94.8113
543.5435,98.9104,78.461,5.126,125.4354,1004.7779,42.8662,86.8739,0.8095,6.0084,94.8155
544.1441,98.9282,78.4903,5.1088,125.4464,1004.7897,42.8855,86.8946,0.8088,6.0056,94.8185
544.7447,98.9396,78.4747,5.1041,125.453,1004.8157,42.8787,86.8838,0.7917,6.0259,94.803
545.3453,98.9391,78.4837,5.1109,125.4375,1004.8503,42.8563,86.8817,0.7956,6.009,94.7925
545.9459,98.938,78.4838,5.1123,125.4677,1004.8645,42.8554,86.8949,0.8111,5.9935,94.8135
546.5465,98.9284,78.4801,5.1238,125.4324,1004.8992,42.8562,86.8796,0.7961,6.0199,94.8103
547.1471,98.9417,78.4835,5.1308,125.4711,1004.9161,42.887,86.881,0.7996,6.0175,94.7857
547.7477,98.9445,78.4833,5.1077,125.4522,1004.9193,42.8848,86.8901,0.7858,6.0051,94.8037
548.3483,98.9581,78.4863,5.1135,125.4425,1004.9114,42.8804,86.878,0.8133,6.0029,94.8055
548.9489,98.9415,78.4938,5.1028,125.4605,1004.912,42.8701,86.8918,0.8116,6.0079,94.7988
549.5495,98.946,78.4972,5.1208,125.4608,1004.8958,42.8926,86.8891,0.8126,6.0085,94.7915
550.1502,98.9562,78.4823,5.1177,125.4479,1004.9381,42.8666,86.8945,0.8015,6.0282,94.8014
550.7508,98.9471,78.5115,5.1214,125.4493,1004.9267,42.8761,86.8834,0.8047,6.0212,94.7879
551.3514,98.9568,78.4757,5.0868,125.4485,1004.9091,42.8871,86.901,0.8146,6.0088,94.7969
551.952,98.9464,78.4833,5.1083,125.4474,1004.9241,42.8725,86.9078,0.8042,6.008,94.8061
552.5526,98.9392,78.4895,5.118,125.4506,1004.9338,42.8668,86.9051,0.8025,6.0146,94.8073
553.1532,98.9543,78.4822,5.133,125.4532,1004.9008,42.8729,86.8856,0.8115,6.0182,94.8057
553.7538,98.9376,78.487,5.1062,125.4564,1004.8946,42.8743,86.8961,0.7868,6.0209,94.7963
554.3544,98.9225,78.4901,5.128,125.4597,1004.8458,42.8685,86.8758,0.7874,5.9964,94.7926
554.955,98.9355,78.4995,5.1279,125.446,1004.8133,42.8545,86.8805,0.8065,5.992,94.8004
555.5556,98.9123,78.495,5.1317,125.4598,1004.8021,42.8642,86.8978,0.8049,6.0146,94.8023
556.1562,98.9236,78.5019,5.0951,125.4261,1004.8031,42.867,86.9037,0.7879,6.0085,94.8102
556.7568,98.9542,78.4999,5.116,125.4539,1004.819,42.8607,86.883,0.7973,6.0066,94.8011
557.3574,98.9342,78.5022,5.112,125.4363,1004.8165,42.8575,86.8901,0.7983,6.0048,94.7905
557.958,98.9389,78.495,5.1099,125.4441,1004.8132,42.8708,86.8802,0.7821,6.0087,94.8054
558.5586,98.9408,78.4854,5.1293,125.4192,1004.8247,42.8562,86.893,0.7976,6.0139,94.7993
559.1592,98.9411,78.4758,5.1035,125.4413,1004.8296,42.8663,86.8897,0.8106,6.0251,94.7902
559.7598,98.9328,78.5011,5.1011,125.4584,1004.8436,42.8795,86.8844,0.8127,6.0043,94.7895
560.3604,98.9352,78.4964,5.1232,125.4588,1004.8521,42.8608,86.8745,0.8081,6.0058,94.7883
560.961,98.9425,78.4897,5.108,125.4369,1004.8341,42.8649,86.8909,0.7959,6.0131,94.8174
561.5616,98.9598,78.4922,5.1148,125.4398,1004.8566,42.885,86.8909,0.797,5.9957,94.7965
562.1622,98.9341,78.4987,5.118,125.4415,1004.8633,42.8611,86.8976,0.8139,6.0261,94.8079
562.7628,98.9381,78.4799,5.1076,125.4564,1004.855,42.8671,86.8923,0.7921,6.0215,94.8021
563.3634,98.9442,78.5088,5.1209,125.4474,1004.8729,42.8892,86.9111,0.8012,5.9985,94.8056
563.964,98.9541,78.4999,5.1071,125.4467,1004.9265,42.8706,86.869,0.7966,5.9937,94.795
564.5646,98.9329,78.5045,5.0914,125.4515,1005.0134,42.8759,86.8924,0.7855,6.016,94.7947
565.1652,98.9523,78.5045,5.1157,125.4526,1005.0614,42.8702,86.9007,0.8019,6.0066,94.7832
565.7658,98.9374,78.4955,5.1096,125.4444,1005.0559,42.8744,86.8907,0.8039,6.0122,94.7914
566.3664,98.9502,78.497,5.1207,125.4508,1005.0949,42.8722,86.901,0.8222,6.0275,94.8085
566.967,98.9493,78.4913,5.1166,125.4337,1005.0737,42.8691,86.8713,0.78,5.9924,94.8047
567.5676,98.9508,78.4904,5.1018,125.4452,1005.0658,42.8805,86.9092,0.7942,6.0065,94.8091
568.1682,98.9574,78.4924,5.114,125.4501,1005.0842,42.8673,86.8948,0.7999,5.9984,94.7949
568.7688,98.9521,78.4925,5.099,125.4514,1005.0701,42.8551,86.8948,0.8138,5.9966,94.7925
569.3694,98.9601,78.4855,5.1259,125.4541,1005.0863,42.8638,86.8973,0.8052,6.0175,94.7987
569.97,98.9282,78.5065,5.1161,125.4428,1005.0961,42.869,86.8812,0.7889,6.0151,94.8045
570.5706,98.9389,78.4894,5.1117,125.467,1005.1052,42.8707,86.8762,0.8019,6.0141,94.8066
571.1712,98.9462,78.4892,5.1146,125.4423,1005.0774,42.8672,86.8872,0.7993,6.0048,94.782
571.7718,98.9559,78.4831,5.0859,125.4439,1005.1052,42.8714,86.8814,0.8116,6.0275,94.7775
572.3724,98.9459,78.4873,5.1296,125.4457,1005.0769,42.875,86.907,0.8168,5.9947,94.7968
572.973,98.9508,78.4885,5.1081,125.4366,1005.0743,42.8654,86.8924,0.8069,6.0226,94.8096
573.5736,98.9418,78.4836,5.0941,125.4382,1005.0507,42.8591,86.8674,0.7752,6.0035,94.8117
574.1742,98.9409,78.4964,5.1075,125.4433,1005.0406,42.8627,86.8887,0.7924,6.013,94.8159
574.7748,98.9459,78.4882,5.1067,125.4612,1005.0269,42.8621,86.8809,0.7976,6.0243,94.8239
575.3754,98.955,78.4868,5.0961,125.4611,1004.9467,42.8641,86.8833,0.8126,6.0128,94.81
575.976,98.9393,78.4966,5.1026,125.4606,1004.9031,42.8676,86.9073,0.7964,6.0077,94.8074
576.5766,98.9595,78.4919,5.1111,125.4471,1004.9156,42.8673,86.8909,0.803,6.0126,94.8095
577.1772,98.9386,78.4897,5.1065,125.4471,1004.8903,42.8616,86.877,0.8045,6.0074,94.8041
577.7778,98.9396,78.5051,5.1323,125.4606,1004.8937,42.8703,86.9137,0.8033,6.0247,94.7957
578.3784,98.9305,78.4952,5.0911,125.4401,1004.912,42.8694,86.8831,0.8084,6.0178,94.8015
578.979,98.9299,78.4964,5.1005,125.4652,1004.8997,42.8824,86.8864,0.7944,5.9933,94.787
579.5796,98.9492,78.4961,5.1013,125.4441,1004.8965,42.8574,86.8849,0.8003,6.0226,94.8042
580.1802,98.943,78.5047,5.1252,125.4393,1004.8868,42.8741,86.8918,0.7941,6.003,94.7994
580.7808,98.9409,78.4806,5.1139,125.4401,1004.8436,42.8805,86.8887,0.7961,6.0216,94.8143
581.3814,98.9376,78.4956,5.1134,125.4406,1004.8592,42.8704,86.8978,0.8087,5.9957,94.8091
581.982,98.9443,78.4906,5.1078,125.4669,1004.8543,42.8627,86.8876,0.7944,6.0125,94.7869
582.5826,98.9386,78.4753,5.1091,125.4374,1004.8371,42.8756,86.8903,0.7924,6.0055,94.8012
583.1832,98.9267,78.5109,5.1184,125.4392,1004.8419,42.8749,86.8933,0.8148,6.0185,94.8012
583.7838,98.9546,78.5007,5.1007,125.4476,1004.8207,42.8677,86.9052,0.8026,6.0261,94.8125
584.3844,98.9398,78.486,5.1121,125.4609,1004.8263,42.8808,86.8939,0.7841,6.0145,94.8042
584.985,98.9236,78.4776,5.1292,125.4618,1004.7811,42.8599,86.8755,0.8057,6.0082,94.8059
585.5856,98.9333,78.5015,5.1344,125.4388,1004.7494,42.8794,86.8762,0.7944,6.009,94.7871
586.1862,98.9276,78.486,5.0885,125.4649,1004.741,42.869,86.8923,0.8129,6.0183,94.8022
586.7868,98.9372,78.4872,5.1122,125.4611,1004.7449,42.8734,86.8852,0.8288,6.0074,94.7917
587.3874,98.9362,78.4799,5.1152,125.4382,1004.7309,42.888,86.8931,0.7987,5.9974,94.7907
587.988,98.9382,78.4877,5.1146,125.4563,1004.7452,42.8677,86.9163,0.8047,6.0234,94.8058
588.5886,98.9275,78.4896,5.1113,125.4491,1004.7499,42.8656,86.8949,0.8008,6.0221,94.7806
589.1892,98.9287,78.4909,5.1142,125.4449,1004.7361,42.8542,86.9053,0.8136,6.0226,94.8057
589.7898,98.9295,78.494,5.1176,125.4431,1004.7642,42.8632,86.89,0.8013,6.0174,94.7816
590.3904,98.9372,78.473,5.1212,125.4648,1004.7383,42.8552,86.8902,0.7897,6.0173,94.8152
590.991,98.9216,78.4882,5.0985,125.4579,1004.754,42.8788,86.887,0.8086,5.9992,94.8038
591.5916,98.9394,78.4995,5.105,125.4591,1004.7266,42.8768,86.902,0.8084,6.0083,94.8004
592.1922,98.9239,78.4923,5.1133,125.4603,1004.7707,42.8874,86.8916,0.8051,6.0013,94.7992
592.7928,98.9307,78.4897,5.0994,125.4652,1004.7544,42.8732,86.8836,0.7954,5.9915,94.7993
593.3934,98.9276,78.5094,5.1083,125.4349,1004.7712,42.8556,86.8802,0.8049,6.0105,94.7964
593.994,98.9353,78.4878,5.0951,125.4365,1004.7867,42.8574,86.8705,0.7981,6.0034,94.7863
594.5946,98.9379,78.4741,5.1161,125.4631,1004.8193,42.8721,86.883,0.7932,6.0249,94.81
595.1952,98.9311,78.495,5.1042,125.4597,1004.8042,42.8715,86.9058,0.8141,6.014,94.7895
595.7958,98.9317,78.5025,5.1182,125.4406,1004.822,42.8617,86.8827,0.7941,5.9935,94.8188
596.3964,98.9432,78.5073,5.0968,125.4447,1004.8376,42.8687,86.8853,0.8039,6.0148,94.8065
596.997,98.9434,78.4985,5.0893,125.4524,1004.832,42.8567,86.8792,0.7922,6.0066,94.803
597.5976,98.9561,78.5015,5.1062,125.4443,1004.8438,42.8696,86.8857,0.8065,6.0227,94.7865
598.1982,98.9472,78.5037,5.0947,125.4465,1004.8386,42.8605,86.8885,0.8081,6.0029,94.7959
598.7988,98.9554,78.4862,5.0988,125.4592,1004.8511,42.8676,86.8829,0.7952,6.0064,94.7988
599.3994,98.9381,78.48,5.0998,125.4489,1004.8279,42.8731,86.8958,0.8106,6.0037,94.8088
600.0,98.9281,78.4889,5.1096,125.4711,1004.8477,42.8498,86.8943,0.805,6.0185,94.7929
