cv sysvr value,caSys_pO2,cvSys_HCO3,cvSys_pCO2,ecmop1,caSys_O2sat,cvSys_O2sat,cvSys_pH,cvSys_pO2,caSys_pH,left flow
1.0,242.4249,23.2806,38.2553,-22.7079,99.8158,89.018,7.4282,57.0159,7.4599,3.1099
1.0991,242.4173,23.2962,38.2397,-22.7098,99.7827,89.0394,7.4101,57.022,7.4833,3.1
1.1982,242.4472,23.3042,38.2427,-22.6889,99.7793,89.022,7.4213,57.0195,7.4873,3.0967
1.2973,242.4231,23.2956,38.2247,-22.7125,99.7981,89.0133,7.4218,57.0197,7.4701,3.1205
1.3964,242.4287,23.3024,38.2445,-22.7113,99.7721,89.0468,7.4232,57.0116,7.4781,3.1002
1.4955,242.4497,23.2968,38.244,-22.7098,99.7786,89.0245,7.4184,57.0017,7.4894,3.1219
1.5946,242.4337,23.2921,38.2507,-22.7204,99.7832,89.0365,7.4029,57.0172,7.4879,3.0881
1.6937,242.425,23.3016,38.2602,-22.6822,99.7689,89.009,7.3969,57.0225,7.4779,3.1131
1.7928,242.4325,23.3101,38.2587,-22.6914,99.7696,89.024,7.4055,57.0037,7.4771,3.1131
1.8919,242.4216,23.282,38.2506,-22.69,99.7879,89.0371,7.4205,57.0341,7.4703,3.1111
1.991,242.4192,23.2934,38.246,-22.696,99.7745,89.004,7.41,57.0241,7.475,3.1062
2.0901,242.4369,23.306,38.2375,-22.6968,99.7851,89.0283,7.4157,57.0298,7.4646,3.1069
2.1892,242.4233,23.3125,38.264,-22.7089,99.7916,89.0478,7.4189,57.0155,7.4868,3.1119
2.2883,242.4129,23.2943,38.2498,-22.714,99.7754,89.0366,7.4081,57.0251,7.4675,3.1136
2.3874,242.4248,23.3043,38.2531,-22.7275,99.7847,89.0139,7.3994,57.0324,7.4896,3.1053
2.4865,242.432,23.3063,38.2634,-22.704,99.7987,89.0165,7.4268,57.012,7.485,3.109
2.5856,242.4354,23.3153,38.265,-22.7089,99.7745,89.0195,7.4086,57.0066,7.4888,3.1077
2.6847,242.4257,23.3061,38.2498,-22.7015,99.7947,89.0209,7.4145,57.0151,7.483,3.1021
2.7838,242.3984,23.2939,38.2399,-22.7143,99.7923,89.041,7.4228,57.0237,7.4688,3.1211
2.8829,242.2586,23.3135,38.2593,-22.6872,99.7931,89.0196,7.4161,57.0281,7.4892,3.1119
2.982,242.6738,23.3021,38.2868,-22.6864,99.7938,89.0045,7.4113,56.9931,7.4835,3.0967
3.0811,243.0362,23.3081,38.3043,-22.6792,99.7953,88.9723,7.4015,56.935,7.4769,3.1022
3.1802,243.1291,23.2933,38.3163,-22.6453,99.8005,88.9451,7.4242,56.8848,7.4873,3.1013
3.2793,243.2265,23.3137,38.3443,-22.6453,99.7964,88.9081,7.4275,56.8265,7.4999,3.0869
3.3784,243.4782,23.3032,38.3688,-22.6077,99.8004,88.8826,7.4063,56.7437,7.4854,3.1108
3.4775,243.7107,23.3145,38.3966,-22.5972,99.8072,88.864,7.4146,56.6669,7.4799,3.0625
3.5766,244.0521,23.3249,38.4239,-22.5739,99.7969,88.8427,7.4173,56.6263,7.466,3.0786
3.6757,244.1919,23.324,38.4454,-22.5666,99.7808,88.8103,7.4021,56.5916,7.4743,3.0981
3.7748,244.4632,23.3372,38.5173,-22.5363,99.804,88.7809,7.4048,56.5219,7.468,3.0846
3.8739,244.5583,23.3406,38.5337,-22.5468,99.7849,88.7549,7.4135,56.5072,7.4823,3.0771
3.973,244.9103,23.3496,38.5976,-22.4929,99.8057,88.7209,7.3829,56.4254,7.4921,3.07
4.0721,244.9974,23.3605,38.6259,-22.4881,99.7953,88.6934,7.4033,56.3502,7.4913,3.0701
4.1712,244.9708,23.3672,38.6564,-22.4448,99.7901,88.6874,7.3888,56.3243,7.4706,3.0671
4.2703,245.0748,23.3569,38.6808,-22.412,99.7937,88.6577,7.3891,56.2559,7.4857,3.0619
4.3694,245.3973,23.3698,38.6827,-22.4089,99.8056,88.6343,7.4185,56.1931,7.4791,3.0665
4.4685,245.7275,23.38,38.6946,-22.397,99.7875,88.5902,7.3909,56.1543,7.4948,3.0576
4.5676,245.7707,23.3801,38.7274,-22.3976,99.7958,88.5716,7.407,56.1043,7.4919,3.0644
4.6667,245.7718,23.3694,38.7259,-22.397,99.8015,88.5497,7.4059,56.0686,7.4763,3.0536
4.7658,245.7508,23.3618,38.7661,-22.3834,99.7898,88.5369,7.3902,56.0445,7.4857,3.0643
4.8649,245.6124,23.3633,38.7863,-22.3565,99.7968,88.5032,7.401,55.9798,7.4963,3.0574
4.964,245.4399,23.3823,38.7975,-22.3217,99.7941,88.4584,7.3834,55.8737,7.4879,3.0622
5.0631,245.3433,23.3939,38.8348,-22.2627,99.8015,88.4492,7.4107,55.8324,7.4831,3.0514
5.1622,245.1765,23.3971,38.8512,-22.2512,99.8045,88.411,7.3978,55.7918,7.4903,3.0498
5.2613,245.1365,23.3874,38.8652,-22.2048,99.7967,88.3818,7.4019,55.7579,7.493,3.0432
5.3604,245.2469,23.3895,38.8784,-22.1931,99.7931,88.3881,7.4013,55.7041,7.478,3.0539
5.4595,245.7727,23.397,38.8985,-22.1521,99.7894,88.3333,7.3914,55.6469,7.4767,3.0263
5.5586,246.0339,23.4068,38.9189,-22.1352,99.7883,88.3088,7.4064,55.6093,7.4678,3.048
5.6577,246.1798,23.3722,38.9297,-22.1289,99.8052,88.3061,7.4062,55.5838,7.483,3.0267
5.7568,246.4909,23.3912,38.947,-22.0829,99.7994,88.2918,7.4071,55.5383,7.474,3.0393
5.8559,246.9445,23.4098,38.9876,-22.0559,99.8154,88.2514,7.4004,55.4668,7.4807,3.016
5.955,247.2822,23.4228,39.0064,-22.0367,99.8037,88.2137,7.3969,55.4342,7.4813,3.0252
6.0541,247.8369,23.4106,39.0444,-22.0105,99.8009,88.1995,7.411,55.3822,7.4819,3.0301
6.1532,248.0203,23.4297,39.0572,-22.0002,99.8266,88.1948,7.3915,55.3682,7.4936,3.0314
6.2523,248.5672,23.4082,39.1007,-22.0075,99.8071,88.1754,7.3822,55.3092,7.4959,3.0228
6.3514,248.9191,23.418,39.1177,-21.9768,99.7899,88.1501,7.4064,55.2691,7.492,3.0061
6.4505,249.0904,23.4214,39.1509,-21.9419,99.8076,88.1172,7.389,55.2274,7.4821,3.0003
6.5495,249.0381,23.4309,39.182,-21.9246,99.8042,88.11,7.4001,55.1985,7.4872,3.0106
6.6486,249.0037,23.4338,39.2072,-21.9006,99.7977,88.0884,7.3968,55.1552,7.4771,3.0085
6.7477,248.9691,23.4366,39.208,-21.9043,99.7968,88.0621,7.4025,55.1396,7.4783,2.9847
6.8468,248.9798,23.431,39.1924,-21.8972,99.7926,88.0438,7.4009,55.1175,7.4817,2.9742
6.9459,249.0927,23.4637,39.2318,-21.8537,99.8051,88.0386,7.4136,55.095,7.4865,2.9876
7.045,249.3385,23.4503,39.2456,-21.8147,99.7939,87.9887,7.4087,54.9727,7.471,3.001
7.1441,249.3512,23.4645,39.2831,-21.808,99.7962,87.9661,7.4112,54.9668,7.4726,2.9889
7.2432,249.3664,23.4556,39.2911,-21.7824,99.799,87.9476,7.3933,54.9205,7.4851,2.989
7.3423,249.3528,23.4498,39.3551,-21.7351,99.806,87.8826,7.3946,54.7959,7.4694,2.9869
7.4414,249.3771,23.4795,39.3501,-21.7067,99.7992,87.8745,7.3992,54.7943,7.4798,2.9771
7.5405,249.3928,23.4665,39.3931,-21.6906,99.7983,87.8788,7.4005,54.7274,7.4796,2.9842
7.6396,249.6666,23.4605,39.4437,-21.6644,99.7935,87.7882,7.4031,54.6577,7.4771,2.9778
7.7387,249.831,23.4963,39.4681,-21.6503,99.8009,87.7918,7.4045,54.6212,7.48,2.9704
7.8378,249.9416,23.483,39.5049,-21.6475,99.8169,87.7716,7.401,54.5965,7.4675,2.9795
7.9369,250.4005,23.4982,39.536,-21.6034,99.7893,87.7285,7.3947,54.5166,7.4718,2.9675
8.036,250.7986,23.4881,39.5777,-21.5698,99.7928,87.7174,7.3711,54.4573,7.4772,2.974
8.1351,251.0153,23.4924,39.6199,-21.541,99.797,87.6651,7.3895,54.3951,7.4833,2.9597
8.2342,251.1374,23.501,39.6415,-21.5081,99.8046,87.6448,7.3924,54.3469,7.4635,2.9613
8.3333,251.2547,23.5068,39.6339,-21.5263,99.7972,87.6132,7.3927,54.3112,7.466,2.9423
8.4324,251.5197,23.5218,39.6688,-21.5095,99.8213,87.6172,7.3912,54.3042,7.4677,2.9662
8.5315,251.5097,23.5086,39.6736,-21.513,99.8077,87.6124,7.3935,54.2684,7.4762,2.9604
8.6306,251.2209,23.5081,39.7154,-21.4777,99.8076,87.5609,7.4017,54.2038,7.4729,2.952
8.7297,251.3044,23.5209,39.7336,-21.4602,99.8176,87.5418,7.3846,54.1854,7.4661,2.958
8.8288,251.6812,23.5318,39.7721,-21.4436,99.8225,87.5009,7.4008,54.1162,7.4672,2.9558
8.9279,251.7924,23.523,39.7522,-21.4097,99.8117,87.4699,7.3789,54.0677,7.4712,2.9438
9.027,251.4734,23.537,39.7736,-21.4088,99.8188,87.4649,7.3912,54.0263,7.4771,2.9504
9.1261,251.6278,23.5309,39.8076,-21.3992,99.8103,87.4227,7.4153,53.9775,7.4543,2.9482
9.2252,252.029,23.5134,39.835,-21.3844,99.8176,87.4132,7.3945,53.9478,7.4679,2.9363
9.3243,251.9353,23.5665,39.8405,-21.3588,99.8133,87.3623,7.3883,53.893,7.4706,2.9438
9.4234,251.5764,23.5248,39.8503,-21.3401,99.7993,87.3576,7.3963,53.8336,7.4707,2.9408
9.5225,251.4694,23.5499,39.8692,-21.3007,99.8213,87.3301,7.3919,53.8366,7.4599,2.9474
9.6216,251.6044,23.5436,39.8973,-21.2927,99.8198,87.3049,7.3841,53.7521,7.4619,2.9334
9.7207,251.9562,23.5749,39.9356,-21.2781,99.826,87.2709,7.384,53.7094,7.4797,2.9181
9.8198,252.6631,23.5473,39.9922,-21.2509,99.8008,87.2529,7.3952,53.6636,7.4595,2.9233
9.9189,253.1319,23.5504,40.0095,-21.2149,99.8052,87.2277,7.3978,53.6083,7.4686,2.9183
10.018,253.4153,23.5535,40.0094,-21.2106,99.8081,87.1959,7.3852,53.6073,7.4677,2.9053
10.1171,253.6804,23.5758,40.0246,-21.1928,99.8138,87.1931,7.3944,53.5808,7.4728,2.9099
10.2162,254.1674,23.5701,40.0661,-21.1972,99.7906,87.1514,7.3949,53.514,7.4637,2.9279
10.3153,254.4667,23.5825,40.0677,-21.1593,99.7952,87.1423,7.4126,53.4882,7.4818,2.9233
10.4144,254.8131,23.5958,40.1227,-21.1337,99.8256,87.1051,7.3958,53.4325,7.4659,2.9063
10.5135,255.1637,23.5833,40.1136,-21.0758,99.8006,87.1091,7.3817,53.3997,7.4827,2.9131
10.6126,255.9968,23.5922,40.1499,-21.0805,99.8152,87.071,7.4186,53.333,7.4821,2.9227
10.7117,256.4208,23.5743,40.1789,-21.0635,99.8467,87.0389,7.3903,53.3232,7.4753,2.9121
10.8108,256.8298,23.5846,40.1661,-21.027,99.8134,87.0305,7.407,53.3108,7.4786,2.8976
10.9099,256.9162,23.5853,40.1819,-21.0155,99.8188,87.022,7.3916,53.2608,7.4689,2.9072
11.009,256.8953,23.5986,40.2057,-21.0181,99.8155,86.9761,7.3907,53.2006,7.4613,2.9094
11.1081,256.9249,23.5896,40.2383,-20.9841,99.8128,86.949,7.3839,53.1362,7.4801,2.9111
11.2072,256.8731,23.6041,40.2676,-20.974,99.8143,86.9033,7.3865,53.0626,7.4639,2.9071
11.3063,256.7926,23.6427,40.3341,-20.9214,99.8088,86.8585,7.4008,52.9833,7.4844,2.8764
11.4054,256.7494,23.621,40.3409,-20.901,99.8056,86.8018,7.3855,52.9213,7.4625,2.8911
11.5045,256.7127,23.598,40.3639,-20.9097,99.8296,86.804,7.3938,52.8988,7.4778,2.8836
11.6036,256.6577,23.6321,40.3875,-20.8814,99.8207,86.7826,7.3843,52.8597,7.4937,2.8679
11.7027,256.1699,23.6297,40.4225,-20.8356,99.8108,86.7342,7.3894,52.7968,7.4599,2.8836
11.8018,256.0505,23.6352,40.4312,-20.8507,99.8245,86.7235,7.3954,52.7993,7.4704,2.8937
11.9009,256.136,23.6184,40.4469,-20.8051,99.7998,86.6654,7.3787,52.7371,7.4839,2.8817
12.0,256.2724,23.6238,40.4738,-20.827,99.8232,86.718,7.3761,52.7488,7.4665,2.9038
12.0991,257.0279,23.5988,40.4946,-20.7652,99.825,86.6751,7.404,52.6758,7.4596,2.8742
12.1982,257.2798,23.6467,40.5042,-20.7413,99.8155,86.6492,7.3832,52.6568,7.4795,2.8941
12.2973,257.3755,23.658,40.5059,-20.7231,99.8304,86.6392,7.3808,52.6541,7.4625,2.8912
12.3964,257.4102,23.6454,40.5296,-20.7434,99.8276,86.6286,7.3772,52.6588,7.4725,2.8753
12.4955,257.5043,23.6371,40.5375,-20.7177,99.8188,86.6269,7.3759,52.615,7.4734,2.866
12.5946,257.6423,23.6595,40.5689,-20.6809,99.8124,86.6077,7.4039,52.5578,7.4761,2.9001
12.6937,257.8306,23.6509,40.6595,-20.63,99.8185,86.5112,7.3981,52.428,7.4526,2.8583
12.7928,257.9676,23.6755,40.7209,-20.5944,99.816,86.4238,7.411,52.3292,7.4685,2.8804
12.8919,258.0745,23.6575,40.7702,-20.5821,99.8193,86.4061,7.384,52.2475,7.4862,2.8533
12.991,258.1526,23.6694,40.7833,-20.5792,99.8149,86.3736,7.3847,52.2166,7.4695,2.8705
13.0901,258.2792,23.6895,40.8139,-20.5422,99.8241,86.3435,7.3789,52.1891,7.4665,2.8465
13.1892,258.4139,23.6763,40.8531,-20.5285,99.7986,86.3449,7.3737,52.1781,7.4758,2.8431
13.2883,258.5546,23.6726,40.8575,-20.4894,99.8401,86.3194,7.379,52.1058,7.4975,2.8641
13.3874,258.6655,23.6914,40.8657,-20.4886,99.8155,86.2934,7.368,52.0787,7.4659,2.8407
13.4865,258.6501,23.7111,40.9124,-20.4902,99.8121,86.2768,7.3821,52.0239,7.4794,2.8601
13.5856,258.5056,23.6784,40.9365,-20.4772,99.8197,86.2342,7.3819,52.0097,7.4732,2.8399
13.6847,258.643,23.7149,40.9623,-20.474,99.7955,86.221,7.3687,51.9711,7.4562,2.8401
13.7838,259.034,23.7074,40.9891,-20.4461,99.8009,86.2007,7.3829,51.9387,7.4675,2.8296
13.8829,259.5067,23.7247,41.014,-20.4316,99.815,86.1744,7.3596,51.9524,7.4828,2.8432
13.982,260.2463,23.7276,41.0523,-20.3911,99.8119,86.1736,7.3832,51.8928,7.4811,2.8422
14.0811,261.2938,23.7289,41.1081,-20.3492,99.8425,86.1281,7.3839,51.8314,7.4749,2.8294
14.1802,262.2887,23.733,41.1833,-20.3259,99.8423,86.0912,7.3947,51.7696,7.4664,2.8267
14.2793,262.577,23.7345,41.2121,-20.3197,99.8377,86.0689,7.3827,51.7425,7.4894,2.8296
14.3784,262.7377,23.7313,41.2521,-20.2797,99.8298,86.0509,7.3865,51.6838,7.4681,2.8295
14.4775,262.9104,23.742,41.2961,-20.2764,99.832,86.0392,7.3953,51.6906,7.4663,2.8358
14.5766,262.9221,23.7494,41.2478,-20.2612,99.8123,85.9982,7.3841,51.6501,7.4705,2.8143
14.6757,262.7061,23.7171,41.0125,-20.2186,99.8424,85.9656,7.3729,51.5688,7.4593,2.8151
14.7748,262.4722,23.6936,40.9115,-20.1929,99.8354,85.9577,7.3993,51.5332,7.4446,2.8188
14.8739,262.3621,23.7034,40.8257,-20.1684,99.8355,85.9368,7.3663,51.5052,7.4699,2.8139
14.973,262.0446,23.6799,40.7866,-20.1502,99.841,85.8902,7.3933,51.4982,7.4784,2.8214
15.0721,261.925,23.6749,40.7343,-20.134,99.8307,85.8869,7.3845,51.4538,7.4917,2.8181
15.1712,261.8894,23.6868,40.7362,-20.102,99.8497,85.8703,7.4052,51.4229,7.4714,2.8215
15.2703,261.9388,23.6651,40.7318,-20.0802,99.8065,85.8299,7.4081,51.4017,7.466,2.8357
15.3694,262.2507,23.6585,40.7769,-20.0442,99.8128,85.7519,7.3919,51.2745,7.483,2.8084
15.4685,262.4242,23.6865,40.7924,-20.0172,99.812,85.7431,7.3876,51.2065,7.4493,2.7922
15.5676,262.6442,23.6697,40.8149,-19.9947,99.8332,85.684,7.3895,51.1642,7.4719,2.8044
15.6667,262.8711,23.6918,40.831,-19.9521,99.8294,85.6544,7.3868,51.1188,7.4734,2.8004
15.7658,262.9951,23.6829,40.8267,-19.9544,99.8325,85.6654,7.3887,51.0941,7.4707,2.815
15.8649,263.3328,23.6952,40.8831,-19.9206,99.8302,85.6189,7.3778,51.0247,7.4807,2.7955
15.964,263.717,23.6985,40.9124,-19.8889,99.8244,85.5582,7.3978,50.9824,7.4762,2.7986
16.0631,264.0127,23.7044,40.9472,-19.8823,99.8175,85.5295,7.3649,50.9353,7.4526,2.7788
16.1622,264.5097,23.7027,41.0081,-19.7902,99.8237,85.5408,7.3897,50.8972,7.4736,2.8126
16.2613,264.7473,23.7095,41.0254,-19.7804,99.8393,85.5112,7.379,50.8887,7.4619,2.7885
16.3604,265.0431,23.7206,41.0502,-19.7453,99.8389,85.4713,7.3825,50.8834,7.466,2.7938
16.4595,265.2392,23.7158,41.0799,-19.727,99.8318,85.4666,7.374,50.8422,7.4685,2.7664
16.5586,265.5088,23.7244,41.1163,-19.6933,99.8229,85.4185,7.3849,50.7745,7.4658,2.7852
16.6577,265.552,23.744,41.1778,-19.6579,99.8235,85.4047,7.3914,50.7541,7.4638,2.7849
16.7568,265.4859,23.7519,41.195,-19.6311,99.8474,85.3956,7.3819,50.7068,7.4699,2.7704
16.8559,265.1379,23.7508,41.2549,-19.6199,99.8345,85.3346,7.3724,50.6703,7.4649,2.7638
16.955,264.8805,23.763,41.2992,-19.6076,99.8311,85.3279,7.3661,50.6264,7.4727,2.7639
17.0541,264.7476,23.7357,41.3028,-19.6014,99.8213,85.3201,7.3921,50.6206,7.4701,2.7852
17.1532,264.6201,23.7523,41.3248,-19.5904,99.8243,85.2743,7.3805,50.5787,7.4732,2.7712
17.2523,264.5796,23.7708,41.3409,-19.5487,99.8174,85.2601,7.3676,50.5201,7.463,2.7571
17.3514,264.6602,23.7736,41.3757,-19.4945,99.8486,85.1973,7.379,50.4713,7.4707,2.7769
17.4505,264.7309,23.7647,41.4166,-19.4488,99.8257,85.1641,7.3972,50.3914,7.4757,2.7548
17.5495,264.8196,23.7793,41.4781,-19.398,99.8252,85.1127,7.3809,50.3267,7.4734,2.7525
17.6486,264.8844,23.7657,41.4675,-19.3712,99.8165,85.0737,7.3818,50.2823,7.4669,2.7436
17.7477,264.9143,23.7746,41.5139,-19.3507,99.8304,85.0642,7.3717,50.2536,7.4847,2.7423
17.8468,265.1911,23.7773,41.5439,-19.2881,99.8277,85.0062,7.3879,50.1873,7.4719,2.754
17.9459,265.2944,23.791,41.5687,-19.2526,99.8337,84.9898,7.3817,50.1657,7.4811,2.7423
18.045,265.3797,23.8043,41.5658,-19.2478,99.8484,84.9692,7.3879,50.1155,7.4653,2.7401
18.1441,265.6244,23.7882,41.6097,-19.1867,99.8255,84.9151,7.3715,50.0795,7.4655,2.7293
18.2432,265.7626,23.8078,41.6334,-19.1907,99.8585,84.8976,7.379,50.0533,7.4979,2.7316
18.3423,265.9848,23.7987,41.6402,-19.16,99.8463,84.8792,7.3889,49.9912,7.471,2.7447
18.4414,266.2644,23.8122,41.6771,-19.0966,99.8349,84.8741,7.3784,49.9391,7.4569,2.7298
18.5405,266.394,23.8038,41.6724,-19.096,99.8464,84.8161,7.3792,49.9336,7.4786,2.7237
18.6396,266.6497,23.8168,41.6755,-19.0462,99.831,84.7883,7.3621,49.8684,7.4718,2.7291
18.7387,266.8386,23.8056,41.6949,-19.0104,99.8289,84.7604,7.3786,49.8411,7.4688,2.7186
18.8378,267.3493,23.8288,41.724,-18.9362,99.8478,84.6928,7.3652,49.7475,7.4818,2.7295
18.9369,267.4941,23.8348,41.7297,-18.9146,99.8241,84.6711,7.3652,49.7106,7.4656,2.7269
19.036,267.6127,23.8289,41.7188,-18.8899,99.8467,84.672,7.3921,49.7,7.459,2.722
19.1351,267.7931,23.8007,41.7574,-18.8662,99.8289,84.633,7.3648,49.66,7.4505,2.7171
19.2342,268.0507,23.813,41.7713,-18.8204,99.8378,84.6246,7.37,49.6307,7.4447,2.7149
19.3333,268.3013,23.8181,41.7818,-18.7905,99.8381,84.5839,7.3719,49.5879,7.489,2.7169
19.4324,268.4821,23.8269,41.7928,-18.7484,99.8431,84.5631,7.3846,49.5576,7.4705,2.6975
19.5315,268.6425,23.8255,41.8086,-18.7412,99.8393,84.526,7.385,49.5322,7.4757,2.6869
19.6306,268.9673,23.8426,41.8235,-18.6928,99.8287,84.4862,7.3736,49.4751,7.4696,2.7077
19.7297,269.1035,23.8242,41.839,-18.6756,99.8281,84.4728,7.3879,49.4256,7.4653,2.6868
19.8288,269.3718,23.8339,41.8666,-18.6264,99.8504,84.4365,7.3845,49.3726,7.46,2.6811
19.9279,269.4489,23.8388,41.8829,-18.6191,99.8484,84.4115,7.3783,49.3718,7.4818,2.6895
20.027,269.5283,23.8454,41.8966,-18.5958,99.8219,84.3974,7.3765,49.347,7.4511,2.6928
20.1261,269.734,23.8634,41.9274,-18.5721,99.8475,84.3578,7.3884,49.2874,7.4897,2.6766
20.2252,269.8416,23.8395,41.9227,-18.5346,99.8264,84.3455,7.3816,49.2516,7.477,2.687
20.3243,270.012,23.8593,41.9566,-18.4653,99.8424,84.3129,7.3698,49.2018,7.4798,2.6659
20.4234,270.0233,23.8473,41.9288,-18.4743,99.8449,84.2827,7.3812,49.1929,7.4655,2.6661
20.5225,270.0337,23.87,41.9411,-18.4332,99.8502,84.2795,7.3668,49.1806,7.4859,2.6989
20.6216,270.0166,23.8645,41.9694,-18.4147,99.8402,84.2455,7.3833,49.1493,7.4756,2.6723
20.7207,269.995,23.856,41.9532,-18.3967,99.8384,84.2468,7.3636,49.1317,7.4911,2.6707
20.8198,269.9435,23.8497,41.9772,-18.4011,99.8306,84.2184,7.3732,49.1045,7.4828,2.6837
20.9189,269.7491,23.8469,41.9697,-18.3391,99.8617,84.1532,7.3844,49.0153,7.4734,2.6643
21.018,269.6999,23.865,41.9935,-18.327,99.839,84.133,7.3699,49.0255,7.4682,2.6871
21.1171,269.6878,23.8743,41.973,-18.3209,99.8307,84.1536,7.392,49.0075,7.4745,2.6594
21.2162,269.6919,23.8573,41.9878,-18.3101,99.8271,84.1428,7.3664,49.0022,7.4661,2.6711
21.3153,269.6749,23.862,41.9678,-18.3405,99.8445,84.1387,7.373,49.0141,7.4727,2.6717
21.4144,269.7257,23.8624,41.9974,-18.3422,99.8289,84.1486,7.3812,49.0136,7.4664,2.6638
21.5135,269.7017,23.8561,41.9874,-18.3274,99.8349,84.1429,7.3953,49.0076,7.4594,2.6698
21.6126,269.708,23.8628,42.0037,-18.3118,99.8417,84.1493,7.3718,49.0073,7.4827,2.6738
21.7117,269.6916,23.8548,41.984,-18.327,99.8465,84.1355,7.3737,49.0005,7.4883,2.6797
21.8108,269.709,23.8404,41.9901,-18.332,99.847,84.1398,7.3962,49.0101,7.47,2.6671
21.9099,269.7475,23.8499,42.0127,-18.3406,99.8537,84.1317,7.3635,49.0168,7.4625,2.6665
22.009,269.7827,23.8605,41.9903,-18.316,99.8487,84.1382,7.3913,48.9811,7.4757,2.6606
22.1081,269.8086,23.8585,41.9863,-18.3091,99.841,84.116,7.3738,48.9563,7.4713,2.6669
22.2072,269.8277,23.8617,41.9839,-18.2848,99.8281,84.1087,7.374,48.9533,7.478,2.6645
22.3063,270.0622,23.8593,42.0327,-18.2368,99.8237,84.0624,7.3767,48.8683,7.4776,2.6673
22.4054,270.1751,23.8783,42.0358,-18.222,99.8305,84.0342,7.3776,48.8859,7.4673,2.674
22.5045,270.2921,23.8825,42.0569,-18.2097,99.8347,84.0046,7.3802,48.8493,7.4682,2.667
22.6036,270.5511,23.8826,42.0979,-18.1414,99.8414,83.948,7.3777,48.7754,7.4398,2.6548
22.7027,270.6183,23.8782,42.0723,-18.1138,99.852,83.9542,7.3697,48.7356,7.4508,2.6555
22.8018,271.3518,23.8986,42.1963,-17.9477,99.8169,83.765,7.3734,48.5372,7.4683,2.6412
22.9009,271.6028,23.9018,42.2452,-17.8874,99.838,83.69,7.3606,48.4484,7.4662,2.6095
23.0,271.6511,23.9076,42.2451,-17.8714,99.8405,83.6869,7.3483,48.4457,7.4772,2.6253
23.0991,272.041,23.8965,42.285,-17.8164,99.8466,83.6305,7.3585,48.3394,7.4619,2.6223
23.1982,273.5477,23.9337,42.4157,-17.5337,99.8809,83.3576,7.3871,47.9991,7.4715,2.6001
23.2973,273.6814,23.9409,42.46,-17.5118,99.8493,83.3283,7.3598,47.9894,7.4776,2.6051
23.3964,273.7387,23.9217,42.443,-17.4985,99.8673,83.3409,7.3655,47.9612,7.468,2.6033
23.4955,273.7263,23.9306,42.4582,-17.5045,99.8493,83.3172,7.3773,47.9687,7.4684,2.5813
23.5946,273.7384,23.9392,42.4543,-17.4898,99.8447,83.3302,7.3761,47.9673,7.459,2.6007
23.6937,273.7584,23.9238,42.4534,-17.4871,99.8487,83.3164,7.3609,47.9549,7.4674,2.6074
23.7928,273.8979,23.93,42.4762,-17.4619,99.8721,83.29,7.3667,47.9307,7.4591,2.6062
23.8919,273.9761,23.9498,42.4575,-17.4429,99.8543,83.2632,7.3648,47.9038,7.4622,2.5881
23.991,273.9589,23.9444,42.5023,-17.4491,99.8513,83.2653,7.3652,47.8938,7.4606,2.5923
24.0901,273.9715,23.9378,42.4975,-17.4361,99.852,83.2538,7.3697,47.9173,7.4689,2.6137
24.1892,273.9846,23.9165,42.4787,-17.4316,99.8449,83.2665,7.3897,47.891,7.4623,2.6006
24.2883,273.9777,23.955,42.5003,-17.4367,99.8572,83.267,7.377,47.8897,7.466,2.5887
24.3874,273.9912,23.9207,42.4998,-17.4422,99.8594,83.2438,7.3653,47.9069,7.4692,2.593
24.4865,274.0302,23.9291,42.491,-17.4292,99.8519,83.2529,7.3719,47.9049,7.4903,2.609
24.5856,274.2082,23.9259,42.535,-17.3971,99.8506,83.2124,7.3672,47.8242,7.451,2.59
24.6847,274.8226,23.961,42.657,-17.2524,99.8449,83.0424,7.3677,47.6703,7.479,2.5882
24.7838,276.0224,23.9935,42.8622,-17.0039,99.8396,82.761,7.3654,47.285,7.4612,2.5723
24.8829,276.1728,23.999,42.8917,-16.9534,99.8735,82.7027,7.3614,47.2378,7.4653,2.5895
24.982,276.2304,23.9947,42.9152,-16.9435,99.8537,82.7241,7.368,47.2436,7.4564,2.559
25.0811,276.3167,24.0051,42.9263,-16.908,99.8284,82.7018,7.3747,47.2226,7.4636,2.5682
25.1802,276.3462,23.9791,42.933,-16.9216,99.8644,82.6877,7.3592,47.2177,7.4687,2.5569
25.2793,276.4154,23.993,42.9587,-16.9022,99.8547,82.6525,7.3887,47.1983,7.4817,2.5558
25.3784,276.4724,24.0097,42.9566,-16.9009,99.8494,82.6449,7.3678,47.1596,7.4614,2.5442
25.4775,276.6863,24.0221,42.9979,-16.8495,99.8453,82.5979,7.3775,47.1137,7.452,2.5469
25.5766,277.0706,24.0344,43.0819,-16.7686,99.8647,82.501,7.3677,46.9886,7.4521,2.5439
25.6757,277.1706,24.0387,43.117,-16.729,99.8637,82.4679,7.3632,46.9547,7.4592,2.5433
25.7748,277.207,24.0253,43.1269,-16.7159,99.8696,82.4425,7.3775,46.9264,7.4828,2.5504
25.8739,277.2462,24.02,43.1384,-16.7102,99.858,82.4473,7.3886,46.9516,7.472,2.5374
25.973,277.2302,24.0232,43.1283,-16.7393,99.8664,82.4468,7.38,46.9446,7.4647,2.5457
26.0721,277.2332,24.0616,43.1159,-16.7324,99.8591,82.4476,7.3583,46.9275,7.4723,2.538
26.1712,277.2467,24.0287,43.1273,-16.7219,99.8483,82.4601,7.3655,46.9357,7.4788,2.5339
26.2703,277.2281,24.0277,43.1298,-16.7108,99.8623,82.4348,7.3682,46.9387,7.4718,2.5543
26.3694,277.236,24.0291,43.1367,-16.7215,99.8627,82.4644,7.3656,46.952,7.4754,2.5397
26.4685,277.2522,24.0283,43.136,-16.7321,99.8424,82.4477,7.3735,46.9439,7.4591,2.5355
26.5676,277.2727,24.04,43.1089,-16.7111,99.8508,82.4278,7.3778,46.9287,7.4669,2.5495
26.6667,277.3556,24.0302,43.1639,-16.6852,99.8494,82.409,7.366,46.8813,7.4664,2.5207
26.7658,278.2421,24.0728,43.442,-16.454,99.8569,82.1,7.3407,46.5588,7.4615,2.5288
26.8649,278.3913,24.0755,43.4841,-16.4209,99.8466,82.0647,7.3565,46.4954,7.4513,2.5129
26.964,278.5312,24.0623,43.5201,-16.3957,99.8504,82.0098,7.3479,46.4239,7.4622,2.5322
27.0631,278.5627,24.0894,43.5515,-16.3725,99.8428,81.9749,7.359,46.4364,7.4759,2.516
27.1622,278.5841,24.0818,43.556,-16.3772,99.8508,81.9717,7.3755,46.4354,7.4685,2.5146
27.2613,278.5876,24.0976,43.5342,-16.3867,99.8393,81.9833,7.3591,46.4518,7.4391,2.5154
27.3604,278.5998,24.0772,43.5204,-16.3625,99.8429,81.9655,7.3545,46.4055,7.4827,2.5048
27.4595,278.6233,24.1007,43.5621,-16.3712,99.8476,81.9731,7.3559,46.4143,7.4387,2.5003
27.5586,279.2132,24.1348,43.7649,-16.1939,99.8426,81.7646,7.3511,46.174,7.4752,2.4911
27.6577,279.3696,24.1496,43.8497,-16.1711,99.8624,81.7175,7.3719,46.1115,7.4775,2.5226
27.7568,279.4659,24.1365,43.8664,-16.1431,99.8704,81.6821,7.3616,46.0837,7.4594,2.5072
27.8559,279.5117,24.1419,43.8745,-16.1185,99.8505,81.6733,7.3697,46.0702,7.4798,2.4868
27.955,279.5314,24.1594,43.8827,-16.1469,99.8614,81.6669,7.3291,46.0691,7.4578,2.4751
28.0541,279.8752,24.1567,43.9701,-16.0571,99.8751,81.5994,7.3711,45.9721,7.4527,2.4886
28.1532,279.9871,24.1671,43.9984,-16.0329,99.8563,81.5663,7.3588,45.9361,7.4447,2.4861
28.2523,280.0488,24.1785,43.9871,-16.0418,99.8514,81.5589,7.3579,45.9259,7.4697,2.4719
28.3514,280.0469,24.1663,43.9936,-16.0355,99.8735,81.5383,7.3399,45.9216,7.4685,2.4883
28.4505,280.0376,24.1522,43.9708,-16.0451,99.8576,81.5538,7.3756,45.9179,7.4617,2.4959
28.5495,280.0385,24.1614,43.977,-16.0382,99.8585,81.5575,7.3607,45.9272,7.4715,2.4837
28.6486,280.0444,24.1509,43.9937,-16.0207,99.8793,81.5728,7.3579,45.9106,7.4613,2.4619
28.7477,280.0417,24.1717,43.9747,-16.026,99.8346,81.5559,7.3573,45.922,7.4549,2.4837
28.8468,280.0245,24.1788,44.0001,-16.0281,99.8511,81.5462,7.3563,45.9111,7.4681,2.4648
28.9459,280.0458,24.1405,43.9884,-16.0235,99.8565,81.5483,7.3759,45.9186,7.457,2.4721
29.045,280.0485,24.1661,44.0086,-16.0432,99.8696,81.5425,7.3645,45.9272,7.4516,2.4809
29.1441,280.126,24.1679,44.0802,-15.9983,99.8637,81.5033,7.3553,45.8961,7.4655,2.4712
29.2432,280.1711,24.1794,44.0921,-15.9717,99.8422,81.503,7.3522,45.8608,7.4547,2.4735
29.3423,280.397,24.2023,44.2547,-15.909,99.8697,81.404,7.3366,45.7477,7.4637,2.4672
29.4414,280.4284,24.1916,44.2783,-15.8861,99.8657,81.3992,7.3599,45.7509,7.4714,2.4706
29.5405,280.43,24.186,44.2605,-15.8955,99.8753,81.3904,7.3616,45.7528,7.4679,2.4684
29.6396,280.4154,24.2062,44.2535,-15.8689,99.8632,81.4015,7.3755,45.7456,7.4667,2.4539
29.7387,280.4418,24.1931,44.2554,-15.8963,99.859,81.3774,7.3715,45.7257,7.4469,2.4504
29.8378,280.459,24.2044,44.271,-15.88,99.8701,81.3683,7.347,45.7488,7.4586,2.476
29.9369,280.537,24.1939,44.2859,-15.8669,99.8604,81.3647,7.3596,45.7105,7.4866,2.4733
30.036,280.6963,24.2301,44.3172,-15.8282,99.8495,81.2932,7.3519,45.6859,7.4757,2.4595
30.1351,280.8351,24.2075,44.3703,-15.7948,99.8707,81.282,7.368,45.6309,7.478,2.457
30.2342,280.931,24.2191,44.4107,-15.7795,99.8514,81.2509,7.3494,45.6034,7.4648,2.4763
30.3333,280.9894,24.2253,44.408,-15.7715,99.8527,81.244,7.3547,45.5888,7.4597,2.4582
30.4324,281.0037,24.2189,44.4137,-15.7652,99.8696,81.2158,7.3555,45.5765,7.4403,2.4557
30.5315,281.0034,24.2296,44.4041,-15.781,99.862,81.2348,7.3618,45.581,7.4641,2.4863
30.6306,280.9996,24.212,44.3956,-15.7695,99.8361,81.2445,7.3814,45.5755,7.4618,2.4572
30.7297,281.0095,24.1978,44.4063,-15.7488,99.8492,81.2293,7.3427,45.5715,7.461,2.4775
30.8288,280.9836,24.2217,44.3888,-15.7793,99.8642,81.2318,7.3548,45.5857,7.4606,2.4719
30.9279,280.9939,24.2149,44.4125,-15.7695,99.8675,81.2267,7.3706,45.5743,7.4496,2.461
31.027,280.9887,24.2243,44.3928,-15.7677,99.8659,81.2239,7.3455,45.5722,7.4827,2.4728
31.1261,281.0038,24.2421,44.405,-15.7586,99.8583,81.2476,7.3645,45.5749,7.468,2.4639
31.2252,281.0082,24.1982,44.4214,-15.7685,99.8494,81.2359,7.3674,45.5919,7.4776,2.4613
31.3243,280.9969,24.2055,44.3899,-15.767,99.8738,81.2275,7.3752,45.5854,7.4499,2.4752
31.4234,280.9975,24.2308,44.4056,-15.7626,99.8528,81.2339,7.3693,45.5754,7.4597,2.4705
31.5225,280.9977,24.2208,44.3981,-15.7876,99.8567,81.2401,7.3709,45.5678,7.4513,2.4502
31.6216,281.0544,24.2357,44.4148,-15.7554,99.8591,81.181,7.3495,45.573,7.4573,2.4546
31.7207,281.2063,24.2203,44.4739,-15.7156,99.8692,81.1595,7.3789,45.5146,7.4478,2.4583
31.8198,281.7546,24.2559,44.6245,-15.6153,99.8768,81.0158,7.359,45.352,7.4518,2.4573
31.9189,281.9107,24.2622,44.6665,-15.5876,99.8677,80.9532,7.367,45.3181,7.4638,2.4568
32.018,281.9606,24.25,44.688,-15.5788,99.8664,80.9511,7.362,45.307,7.4609,2.4572
32.1171,281.9574,24.2529,44.6738,-15.5753,99.8563,80.9578,7.3618,45.3026,7.4684,2.4492
32.2162,281.9635,24.2457,44.6991,-15.5698,99.8493,80.9658,7.3483,45.3033,7.4606,2.4671
32.3153,282.0113,24.2607,44.698,-15.5766,99.8631,80.9337,7.3603,45.2868,7.4515,2.451
32.4144,282.2022,24.2749,44.7408,-15.5512,99.869,80.9009,7.3636,45.237,7.478,2.4454
32.5135,282.905,24.2932,44.9147,-15.4225,99.8559,80.7162,7.347,45.0264,7.4615,2.4363
32.6126,284.9054,24.3724,45.3701,-15.0488,99.8535,80.1898,7.3681,44.5091,7.4558,2.4176
32.7117,284.9722,24.3589,45.3665,-15.0286,99.8821,80.1496,7.3439,44.4914,7.4627,2.4061
32.8108,285.2129,24.3767,45.44,-15.0038,99.8363,80.1168,7.3406,44.4465,7.434,2.41
32.9099,285.3772,24.3722,45.4615,-14.9732,99.8566,80.0633,7.3525,44.3866,7.4662,2.4015
33.009,285.3905,24.3936,45.475,-14.9818,99.8623,80.0546,7.3452,44.3959,7.4415,2.4143
33.1081,285.3984,24.389,45.4708,-14.9653,99.8777,80.0622,7.3466,44.4057,7.4451,2.3943
33.2072,285.3835,24.3741,45.4562,-14.9869,99.8466,80.056,7.3472,44.3957,7.4546,2.4145
33.3063,285.3913,24.3696,45.4637,-14.9636,99.8498,80.0511,7.3652,44.3945,7.4415,2.4076
33.4054,285.3981,24.3773,45.4642,-14.9482,99.8434,80.0711,7.3619,44.3952,7.4461,2.4095
33.5045,285.3925,24.384,45.468,-14.968,99.8631,80.0679,7.3779,44.4007,7.4522,2.3871
33.6036,285.3963,24.3775,45.4683,-14.9601,99.8586,80.0509,7.344,44.391,7.4492,2.4124
33.7027,285.379,24.3638,45.4626,-14.9667,99.8475,80.0681,7.3533,44.4186,7.4642,2.4015
33.8018,285.3855,24.3894,45.4701,-14.9737,99.8657,80.0503,7.3413,44.3973,7.4383,2.3911
33.9009,285.3893,24.3749,45.4601,-14.955,99.8673,80.0637,7.3444,44.391,7.4731,2.4049
34.0,285.395,24.3977,45.4609,-14.9863,99.8734,80.0433,7.3625,44.3805,7.4519,2.3991
34.0991,285.4381,24.3823,45.4682,-14.9536,99.867,80.0543,7.3454,44.385,7.4697,2.4005
34.1982,285.8566,24.3982,45.6043,-14.8763,99.8734,79.9366,7.3495,44.2451,7.4554,2.4154
34.2973,286.5645,24.4281,45.8084,-14.7638,99.8618,79.7407,7.3439,44.079,7.4419,2.3865
34.3964,287.011,24.4486,45.9283,-14.6817,99.8825,79.62,7.3461,43.9552,7.4613,2.395
34.4955,286.9986,24.452,45.9372,-14.6727,99.8762,79.6144,7.3455,43.9469,7.446,2.3674
34.5946,287.0229,24.4591,45.9207,-14.6715,99.8798,79.6306,7.3548,43.9425,7.4527,2.3727
34.6937,287.013,24.4574,45.9297,-14.6833,99.8607,79.6211,7.34,43.9411,7.4551,2.3637
34.7928,287.0282,24.4407,45.9404,-14.6903,99.8702,79.6077,7.3428,43.9584,7.4586,2.3716
34.8919,287.0274,24.4654,45.9266,-14.6783,99.8472,79.6157,7.3288,43.9513,7.4563,2.401
34.991,287.3115,24.4654,45.9784,-14.6302,99.8818,79.5516,7.3413,43.8815,7.4377,2.3682
35.0901,288.1691,24.5241,46.2518,-14.5014,99.8583,79.3184,7.3636,43.6412,7.4542,2.3644
35.1892,288.6139,24.5125,46.3407,-14.4175,99.8815,79.1923,7.3561,43.5482,7.4462,2.3536
35.2883,288.6505,24.5035,46.3676,-14.4044,99.8767,79.1708,7.3253,43.5204,7.4389,2.3455
35.3874,288.6841,24.5038,46.3769,-14.4034,99.8743,79.164,7.334,43.5232,7.464,2.3536
35.4865,288.6994,24.5123,46.3825,-14.4098,99.868,79.1442,7.3434,43.4985,7.4611,2.3533
35.5856,288.7148,24.5149,46.3852,-14.3824,99.8766,79.16,7.3317,43.4984,7.467,2.3489
35.6847,288.7061,24.5276,46.3771,-14.4011,99.865,79.1451,7.3338,43.5148,7.4432,2.3487
35.7838,288.6991,24.5338,46.3466,-14.4096,99.8682,79.1603,7.3372,43.5113,7.454,2.3622
35.8829,288.6895,24.4965,46.3652,-14.3771,99.8701,79.1605,7.331,43.4907,7.4638,2.3546
35.982,288.6949,24.526,46.378,-14.3948,99.8598,79.1742,7.3427,43.509,7.435,2.338
36.0811,288.7047,24.5249,46.3702,-14.4036,99.8705,79.1538,7.3335,43.5039,7.4451,2.3506
36.1802,288.7126,24.5097,46.3754,-14.4012,99.8653,79.144,7.3286,43.5176,7.4451,2.3533
36.2793,288.6971,24.5293,46.3882,-14.3966,99.8668,79.1468,7.3369,43.5115,7.4526,2.3515
36.3784,288.6914,24.5122,46.3646,-14.416,99.891,79.1541,7.3463,43.5208,7.4348,2.3509
36.4775,288.6853,24.5259,46.3675,-14.3841,99.8599,79.1654,7.3376,43.5173,7.4556,2.3526
36.5766,288.6991,24.5176,46.3652,-14.4,99.8772,79.1591,7.3335,43.5219,7.4523,2.342
36.6757,288.7309,24.5189,46.3723,-14.3902,99.8719,79.1726,7.3504,43.4917,7.4218,2.3592
36.7748,288.8471,24.5088,46.397,-14.3824,99.8698,79.1192,7.3386,43.4625,7.45,2.3465
36.8739,288.8757,24.5137,46.415,-14.3706,99.8739,79.1027,7.3357,43.4889,7.44,2.3612
36.973,288.908,24.5286,46.4129,-14.3552,99.8766,79.099,7.342,43.4628,7.4601,2.3566
37.0721,288.891,24.5131,46.4312,-14.3729,99.883,79.1176,7.3339,43.4684,7.4369,2.3662
37.1712,288.8934,24.5059,46.4338,-14.3745,99.8702,79.1126,7.3473,43.4429,7.4384,2.3323
37.2703,288.9241,24.5285,46.4439,-14.3736,99.8817,79.0798,7.3356,43.4425,7.4378,2.348
37.3694,289.1792,24.5273,46.4966,-14.3285,99.8775,79.035,7.3355,43.39,7.4588,2.3424
37.4685,289.2141,24.5354,46.5008,-14.3177,99.8804,79.0195,7.3371,43.3702,7.4386,2.3464
37.5676,290.745,24.5966,46.9369,-14.0931,99.8672,78.6182,7.3265,43.0049,7.4391,2.336
37.6667,291.6014,24.6313,47.1675,-13.9849,99.8767,78.3743,7.3251,42.7945,7.4574,2.3186
37.7658,291.7058,24.6439,47.195,-13.9529,99.8722,78.3513,7.3296,42.762,7.4645,2.317
37.8649,291.7309,24.6472,47.2079,-13.9511,99.8804,78.3712,7.3526,42.7577,7.442,2.2984
37.964,291.707,24.6394,47.1994,-13.955,99.8773,78.3551,7.35,42.7611,7.4447,2.297
38.0631,291.7146,24.6346,47.2068,-13.9528,99.8715,78.3473,7.3381,42.7718,7.4446,2.3284
38.1622,291.7026,24.6429,47.2013,-13.9491,99.862,78.3496,7.34,42.7761,7.4694,2.3032
38.2613,291.7012,24.6452,47.2143,-13.9622,99.8848,78.3676,7.3347,42.7516,7.4747,2.3337
38.3604,291.7162,24.6553,47.2257,-13.9354,99.8749,78.3629,7.3477,42.7715,7.4309,2.2924
38.4595,291.69,24.648,47.2329,-13.9473,99.8672,78.3454,7.323,42.7621,7.4463,2.3265
38.5586,291.7047,24.6454,47.2035,-13.9451,99.871,78.3456,7.3356,42.7889,7.4453,2.2913
38.6577,291.7173,24.6289,47.2015,-13.9594,99.8732,78.3459,7.3512,42.7635,7.4539,2.3015
38.7568,291.7027,24.6248,47.2258,-13.9542,99.856,78.3552,7.3399,42.7731,7.4326,2.317
38.8559,291.712,24.6408,47.211,-13.9523,99.8747,78.3599,7.3331,42.7679,7.433,2.3203
38.955,291.7115,24.635,47.2267,-13.9689,99.851,78.3534,7.3288,42.7856,7.446,2.2984
39.0541,291.7075,24.6318,47.2175,-13.9399,99.8659,78.3589,7.3281,42.765,7.4382,2.2952
39.1532,291.7092,24.6355,47.2238,-13.9405,99.891,78.3404,7.3484,42.7534,7.4514,2.3273
39.2523,291.715,24.639,47.2174,-13.9576,99.8834,78.3585,7.343,42.7529,7.452,2.3125
39.3514,291.7055,24.6258,47.2226,-13.98,99.8553,78.3271,7.3332,42.7741,7.4734,2.3277
39.4505,291.7042,24.6263,47.2123,-13.9652,99.868,78.3365,7.3402,42.7758,7.4578,2.3243
39.5495,291.7277,24.6292,47.1976,-13.9402,99.8705,78.3368,7.3385,42.7708,7.4497,2.325
39.6486,291.7167,24.6249,47.2132,-13.9532,99.883,78.3477,7.3463,42.7597,7.449,2.3173
39.7477,291.7209,24.6453,47.2136,-13.9676,99.8617,78.3515,7.3395,42.7774,7.4442,2.3082
39.8468,291.7584,24.653,47.2281,-13.9268,99.8836,78.3531,7.3352,42.7407,7.4436,2.3001
39.9459,291.9305,24.6428,47.2554,-13.9218,99.863,78.2832,7.3537,42.7093,7.4342,2.308
40.045,292.3395,24.6578,47.378,-13.8692,99.8826,78.1888,7.3415,42.6059,7.4634,2.3111
40.1441,293.5211,24.7136,47.6673,-13.6929,99.8599,77.844,7.341,42.326,7.4311,2.2916
40.2432,293.6803,24.7301,47.7077,-13.6604,99.8614,77.8039,7.3416,42.2814,7.4631,2.2823
40.3423,293.7622,24.7291,47.7348,-13.6532,99.8712,77.7629,7.3534,42.2547,7.4474,2.2966
40.4414,293.7325,24.7246,47.7264,-13.6645,99.8691,77.7776,7.3383,42.292,7.4287,2.2779
40.5405,293.7534,24.7007,47.7444,-13.6716,99.8665,77.7914,7.3333,42.2615,7.4542,2.3042
40.6396,293.7385,24.7292,47.734,-13.6655,99.8753,77.7993,7.3427,42.2709,7.4374,2.2997
40.7387,293.7507,24.7358,47.7495,-13.6714,99.8872,77.8056,7.3334,42.2653,7.4463,2.2859
40.8378,293.7483,24.7129,47.7058,-13.6632,99.8615,77.7985,7.346,42.273,7.4534,2.2893
40.9369,293.7701,24.7391,47.7356,-13.6584,99.8781,77.8008,7.3452,42.2746,7.4471,2.3009
41.036,293.7603,24.7312,47.7253,-13.6577,99.8785,77.7858,7.3439,42.2688,7.4513,2.2986
41.1351,293.7451,24.7362,47.7428,-13.6804,99.8624,77.7793,7.3258,42.28,7.4414,2.2982
41.2342,293.7554,24.7139,47.7367,-13.6667,99.8852,77.7888,7.3404,42.2645,7.4476,2.2865
41.3333,293.7525,24.7035,47.7346,-13.6638,99.8735,77.7791,7.3446,42.2767,7.4299,2.2968
41.4324,293.7543,24.7263,47.7221,-13.652,99.8714,77.7957,7.3358,42.2606,7.4467,2.2856
41.5315,293.7383,24.7307,47.726,-13.659,99.864,77.7966,7.3445,42.2615,7.4205,2.2724
41.6306,293.7403,24.7164,47.7262,-13.663,99.8741,77.7778,7.3323,42.2803,7.4428,2.2757
41.7297,293.7454,24.7109,47.7326,-13.672,99.8578,77.7936,7.3307,42.2689,7.428,2.2941
41.8288,293.7495,24.7044,47.7287,-13.651,99.8762,77.783,7.3627,42.2767,7.4224,2.2876
41.9279,293.754,24.7225,47.7389,-13.6571,99.8902,77.7828,7.3404,42.274,7.4405,2.2851
42.027,293.7395,24.7276,47.7613,-13.6539,99.8877,77.795,7.3504,42.2627,7.4594,2.2894
42.1261,293.7528,24.714,47.7227,-13.6627,99.8647,77.7844,7.3274,42.2622,7.4407,2.2741
42.2252,293.7249,24.7192,47.7487,-13.6505,99.8545,77.783,7.3505,42.2638,7.4363,2.2948
42.3243,293.7406,24.7067,47.7353,-13.6507,99.8703,77.7902,7.342,42.2645,7.4276,2.2787
42.4234,293.8742,24.7396,47.7645,-13.6513,99.8749,77.7561,7.3512,42.2434,7.4429,2.2737
42.5225,294.5772,24.7303,47.9197,-13.5387,99.865,77.5417,7.3276,42.0659,7.4411,2.2695
42.6216,296.1701,24.8068,48.2908,-13.3418,99.8748,77.0895,7.3146,41.6968,7.449,2.2744
42.7207,296.4159,24.8196,48.3131,-13.2921,99.8788,77.0279,7.3469,41.6283,7.4288,2.2608
42.8198,296.4324,24.8281,48.3341,-13.3026,99.8848,77.0338,7.3037,41.6384,7.4377,2.2487
42.9189,296.4222,24.8091,48.337,-13.2988,99.8758,77.0324,7.3472,41.6367,7.429,2.2508
43.018,296.4295,24.7997,48.3317,-13.2884,99.8653,77.0057,7.3292,41.6335,7.4274,2.2421
43.1171,296.4201,24.823,48.3272,-13.301,99.8631,77.0116,7.343,41.6396,7.4356,2.2585
43.2162,296.4047,24.8008,48.3404,-13.3028,99.8737,77.0244,7.3246,41.6256,7.4423,2.2758
43.3153,296.4004,24.7992,48.3181,-13.3185,99.8731,77.039,7.3377,41.6158,7.4363,2.2662
43.4144,296.433,24.8161,48.3392,-13.297,99.8719,77.0339,7.3299,41.6547,7.443,2.2718
43.5135,296.4241,24.8205,48.3245,-13.2916,99.877,77.0356,7.3225,41.6317,7.4416,2.2797
43.6126,296.4192,24.8212,48.3368,-13.308,99.8614,77.026,7.3332,41.6223,7.4399,2.2662
43.7117,296.4206,24.7911,48.3294,-13.2859,99.8897,77.0197,7.3276,41.6446,7.453,2.2429
43.8108,296.4093,24.8261,48.327,-13.3137,99.8766,77.0249,7.3276,41.6223,7.4313,2.2744
43.9099,296.4104,24.7785,48.3403,-13.2933,99.867,77.0136,7.3293,41.6232,7.4453,2.2541
44.009,296.4258,24.8093,48.3296,-13.3021,99.8852,77.0289,7.3219,41.6425,7.4297,2.2451
44.1081,296.4049,24.8032,48.3175,-13.3042,99.8762,77.0375,7.3383,41.6345,7.4477,2.2708
44.2072,296.4207,24.8204,48.338,-13.2925,99.8842,77.0378,7.3146,41.6403,7.4425,2.2704
44.3063,296.4493,24.812,48.3381,-13.304,99.8926,77.0381,7.3377,41.6237,7.4543,2.2623
44.4054,296.4231,24.8022,48.3344,-13.3164,99.8914,77.025,7.32,41.6235,7.4339,2.2623
44.5045,296.4297,24.8025,48.3332,-13.2935,99.8776,77.0386,7.3293,41.628,7.4354,2.2377
44.6036,296.416,24.8026,48.3315,-13.3085,99.867,77.0033,7.3395,41.6109,7.4462,2.2688
44.7027,296.4192,24.803,48.3317,-13.3055,99.8697,77.0083,7.3286,41.6131,7.4244,2.2647
44.8018,296.4772,24.8164,48.331,-13.2989,99.866,77.0115,7.3237,41.6113,7.4232,2.2759
44.9009,296.6,24.8314,48.3723,-13.2691,99.9117,76.9839,7.3423,41.5942,7.4394,2.2673
45.0,296.9147,24.8416,48.444,-13.2423,99.8848,76.8937,7.3074,41.5295,7.4158,2.2512
45.0991,297.7907,24.8652,48.6921,-13.1491,99.8862,76.6588,7.3511,41.3347,7.4378,2.241
45.1982,298.2108,24.8789,48.7826,-13.0704,99.8857,76.5473,7.332,41.2342,7.4442,2.228
45.2973,298.3236,24.8829,48.8302,-13.0804,99.8872,76.5196,7.3281,41.1982,7.4324,2.2513
45.3964,298.3912,24.9096,48.8696,-13.0765,99.8628,76.4947,7.3298,41.1939,7.4306,2.2394
45.4955,298.3899,24.8923,48.8677,-13.076,99.8631,76.5167,7.3459,41.2094,7.4433,2.2184
45.5946,298.3914,24.8961,48.8488,-13.0839,99.8835,76.5188,7.3267,41.2084,7.432,2.2108
45.6937,298.4055,24.8803,48.8571,-13.075,99.8671,76.5029,7.3178,41.2007,7.4407,2.2313
45.7928,298.3969,24.878,48.8672,-13.047,99.878,76.5096,7.3166,41.2203,7.4499,2.2246
45.8919,298.4201,24.9029,48.8621,-13.0634,99.9055,76.4937,7.3281,41.1998,7.4293,2.2205
45.991,298.4032,24.878,48.8521,-13.0612,99.8746,76.51,7.3345,41.2083,7.4401,2.2276
46.0901,298.4179,24.8724,48.8616,-13.0778,99.8927,76.4988,7.3429,41.2089,7.4536,2.215
46.1892,298.4271,24.8841,48.8537,-13.053,99.8743,76.5005,7.3201,41.2222,7.4372,2.2379
46.2883,298.4071,24.898,48.8636,-13.064,99.8884,76.5076,7.3254,41.2036,7.4366,2.2367
46.3874,298.4278,24.9123,48.8604,-13.0704,99.8743,76.5003,7.3369,41.1961,7.4385,2.2365
46.4865,298.401,24.8824,48.8554,-13.0746,99.873,76.4924,7.3392,41.1969,7.4266,2.2453
46.5856,298.4034,24.8952,48.8567,-13.0727,99.8771,76.5103,7.3313,41.2033,7.4444,2.2334
46.6847,298.4041,24.8972,48.8564,-13.0573,99.8785,76.4901,7.3167,41.2,7.4452,2.2456
46.7838,298.4007,24.8847,48.8473,-13.0776,99.8644,76.4931,7.3312,41.1924,7.4351,2.2397
46.8829,298.401,24.9058,48.8426,-13.0697,99.8886,76.5115,7.337,41.1999,7.4565,2.2283
46.982,298.3973,24.8804,48.865,-13.0608,99.8872,76.4964,7.3336,41.2002,7.4471,2.217
47.0811,298.4122,24.9037,48.8553,-13.0836,99.8818,76.5135,7.3244,41.1919,7.4272,2.2235
47.1802,298.4456,24.8804,48.8712,-13.0541,99.8921,76.4783,7.3281,41.1933,7.4376,2.2295
47.2793,298.4195,24.897,48.871,-13.0565,99.8818,76.4976,7.3238,41.1945,7.4456,2.2089
47.3784,298.577,24.8853,48.8945,-13.0374,99.8682,76.4534,7.3342,41.1729,7.4298,2.2363
47.4775,298.9775,24.9242,49.0063,-13.013,99.8962,76.336,7.3383,41.0664,7.4417,2.2345
47.5766,300.6779,24.9884,49.4457,-12.8201,99.8861,75.9054,7.3192,40.7134,7.4433,2.1949
47.6757,301.4721,25.0231,49.6617,-12.741,99.8908,75.6749,7.3152,40.5617,7.4366,2.199
47.7748,301.7725,25.0191,49.7399,-12.7136,99.8935,75.5863,7.3083,40.503,7.4449,2.2134
47.8739,301.8255,25.0343,49.7729,-12.688,99.8719,75.5963,7.3226,40.4761,7.4415,2.1959
47.973,301.8478,25.0223,49.778,-12.6883,99.8733,75.6019,7.3117,40.4708,7.4483,2.1957
48.0721,301.8454,25.0224,49.7648,-12.7071,99.8704,75.5793,7.3143,40.4819,7.4347,2.1861
48.1712,301.8252,25.0286,49.7759,-12.6936,99.8677,75.5831,7.3177,40.4869,7.4364,2.2101
48.2703,301.8355,25.0269,49.7693,-12.6941,99.8757,75.5586,7.2946,40.4657,7.4552,2.2075
48.3694,301.8435,25.0309,49.7917,-12.6979,99.8814,75.6002,7.3304,40.4836,7.4431,2.2072
48.4685,301.8467,25.0326,49.7612,-12.688,99.8658,75.5869,7.2959,40.4953,7.456,2.2117
48.5676,301.8465,25.0349,49.7574,-12.6955,99.8661,75.5732,7.3174,40.4801,7.4336,2.1916
48.6667,301.8541,25.0029,49.7581,-12.7122,99.8733,75.5915,7.3158,40.4767,7.4422,2.1923
48.7658,301.9288,25.0312,49.821,-12.6818,99.8835,75.5379,7.3177,40.4615,7.4349,2.1963
48.8649,302.1723,25.0442,49.8784,-12.648,99.8811,75.489,7.3064,40.4215,7.4238,2.2372
48.964,302.1643,25.0434,49.8916,-12.6617,99.887,75.4808,7.3151,40.4104,7.4342,2.1926
49.0631,302.1812,25.0468,49.8744,-12.669,99.8608,75.4754,7.3136,40.4082,7.4268,2.2171
49.1622,302.197,25.0232,49.8934,-12.6494,99.8881,75.4947,7.32,40.4063,7.4568,2.1967
49.2613,302.2062,25.0485,49.8639,-12.6559,99.8909,75.4815,7.3242,40.4074,7.4227,2.1941
49.3604,302.1907,25.0345,49.872,-12.6645,99.8631,75.4896,7.3317,40.425,7.4367,2.1991
49.4595,302.2798,25.0435,49.898,-12.6539,99.8722,75.4783,7.3328,40.3914,7.4393,2.1882
49.5586,302.2827,25.0275,49.8995,-12.6601,99.8786,75.4788,7.3418,40.4033,7.4213,2.1824
49.6577,302.2826,25.0459,49.9016,-12.6469,99.8615,75.4614,7.332,40.3983,7.4318,2.2032
49.7568,302.2733,25.054,49.8926,-12.6703,99.8886,75.4464,7.3302,40.4246,7.432,2.1965
49.8559,302.3499,25.0475,49.9244,-12.6266,99.8824,75.4472,7.3303,40.3819,7.4261,2.1885
49.955,303.1374,25.064,50.129,-12.5761,99.8888,75.2463,7.3088,40.2284,7.4226,2.1805
50.0541,307.9358,25.2695,51.4657,-12.1085,99.8984,74.0047,7.305,39.2904,7.4132,2.1421
50.1532,309.894,25.3447,51.9921,-11.9254,99.8715,73.4832,7.3095,38.92,7.4149,2.1348
50.2523,310.0502,25.3788,52.0462,-11.8998,99.8872,73.4551,7.3119,38.8801,7.4206,2.1172
50.3514,310.0604,25.3794,52.0584,-11.8975,99.8881,73.4587,7.3045,38.8832,7.4236,2.1036
50.4505,310.0401,25.3637,52.0608,-11.9146,99.8763,73.446,7.2931,38.8926,7.4303,2.1271
50.5495,310.0507,25.3615,52.0486,-11.8974,99.891,73.454,7.3158,38.8789,7.4345,2.1065
50.6486,310.0563,25.3778,52.0717,-11.906,99.9002,73.4629,7.3324,38.8827,7.438,2.1032
50.7477,310.0663,25.3629,52.0576,-11.899,99.8856,73.4413,7.3043,38.8775,7.4267,2.1182
50.8468,310.0582,25.3749,52.0679,-11.9043,99.89,73.4478,7.3149,38.8878,7.4044,2.1054
50.9459,310.0685,25.3665,52.0477,-11.9139,99.893,73.437,7.2884,38.8891,7.4097,2.1245
51.045,310.107,25.3861,52.0677,-11.8965,99.894,73.4275,7.3203,38.8651,7.4127,2.1009
51.1441,310.1616,25.3802,52.0654,-11.9135,99.9061,73.4326,7.3082,38.8757,7.4194,2.1123
51.2432,310.1657,25.3746,52.0715,-11.9056,99.8932,73.4037,7.3045,38.8677,7.4132,2.1262
51.3423,310.3224,25.3681,52.1155,-11.8826,99.9178,73.3679,7.3178,38.8448,7.4101,2.1044
51.4414,310.3449,25.3807,52.147,-11.8687,99.8925,73.3705,7.32,38.8322,7.4189,2.1029
51.5405,310.3627,25.3781,52.1348,-11.8801,99.8715,73.3744,7.3089,38.8098,7.4285,2.1136
51.6396,310.3342,25.3891,52.1281,-11.877,99.8991,73.3885,7.3038,38.8127,7.4182,2.1198
51.7387,310.3376,25.3783,52.1315,-11.8791,99.881,73.3587,7.2965,38.826,7.4101,2.1274
51.8378,310.3585,25.3686,52.1268,-11.8683,99.8847,73.3816,7.3123,38.8215,7.4192,2.1193
51.9369,310.3681,25.381,52.1259,-11.8935,99.8848,73.3645,7.2912,38.8237,7.4349,2.1118
52.036,310.3427,25.3698,52.1313,-11.891,99.9139,73.3588,7.304,38.8039,7.4397,2.1075
52.1351,310.3471,25.3603,52.1416,-11.877,99.8906,73.3719,7.3296,38.825,7.4142,2.1311
52.2342,310.3789,25.3925,52.1351,-11.8683,99.8832,73.3726,7.3015,38.7973,7.4302,2.1331
52.3333,310.3913,25.3796,52.1356,-11.882,99.8989,73.3584,7.3096,38.8043,7.4191,2.1247
52.4324,310.5408,25.3804,52.1808,-11.8562,99.9016,73.3132,7.3138,38.7911,7.4289,2.1291
52.5315,310.7843,25.3904,52.2454,-11.8323,99.8945,73.2565,7.3141,38.7274,7.4257,2.1086
52.6306,312.0567,25.4587,52.5996,-11.729,99.9011,72.9389,7.2897,38.4836,7.4267,2.1186
52.7297,312.1566,25.4557,52.6194,-11.7367,99.8866,72.897,7.3209,38.474,7.4212,2.0973
52.8288,312.1886,25.4494,52.6309,-11.718,99.8988,72.8814,7.3221,38.468,7.4119,2.1199
52.9279,312.2108,25.4858,52.6289,-11.7323,99.8803,72.8917,7.32,38.4644,7.4216,2.0869
53.027,312.1997,25.4558,52.6306,-11.7218,99.8991,72.899,7.3167,38.4601,7.4131,2.1057
53.1261,312.1916,25.4701,52.6444,-11.7203,99.8903,72.9018,7.3,38.4663,7.4264,2.0952
53.2252,312.2139,25.4459,52.639,-11.7198,99.8888,72.881,7.3096,38.4487,7.4418,2.1116
53.3243,312.2302,25.4567,52.6396,-11.7063,99.8875,72.8812,7.2833,38.4666,7.4261,2.0832
53.4234,312.2813,25.4761,52.6527,-11.7273,99.8961,72.8657,7.3063,38.4543,7.4182,2.1052
53.5225,312.2794,25.4626,52.6525,-11.7182,99.8953,72.8748,7.3136,38.4486,7.4108,2.0997
53.6216,312.3668,25.4782,52.6837,-11.7045,99.897,72.855,7.3212,38.4462,7.4306,2.102
53.7207,312.6479,25.4651,52.7685,-11.6709,99.8816,72.7741,7.3051,38.3871,7.4163,2.0778
53.8198,313.7149,25.5274,53.0587,-11.5893,99.9006,72.5195,7.3046,38.1805,7.4225,2.0964
53.9189,313.8262,25.5158,53.0839,-11.5756,99.9097,72.471,7.2958,38.1895,7.4218,2.0943
54.018,313.8488,25.5197,53.0934,-11.5788,99.8953,72.4907,7.305,38.1784,7.423,2.105
54.1171,313.8463,25.5135,53.0836,-11.5767,99.9019,72.497,7.3176,38.1742,7.404,2.093
54.2162,313.8322,25.5254,53.0683,-11.5699,99.9106,72.4689,7.2907,38.18,7.4217,2.0904
54.3153,313.8362,25.5125,53.073,-11.5775,99.9072,72.4851,7.292,38.1683,7.4356,2.1052
54.4144,313.8346,25.5075,53.0715,-11.5822,99.8773,72.4922,7.3006,38.1833,7.4343,2.0757
54.5135,313.8319,25.5226,53.0729,-11.5854,99.9018,72.4817,7.2939,38.1744,7.421,2.0922
54.6126,313.8444,25.5265,53.0807,-11.5749,99.8693,72.4802,7.3056,38.1871,7.4267,2.1101
54.7117,313.837,25.5182,53.0678,-11.5804,99.8938,72.4859,7.2991,38.1755,7.4243,2.0824
54.8108,313.8859,25.5324,53.0903,-11.5863,99.9079,72.4781,7.3031,38.1671,7.4145,2.0875
54.9099,313.8926,25.5256,53.1056,-11.5744,99.8869,72.4635,7.2974,38.1778,7.4209,2.0847
55.009,314.0307,25.5322,53.1477,-11.573,99.9006,72.4377,7.292,38.1485,7.4208,2.0916
55.1081,314.5542,25.5598,53.2973,-11.5023,99.8976,72.31,7.301,38.0724,7.4275,2.0895
55.2072,314.6049,25.5708,53.3038,-11.5217,99.9081,72.2893,7.3051,38.0405,7.4252,2.0803
55.3063,314.6411,25.5623,53.317,-11.5086,99.905,72.2755,7.3151,38.0434,7.4065,2.0687
55.4054,314.6305,25.5636,53.3337,-11.5211,99.8998,72.2749,7.3086,38.0436,7.4149,2.0709
55.5045,314.6086,25.5654,53.3123,-11.5129,99.8962,72.2948,7.2801,38.0577,7.4089,2.0959
55.6036,314.6313,25.5519,53.3204,-11.5035,99.8994,72.3044,7.3099,38.0502,7.4251,2.0801
55.7027,314.6446,25.5462,53.3259,-11.4876,99.908,72.2928,7.3099,38.0559,7.4173,2.0761
55.8018,314.6332,25.5607,53.3103,-11.4931,99.9082,72.2938,7.298,38.0551,7.4211,2.0832
55.9009,314.6337,25.5615,53.317,-11.4903,99.9031,72.2859,7.2997,38.0356,7.431,2.0786
56.0,314.6163,25.5289,53.3355,-11.5151,99.9117,72.2806,7.2764,38.0508,7.4181,2.0745
56.0991,314.6294,25.5586,53.3085,-11.5121,99.9103,72.2886,7.2867,38.057,7.4237,2.1029
56.1982,314.6284,25.5593,53.3064,-11.4967,99.909,72.2952,7.2984,38.0577,7.4238,2.0697
56.2973,314.6314,25.5707,53.3121,-11.5027,99.9002,72.2866,7.2865,38.0557,7.4299,2.0564
56.3964,314.6244,25.553,53.3036,-11.5008,99.9093,72.31,7.3018,38.0438,7.4248,2.061
56.4955,314.6181,25.5578,53.3115,-11.5208,99.9213,72.276,7.2878,38.0463,7.4149,2.0632
56.5946,314.6412,25.555,53.3217,-11.5065,99.8841,72.2855,7.3048,38.0318,7.4108,2.0779
56.6937,314.638,25.5488,53.315,-11.5183,99.9034,72.2929,7.3075,38.0758,7.4134,2.0776
56.7928,314.6239,25.5634,53.3168,-11.5101,99.908,72.2946,7.2731,38.0508,7.4238,2.0817
56.8919,314.6393,25.5697,53.3051,-11.5083,99.9007,72.3119,7.3087,38.0441,7.4262,2.0631
56.991,314.6218,25.5664,53.32,-11.5067,99.9,72.2937,7.2935,38.049,7.4179,2.08
57.0901,314.6186,25.5586,53.3155,-11.4987,99.8916,72.2809,7.297,38.0432,7.4231,2.0879
57.1892,314.633,25.5598,53.3184,-11.5091,99.9027,72.2827,7.312,38.0309,7.4074,2.066
57.2883,314.6332,25.5551,53.3152,-11.5127,99.8917,72.2884,7.2807,38.0303,7.4174,2.0618
57.3874,314.6618,25.5618,53.3162,-11.5138,99.9075,72.2926,7.291,38.0485,7.4416,2.094
57.4865,314.9559,25.5697,53.3899,-11.5019,99.896,72.2123,7.295,38.0004,7.4187,2.0833
57.5856,316.4631,25.6366,53.7907,-11.3677,99.8751,71.802,7.2998,37.7244,7.4028,2.0722
57.6847,317.1402,25.6441,53.9866,-11.3199,99.8879,71.6278,7.3177,37.6011,7.4072,2.072
57.7838,317.149,25.6585,53.9839,-11.3268,99.9058,71.6015,7.3048,37.6297,7.4128,2.0742
57.8829,317.2146,25.6577,53.9864,-11.3135,99.8946,71.5926,7.3044,37.591,7.3993,2.0633
57.982,317.234,25.6672,53.9962,-11.2945,99.903,71.6025,7.2932,37.5828,7.407,2.08
58.0811,317.2527,25.6533,53.9928,-11.3181,99.8784,71.5751,7.2957,37.5692,7.4054,2.0503
58.1802,317.2713,25.6597,54.0062,-11.3115,99.8943,71.6031,7.3149,37.5968,7.4111,2.0549
58.2793,317.2485,25.6684,54.0026,-11.3107,99.8908,71.5822,7.319,37.5858,7.3992,2.0591
58.3784,317.2539,25.6562,54.0142,-11.303,99.8941,71.5871,7.3032,37.5911,7.3976,2.0653
58.4775,317.2504,25.6497,54.0121,-11.3338,99.9034,71.5879,7.3102,37.5848,7.3885,2.0593
58.5766,317.2656,25.6523,54.0021,-11.3138,99.9126,71.5958,7.2965,37.5825,7.4037,2.0664
58.6757,317.3962,25.6851,54.0416,-11.2839,99.9072,71.5522,7.2821,37.5471,7.4029,2.0784
58.7748,318.5253,25.7106,54.3151,-11.2099,99.8861,71.2993,7.3094,37.3972,7.4078,2.0398
58.8739,318.9471,25.7187,54.4284,-11.188,99.9074,71.1913,7.3028,37.3316,7.4119,2.051
58.973,319.0166,25.743,54.4581,-11.1727,99.9178,71.1774,7.3034,37.3035,7.4132,2.0502
59.0721,319.0234,25.7348,54.4579,-11.1807,99.9053,71.1742,7.3037,37.2904,7.4024,2.0514
59.1712,319.0345,25.7351,54.4529,-11.1686,99.897,71.1713,7.2893,37.2987,7.4173,2.0536
59.2703,319.038,25.7414,54.4571,-11.18,99.8902,71.1603,7.287,37.3102,7.4081,2.0429
59.3694,319.0175,25.747,54.4523,-11.1598,99.9031,71.1885,7.2983,37.3224,7.3978,2.0685
59.4685,319.0375,25.7202,54.4628,-11.1712,99.8868,71.1718,7.3023,37.3009,7.4133,2.0371
59.5676,319.0428,25.7356,54.469,-11.1773,99.895,71.1622,7.3014,37.2923,7.4113,2.0567
59.6667,319.0146,25.7178,54.4672,-11.1769,99.8994,71.1663,7.305,37.296,7.4109,2.0508
59.7658,319.0449,25.7205,54.4548,-11.1773,99.8801,71.1874,7.3091,37.2862,7.4183,2.0556
59.8649,319.0598,25.7266,54.4651,-11.1614,99.8958,71.1505,7.2938,37.2897,7.4081,2.0375
59.964,319.1827,25.7259,54.5063,-11.1555,99.881,71.1394,7.298,37.2919,7.4017,2.0478
60.0631,319.4475,25.7636,54.5944,-11.1388,99.8951,71.0592,7.3199,37.2341,7.401,2.0592
60.1622,320.5204,25.8029,54.9023,-11.0584,99.9034,70.8037,7.2778,37.0754,7.4183,2.0347
60.2613,320.5927,25.801,54.9282,-11.0514,99.8994,70.7779,7.2961,37.0526,7.4083,2.0498
60.3604,320.6214,25.8004,54.9289,-11.0567,99.9008,70.7662,7.2811,37.0615,7.4177,2.0546
60.4595,320.6596,25.802,54.9327,-11.0411,99.898,70.7592,7.2808,37.0424,7.4107,2.0388
60.5586,320.6469,25.7985,54.9251,-11.0399,99.8886,70.7761,7.3075,37.0389,7.4041,2.0321
60.6577,320.6301,25.8221,54.9336,-11.0456,99.9045,70.7712,7.3019,37.0503,7.4087,2.0382
60.7568,320.6648,25.7882,54.9457,-11.0414,99.9084,70.77,7.2923,37.0365,7.3998,2.0488
60.8559,320.6499,25.8126,54.9477,-11.0611,99.9078,70.7612,7.2751,37.0518,7.4223,2.0442
60.955,320.6385,25.8115,54.9352,-11.0564,99.9081,70.7708,7.307,37.0367,7.433,2.0375
61.0541,320.6404,25.8166,54.9358,-11.0438,99.8908,70.7652,7.2867,37.0323,7.4088,2.0199
61.1532,320.7142,25.8214,54.9724,-11.0419,99.9026,70.7537,7.306,37.0525,7.4225,2.032
61.2523,321.03,25.8266,55.0431,-11.0016,99.9021,70.702,7.2806,36.9962,7.4173,2.0279
61.3514,321.9825,25.86,55.3172,-10.9583,99.9004,70.5249,7.2995,36.8786,7.4082,2.0227
61.4505,322.0747,25.8551,55.3327,-10.9451,99.9005,70.5055,7.2852,36.8574,7.4066,2.0282
61.5495,322.0701,25.8721,55.3401,-10.9562,99.8826,70.4931,7.2917,36.8691,7.4121,2.0595
61.6486,322.08,25.8648,55.3435,-10.9443,99.8897,70.4944,7.2966,36.8474,7.4047,2.0322
61.7477,322.1011,25.8675,55.3347,-10.9208,99.8924,70.507,7.2825,36.8584,7.4076,2.0081
61.8468,322.0779,25.8603,55.3312,-10.9361,99.8972,70.4809,7.2941,36.8556,7.4087,2.0322
61.9459,322.0942,25.864,55.3323,-10.9301,99.897,70.4834,7.2928,36.8729,7.4147,2.0303
62.045,322.0818,25.8564,55.329,-10.9561,99.8921,70.4792,7.3014,36.8455,7.3912,2.0212
62.1441,322.0666,25.8378,55.3445,-10.9565,99.9187,70.5017,7.2888,36.8428,7.4125,2.025
62.2432,322.0904,25.8785,55.3392,-10.949,99.902,70.4902,7.2919,36.8586,7.4157,2.018
62.3423,322.083,25.8673,55.319,-10.9506,99.9046,70.5077,7.29,36.8566,7.4119,2.0098
62.4414,322.1011,25.8615,55.3344,-10.9506,99.9009,70.4995,7.2794,36.8638,7.4198,2.0453
62.5405,322.2472,25.878,55.3937,-10.9241,99.9053,70.4603,7.2986,36.8327,7.3972,2.0337
62.6396,323.1788,25.9057,55.7105,-10.8642,99.8911,70.2623,7.2772,36.6893,7.4221,2.0433
62.7387,323.5706,25.9421,55.8129,-10.8286,99.9072,70.1471,7.2955,36.6542,7.4148,2.0256
62.8378,323.6353,25.9479,55.8145,-10.8273,99.9122,70.1608,7.2724,36.6599,7.4102,2.0097
62.9369,323.6688,25.9401,55.8265,-10.8414,99.8954,70.1466,7.2748,36.6436,7.387,2.0202
63.036,323.6645,25.9536,55.8355,-10.8338,99.9032,70.1531,7.2975,36.6327,7.425,2.0203
63.1351,323.6816,25.939,55.854,-10.8307,99.894,70.1265,7.2884,36.6142,7.4181,2.019
63.2342,323.6755,25.9437,55.8522,-10.8237,99.9222,70.1367,7.29,36.6327,7.4033,2.0149
63.3333,323.693,25.9317,55.8513,-10.8354,99.8979,70.1575,7.2876,36.6167,7.4228,2.0238
63.4324,323.7056,25.9358,55.8622,-10.8294,99.8988,70.1347,7.298,36.6169,7.4165,2.0004
63.5315,323.6916,25.9414,55.863,-10.8283,99.9176,70.1364,7.2937,36.6161,7.4128,2.0156
63.6306,323.7676,25.9435,55.876,-10.8219,99.8877,70.121,7.2768,36.6093,7.4089,2.017
63.7297,323.9351,25.9314,55.9679,-10.8177,99.902,70.0762,7.2869,36.5785,7.4105,2.0154
63.8288,324.7131,25.9859,56.2604,-10.7435,99.9235,69.8584,7.2676,36.4511,7.4086,2.0114
63.9279,324.8391,26.0172,56.3334,-10.7599,99.9053,69.819,7.2957,36.4421,7.4004,2.0188
64.027,324.8471,26.0214,56.341,-10.7423,99.9283,69.8311,7.2936,36.4493,7.4066,2.0162
64.1261,324.8401,26.0106,56.3506,-10.7297,99.8994,69.8321,7.3026,36.4408,7.4096,2.022
64.2252,324.8423,26.0245,56.3343,-10.7623,99.9139,69.8133,7.2949,36.4371,7.398,2.0106
64.3243,324.8403,26.0234,56.3418,-10.7474,99.912,69.8229,7.2962,36.4508,7.3969,1.996
64.4234,324.8441,26.021,56.3402,-10.7527,99.9036,69.8232,7.288,36.4255,7.4015,2.0266
64.5225,324.8564,25.9925,56.3353,-10.7432,99.9283,69.8267,7.2904,36.438,7.3958,2.0073
64.6216,324.8626,26.0335,56.3316,-10.756,99.9198,69.8295,7.2975,36.4205,7.3916,2.0035
64.7207,324.8556,25.9984,56.3328,-10.761,99.9205,69.8027,7.287,36.4488,7.4004,2.0131
64.8198,324.8601,26.0237,56.333,-10.754,99.9125,69.824,7.29,36.4404,7.3908,2.0088
64.9189,324.8815,26.0187,56.3605,-10.7604,99.9082,69.8241,7.3039,36.4477,7.3955,2.0145
65.018,324.9255,26.0359,56.3647,-10.7479,99.9235,69.8022,7.2607,36.4358,7.408,1.9946
65.1171,325.1764,26.0339,56.4382,-10.7246,99.9123,69.7412,7.3071,36.3908,7.4004,2.0255
65.2162,325.2005,26.0276,56.4494,-10.7316,99.9142,69.7374,7.2862,36.4,7.3872,2.0092
65.3153,325.2755,26.0459,56.4809,-10.7202,99.9134,69.7407,7.2705,36.3832,7.3991,1.9929
65.4144,325.2593,26.0297,56.4858,-10.7293,99.9216,69.7322,7.293,36.3782,7.4036,2.0088
65.5135,325.2609,26.0411,56.4763,-10.7073,99.911,69.7085,7.3032,36.3723,7.4091,2.0191
65.6126,325.2738,26.0347,56.4735,-10.7364,99.9158,69.7292,7.298,36.3703,7.3957,2.0183
65.7117,325.2644,26.0202,56.4661,-10.7025,99.9176,69.7271,7.2894,36.3625,7.3807,2.0188
65.8108,325.2569,26.0266,56.46,-10.7119,99.9086,69.7248,7.2921,36.3717,7.3931,2.0005
65.9099,325.2578,26.0483,56.4856,-10.7195,99.9341,69.7261,7.2978,36.3885,7.3977,2.014
66.009,325.2969,26.0142,56.4901,-10.7054,99.9148,69.7159,7.2831,36.375,7.4148,2.0303
66.1081,325.361,26.0413,56.513,-10.7355,99.9251,69.7219,7.2868,36.3506,7.3864,2.0057
66.2072,325.5731,26.064,56.5851,-10.7004,99.9152,69.646,7.2965,36.3282,7.3804,2.0035
66.3063,326.2656,26.0848,56.8389,-10.6517,99.9074,69.4697,7.2617,36.2344,7.4001,2.0084
66.4054,326.3828,26.105,56.8819,-10.6548,99.9296,69.439,7.2939,36.2213,7.4096,2.0036
66.5045,326.4251,26.0872,56.903,-10.6531,99.927,69.4441,7.2967,36.2137,7.42,1.9856
66.6036,326.442,26.0919,56.9044,-10.6444,99.9238,69.4487,7.278,36.2002,7.3974,2.002
66.7027,326.436,26.1007,56.8943,-10.6429,99.8896,69.4306,7.2918,36.1866,7.4025,1.9995
66.8018,326.4308,26.0968,56.8885,-10.649,99.8909,69.4335,7.2859,36.2031,7.3989,1.9962
66.9009,326.4308,26.1134,56.9053,-10.6544,99.921,69.4364,7.2677,36.2076,7.4018,2.0093
67.0,326.4311,26.1095,56.9279,-10.6559,99.9231,69.4484,7.2779,36.1769,7.3977,1.9911
67.0991,326.426,26.086,56.9073,-10.656,99.9033,69.4419,7.2861,36.1918,7.4044,2.0135
67.1982,326.4211,26.1021,56.9143,-10.6433,99.9053,69.4486,7.2906,36.1752,7.4094,1.9946
67.2973,326.4074,26.1101,56.9011,-10.655,99.9075,69.4424,7.2794,36.2158,7.4044,2.018
67.3964,326.4525,26.097,56.9118,-10.6516,99.9091,69.4363,7.2861,36.2032,7.3959,2.0018
67.4955,326.5071,26.0751,56.9209,-10.6451,99.9018,69.421,7.2734,36.1832,7.3894,1.989
67.5946,327.3397,26.1438,57.1914,-10.5803,99.8987,69.2128,7.2733,36.0717,7.3987,2.0041
67.6937,329.1621,26.2215,57.7804,-10.4889,99.9151,68.7754,7.2856,35.8001,7.3886,1.9892
67.7928,329.5798,26.2465,57.9144,-10.4667,99.9053,68.6771,7.276,35.7673,7.3897,1.97
67.8919,329.5889,26.2502,57.9117,-10.4784,99.9163,68.6906,7.2729,35.744,7.3971,1.9781
67.991,329.5626,26.2442,57.921,-10.4592,99.9185,68.6874,7.3082,35.7504,7.3973,1.9837
68.0901,329.5752,26.2505,57.9344,-10.464,99.8988,68.6875,7.291,35.7469,7.3818,2.0126
68.1892,329.5816,26.2548,57.9315,-10.4648,99.9174,68.6937,7.268,35.7432,7.3715,1.9838
68.2883,329.5858,26.2555,57.9106,-10.4719,99.9154,68.6789,7.2736,35.7145,7.3849,1.9799
68.3874,329.5884,26.2547,57.931,-10.4524,99.8888,68.6798,7.2932,35.7614,7.3829,1.991
68.4865,329.563,26.2408,57.9133,-10.4827,99.9204,68.6844,7.2794,35.7513,7.4019,1.9739
68.5856,329.5936,26.2393,57.9333,-10.4602,99.9135,68.6832,7.277,35.7224,7.3853,1.9765
68.6847,329.5991,26.239,57.9298,-10.4888,99.9202,68.6698,7.2785,35.7439,7.3844,1.9824
68.7838,329.5929,26.2432,57.916,-10.4606,99.9114,68.665,7.2743,35.7521,7.3843,1.9791
68.8829,329.5903,26.2599,57.929,-10.4775,99.888,68.6696,7.2723,35.7722,7.377,1.9926
68.982,329.5786,26.2518,57.9275,-10.4725,99.9101,68.6633,7.3078,35.7491,7.399,1.9865
69.0811,329.5993,26.2544,57.9202,-10.4665,99.9119,68.6572,7.2879,35.753,7.4015,1.9793
69.1802,329.596,26.2586,57.9258,-10.4916,99.9091,68.6725,7.2669,35.7442,7.402,1.9737
69.2793,329.5987,26.2462,57.9444,-10.4585,99.9321,68.6912,7.2805,35.7538,7.39,1.9775
69.3784,329.5744,26.26,57.9257,-10.4793,99.9093,68.6714,7.2856,35.7489,7.4069,2.0143
69.4775,329.587,26.2272,57.92,-10.4646,99.8998,68.6764,7.274,35.743,7.3825,1.9944
69.5766,329.5859,26.2533,57.895,-10.4623,99.9095,68.6669,7.2698,35.7455,7.395,1.9803
69.6757,329.5671,26.2558,57.9187,-10.4723,99.9015,68.6823,7.2833,35.7536,7.3909,1.9847
69.7748,329.5738,26.2469,57.9211,-10.4709,99.8872,68.6905,7.3013,35.7444,7.3948,1.9651
69.8739,329.5824,26.247,57.9056,-10.4789,99.9348,68.6573,7.2947,35.7606,7.3859,1.9874
69.973,329.641,26.2293,57.9584,-10.4745,99.9233,68.6665,7.2821,35.7454,7.37,1.9803
70.0721,329.7703,26.2524,57.9625,-10.4579,99.8968,68.6352,7.2759,35.7379,7.3954,1.9767
70.1712,329.8129,26.2577,57.9964,-10.4539,99.8975,68.6177,7.2755,35.7247,7.3884,1.9953
70.2703,329.8577,26.2628,57.9985,-10.4501,99.9093,68.623,7.2863,35.7075,7.4085,1.9753
70.3694,329.851,26.2568,58.0031,-10.4584,99.9181,68.6295,7.2851,35.7208,7.3806,1.9896
70.4685,329.8435,26.262,58.0002,-10.4685,99.9184,68.6218,7.2727,35.7081,7.3821,1.9795
70.5676,329.8504,26.2564,58.0216,-10.4505,99.9113,68.6141,7.2887,35.7253,7.376,1.9753
70.6667,329.8709,26.2613,57.9887,-10.4546,99.8984,68.6046,7.2714,35.729,7.3834,1.9634
70.7658,329.8632,26.2637,57.9818,-10.4667,99.8998,68.6095,7.28,35.7337,7.3917,1.9878
70.8649,329.8407,26.2677,58.0054,-10.4564,99.8938,68.6213,7.2649,35.7139,7.4037,1.9772
70.964,329.8648,26.264,57.9966,-10.4502,99.9067,68.6213,7.2861,35.7029,7.393,1.9923
71.0631,329.9115,26.2581,58.0235,-10.4575,99.91,68.5974,7.2867,35.7103,7.3964,1.9784
71.1622,330.096,26.288,58.0785,-10.4125,99.9016,68.5386,7.2799,35.7001,7.3802,1.9845
71.2613,331.3497,26.324,58.4638,-10.3679,99.9077,68.25,7.2702,35.5246,7.3855,1.9874
71.3604,331.685,26.3445,58.5671,-10.3657,99.9185,68.1614,7.2879,35.4767,7.3906,1.9704
71.4595,331.7233,26.3357,58.5991,-10.3621,99.8964,68.1651,7.2686,35.4536,7.3829,1.9729
71.5586,331.7496,26.3623,58.6094,-10.3591,99.8994,68.1564,7.263,35.4582,7.3829,1.9619
71.6577,331.77,26.3452,58.6004,-10.3531,99.8958,68.137,7.2562,35.4443,7.3858,1.955
71.7568,331.7768,26.3466,58.5988,-10.3518,99.9301,68.1695,7.2668,35.4629,7.4057,1.9748
71.8559,331.7871,26.3367,58.6031,-10.3467,99.8881,68.1545,7.2656,35.4401,7.3885,1.9551
71.955,331.7783,26.3611,58.6034,-10.3353,99.9296,68.1429,7.2714,35.4508,7.3857,1.9827
72.0541,331.785,26.3501,58.6115,-10.3434,99.8985,68.1532,7.2725,35.4601,7.3874,1.9511
72.1532,331.7689,26.3577,58.6036,-10.347,99.8941,68.1502,7.2673,35.4567,7.3952,1.9779
72.2523,331.7896,26.3442,58.6046,-10.3517,99.9179,68.1659,7.2892,35.4502,7.375,1.9765
72.3514,331.7802,26.3647,58.6022,-10.3585,99.8996,68.1362,7.2578,35.4584,7.3994,1.973
72.4505,332.4868,26.3668,58.8299,-10.3225,99.9194,67.9683,7.2641,35.3528,7.3865,1.9755
72.5495,334.6337,26.4631,59.4535,-10.2213,99.9178,67.4522,7.2356,35.0515,7.4102,1.9785
72.6486,335.4294,26.5137,59.6833,-10.1783,99.9053,67.2883,7.2428,34.9548,7.3854,1.9421
72.7477,335.4808,26.5251,59.7025,-10.1696,99.9036,67.2671,7.2712,34.9542,7.3975,1.9565
72.8468,335.5252,26.5355,59.7226,-10.1759,99.9206,67.2752,7.2708,34.951,7.3993,1.9604
72.9459,335.5896,26.5192,59.7349,-10.1592,99.911,67.2647,7.2846,34.9341,7.3867,1.953
73.045,335.5812,26.5266,59.7246,-10.1336,99.9186,67.2442,7.2802,34.9521,7.392,1.9403
73.1441,335.5671,26.528,59.753,-10.1315,99.9076,67.2567,7.2691,34.9386,7.3871,1.9504
73.2432,335.5657,26.5223,59.7387,-10.1549,99.8961,67.2513,7.2893,34.9318,7.3952,1.9669
73.3423,335.5787,26.5115,59.7444,-10.1515,99.9057,67.2425,7.272,34.9228,7.3764,1.9486
73.4414,335.5902,26.5252,59.7454,-10.1584,99.9234,67.2448,7.2792,34.9405,7.3744,1.9457
73.5405,335.5749,26.5426,59.74,-10.1386,99.9129,67.2518,7.2788,34.9401,7.3773,1.9385
73.6396,335.5862,26.5336,59.7475,-10.1499,99.9176,67.2444,7.2737,34.9316,7.3869,1.9566
73.7387,335.599,26.5235,59.7512,-10.1369,99.9108,67.2612,7.2768,34.9398,7.4066,1.9287
73.8378,335.7655,26.5411,59.7955,-10.1357,99.9194,67.2036,7.2661,34.9034,7.4106,1.9327
73.9369,335.7941,26.5343,59.8188,-10.1425,99.9046,67.2061,7.2711,34.9121,7.3874,1.9531
74.036,335.8711,26.549,59.8115,-10.1285,99.9128,67.1763,7.2681,34.9037,7.3761,1.9644
74.1351,335.8706,26.5481,59.8431,-10.1384,99.9114,67.1696,7.2545,34.9026,7.3915,1.9384
74.2342,335.873,26.5382,59.844,-10.1313,99.903,67.1735,7.2646,34.8955,7.3718,1.9492
74.3333,335.8933,26.5266,59.8337,-10.1331,99.9138,67.1721,7.2555,34.8958,7.3717,1.9345
74.4324,335.8917,26.567,59.8352,-10.1235,99.9189,67.1791,7.2874,34.8994,7.385,1.9385
74.5315,335.8685,26.5283,59.8269,-10.1244,99.9062,67.171,7.2799,34.9087,7.3745,1.9414
74.6306,335.8771,26.5463,59.8573,-10.131,99.8922,67.1764,7.2599,34.8816,7.3922,1.9542
74.7297,335.8792,26.5301,59.8348,-10.1314,99.9249,67.1855,7.2589,34.8908,7.3751,1.9379
74.8288,335.9528,26.526,59.8628,-10.1372,99.9033,67.1768,7.2762,34.9075,7.3852,1.9546
74.9279,336.0862,26.5657,59.9123,-10.1163,99.9007,67.1347,7.2533,34.8678,7.3838,1.9487
75.027,337.3778,26.6037,60.2774,-10.0392,99.9026,66.8291,7.2364,34.6977,7.4034,1.9379
75.1261,342.0686,26.8158,61.6672,-9.8207,99.9325,65.7155,7.2481,34.0851,7.3725,1.9365
75.2252,342.6067,26.8365,61.8237,-9.7954,99.9367,65.5822,7.2554,34.0289,7.4016,1.9158
75.3243,342.6124,26.8506,61.8006,-9.7983,99.9141,65.5796,7.2665,34.0184,7.3814,1.9308
75.4234,342.6921,26.8394,61.8335,-9.7994,99.9295,65.5583,7.2691,34.0244,7.3854,1.9303
75.5225,342.6818,26.8577,61.8438,-9.8012,99.9181,65.5545,7.2603,34.0118,7.3768,1.9106
75.6216,342.6749,26.8481,61.8304,-9.8111,99.9176,65.5705,7.2528,33.9894,7.3658,1.9137
75.7207,342.6835,26.8387,61.8552,-9.809,99.9262,65.5611,7.2401,33.997,7.3893,1.9169
75.8198,342.6735,26.8409,61.8369,-9.8075,99.9196,65.5489,7.271,34.0167,7.3562,1.9232
75.9189,342.7046,26.848,61.8428,-9.7891,99.9238,65.573,7.2699,34.0181,7.3855,1.9443
76.018,342.712,26.8412,61.8535,-9.7873,99.9118,65.5593,7.2622,34.0038,7.4014,1.9214
76.1171,342.7181,26.8374,61.8431,-9.8023,99.9251,65.553,7.2692,34.0048,7.3805,1.9088
76.2162,342.7754,26.8462,61.878,-9.7867,99.9225,65.5477,7.2617,34.0116,7.3716,1.9315
76.3153,342.9806,26.8454,61.9488,-9.799,99.9121,65.4972,7.2618,33.9526,7.3812,1.9296
76.4144,343.0299,26.8732,61.9541,-9.7804,99.9336,65.4988,7.2577,33.9662,7.3821,1.9172
76.5135,343.0687,26.8515,61.9676,-9.7829,99.9397,65.4615,7.2575,33.9693,7.389,1.9255
76.6126,343.0639,26.8727,61.9762,-9.7784,99.9511,65.4627,7.263,33.974,7.3723,1.9059
76.7117,343.0687,26.8527,61.9575,-9.7889,99.9116,65.4519,7.2625,33.9554,7.3741,1.913
76.8108,343.0561,26.8611,61.9599,-9.7759,99.93,65.4632,7.2651,33.9542,7.3788,1.9348
76.9099,343.0704,26.8524,61.9593,-9.7805,99.9211,65.4679,7.2614,33.9474,7.3856,1.907
77.009,343.0669,26.8398,61.9566,-9.7822,99.9201,65.4847,7.2695,33.9645,7.366,1.9211
77.1081,343.1226,26.8385,61.98,-9.7804,99.9199,65.4474,7.2682,33.9662,7.3793,1.9301
77.2072,343.1124,26.8752,61.9831,-9.7711,99.9301,65.4501,7.2491,33.9594,7.3801,1.902
77.3063,343.2168,26.8634,62.0018,-9.7856,99.9288,65.4622,7.2551,33.9499,7.3696,1.9306
77.4054,343.7106,26.8809,62.1752,-9.7491,99.913,65.3147,7.2369,33.8649,7.3711,1.9294
77.5045,345.9426,27.0,62.8816,-9.6418,99.92,64.7634,7.2485,33.5728,7.3877,1.8963
77.6036,346.9864,27.0476,63.1979,-9.5854,99.9389,64.5499,7.2552,33.4435,7.3671,1.9036
77.7027,347.5169,27.0737,63.3767,-9.5735,99.9551,64.4097,7.2543,33.3925,7.3791,1.8784
77.8018,347.5657,27.0825,63.3877,-9.577,99.9394,64.3747,7.2299,33.3848,7.3663,1.8911
77.9009,347.561,27.0875,63.3845,-9.5841,99.9253,64.3811,7.2491,33.3936,7.3688,1.8955
78.0,347.5682,27.0653,63.3958,-9.5742,99.9218,64.4085,7.2504,33.3968,7.3693,1.8899
78.0991,347.568,27.0774,63.3834,-9.5516,99.896,64.3851,7.2592,33.3826,7.3621,1.875
78.1982,347.5947,27.0725,63.3912,-9.5691,99.9206,64.3746,7.2541,33.3725,7.3757,1.8831
78.2973,347.5838,27.074,63.3726,-9.5883,99.9106,64.3822,7.2459,33.3942,7.3751,1.8824
78.3964,347.5583,27.0862,63.3913,-9.5653,99.9375,64.3886,7.2451,33.3871,7.3609,1.8917
78.4955,347.5651,27.0696,63.3731,-9.5663,99.9035,64.3835,7.2505,33.3765,7.3651,1.9015
78.5946,347.5757,27.0744,63.3983,-9.5689,99.9154,64.406,7.2574,33.3641,7.385,1.8842
78.6937,347.5575,27.0569,63.3959,-9.5691,99.9117,64.3961,7.246,33.3929,7.3629,1.8716
78.7928,347.5592,27.0557,63.3976,-9.5766,99.9488,64.3917,7.2364,33.3609,7.3637,1.8713
78.8919,347.5555,27.0575,63.3965,-9.5767,99.9301,64.3958,7.2367,33.388,7.3659,1.8926
78.991,347.5717,27.0799,63.3727,-9.5559,99.9242,64.3817,7.2565,33.3909,7.3759,1.9006
79.0901,347.546,27.0614,63.3974,-9.5636,99.9262,64.3867,7.2446,33.3779,7.3869,1.8838
79.1892,347.5751,27.0603,63.3954,-9.5802,99.926,64.393,7.2731,33.3799,7.3679,1.8714
79.2883,347.5792,27.0587,63.3813,-9.5596,99.9236,64.3823,7.2453,33.3937,7.3775,1.8781
79.3874,347.5641,27.0759,63.3958,-9.5675,99.9182,64.3995,7.2388,33.38,7.3761,1.8927
79.4865,347.5674,27.0644,63.3953,-9.5586,99.9028,64.379,7.2304,33.3776,7.3634,1.889
79.5856,347.5766,27.0759,63.3878,-9.5692,99.9252,64.3891,7.2664,33.3824,7.3719,1.8818
79.6847,347.5813,27.0888,63.3898,-9.5851,99.951,64.3982,7.2369,33.3518,7.3777,1.8944
79.7838,347.5953,27.0752,63.4164,-9.5766,99.9196,64.3806,7.2369,33.3636,7.3797,1.9011
79.8829,347.776,27.0806,63.4599,-9.5553,99.9192,64.3411,7.2506,33.3415,7.3614,1.8819
79.982,348.0223,27.0895,63.5335,-9.5607,99.923,64.2885,7.2576,33.3171,7.3718,1.8934
80.0811,348.5882,27.1239,63.6986,-9.523,99.9256,64.1744,7.2631,33.2411,7.3812,1.8868
80.1802,348.7327,27.1161,63.7385,-9.5189,99.9088,64.1399,7.2538,33.2531,7.3595,1.8946
80.2793,348.7431,27.1129,63.7159,-9.5223,99.9166,64.1427,7.2406,33.2508,7.3791,1.8851
80.3784,348.7398,27.1156,63.7261,-9.5143,99.9153,64.1284,7.2695,33.2427,7.373,1.8997
80.4775,348.7438,27.1329,63.7559,-9.5185,99.929,64.1384,7.2569,33.233,7.3821,1.8843
80.5766,348.738,27.1082,63.7339,-9.511,99.9221,64.1239,7.231,33.2622,7.3755,1.8996
80.6757,348.7338,27.1173,63.7536,-9.5379,99.9186,64.1097,7.2625,33.2378,7.379,1.8948
80.7748,348.7537,27.136,63.7322,-9.5119,99.9288,64.1284,7.2523,33.2325,7.3675,1.8849
80.8739,348.7346,27.1394,63.7364,-9.532,99.9102,64.1278,7.2553,33.2326,7.37,1.8812
80.973,348.7513,27.1252,63.7278,-9.5214,99.932,64.128,7.2558,33.2622,7.3712,1.8829
81.0721,348.7372,27.1111,63.7314,-9.5194,99.918,64.1262,7.2611,33.267,7.3737,1.9011
81.1712,348.753,27.1171,63.737,-9.5152,99.925,64.1295,7.2392,33.2222,7.3904,1.8972
81.2703,348.7526,27.0989,63.7487,-9.4989,99.9002,64.1196,7.2464,33.2314,7.3798,1.8783
81.3694,348.7426,27.1137,63.7472,-9.5141,99.9182,64.1418,7.2531,33.23,7.3679,1.8891
81.4685,348.7559,27.1232,63.7514,-9.5325,99.9167,64.1284,7.2516,33.2436,7.3865,1.8781
81.5676,348.7575,27.1253,63.7365,-9.5249,99.9154,64.1389,7.2641,33.2335,7.3741,1.9027
81.6667,348.755,27.1214,63.7275,-9.5232,99.9002,64.1221,7.2475,33.2468,7.3814,1.8828
81.7658,348.7563,27.1148,63.7384,-9.534,99.9205,64.1408,7.2774,33.2469,7.3361,1.8901
81.8649,348.7508,27.1192,63.7502,-9.5144,99.9197,64.1251,7.2427,33.2128,7.3706,1.8936
81.964,348.7472,27.1238,63.7295,-9.5234,99.9045,64.1258,7.2526,33.2334,7.3834,1.9085
82.0631,348.7907,27.0996,63.7674,-9.5401,99.9107,64.1193,7.2562,33.2332,7.3868,1.8813
82.1622,348.7873,27.1213,63.75,-9.5282,99.9218,64.11,7.2598,33.2184,7.3664,1.8878
82.2613,348.8777,27.1137,63.7713,-9.5062,99.9227,64.1092,7.2443,33.2257,7.374,1.9127
82.3604,348.9218,27.1205,63.8101,-9.5082,99.9135,64.0919,7.256,33.2309,7.3555,1.8865
82.4595,349.2247,27.1538,63.9342,-9.4872,99.9158,63.9971,7.2683,33.1756,7.3472,1.8912
82.5586,351.077,27.244,64.6281,-9.4146,99.9131,63.5094,7.2389,32.9379,7.365,1.8741
82.6577,352.1572,27.3151,65.0524,-9.3741,99.9264,63.2338,7.249,32.7803,7.3476,1.8776
82.7568,352.6781,27.3529,65.2758,-9.3405,99.9043,63.1208,7.2567,32.7023,7.3646,1.8881
82.8559,352.7204,27.3538,65.2553,-9.3065,99.9084,63.1188,7.2251,32.7208,7.3708,1.8558
82.955,352.7095,27.3506,65.2692,-9.3505,99.9094,63.095,7.2574,32.7147,7.3691,1.8817
83.0541,352.6909,27.3345,65.2787,-9.3475,99.9038,63.0977,7.2404,32.7171,7.3503,1.869
83.1532,352.7142,27.3476,65.2694,-9.3374,99.9262,63.1017,7.2428,32.6946,7.3706,1.8646
83.2523,352.7023,27.3404,65.261,-9.3425,99.9376,63.0837,7.2313,32.727,7.3464,1.8696
83.3514,352.7267,27.3461,65.2557,-9.3382,99.9166,63.0961,7.234,32.7089,7.3418,1.8737
83.4505,352.7122,27.347,65.2546,-9.3322,99.93,63.0977,7.2315,32.7093,7.3513,1.8428
83.5495,352.7084,27.3497,65.2562,-9.3343,99.9099,63.0865,7.2339,32.7023,7.3595,1.8689
83.6486,352.6983,27.3453,65.269,-9.3366,99.9262,63.0923,7.2402,32.7017,7.3341,1.866
83.7477,352.7171,27.349,65.266,-9.3445,99.9394,63.09,7.2295,32.7058,7.3622,1.8969
83.8468,352.7056,27.3563,65.2769,-9.3296,99.9183,63.093,7.246,32.7028,7.3583,1.8692
83.9459,352.7189,27.3526,65.2707,-9.3412,99.9251,63.0874,7.2363,32.7154,7.3554,1.8684
84.045,352.7122,27.3482,65.2856,-9.3345,99.9125,63.0945,7.2508,32.7162,7.3619,1.8698
84.1441,352.708,27.3732,65.2543,-9.3487,99.9323,63.0974,7.246,32.7258,7.3672,1.8708
84.2432,352.7065,27.352,65.2704,-9.3329,99.9042,63.0865,7.216,32.7105,7.3534,1.8786
84.3423,352.7131,27.3491,65.2698,-9.3387,99.9273,63.0991,7.216,32.7343,7.3527,1.8778
84.4414,352.7155,27.3448,65.2675,-9.3463,99.9179,63.1287,7.2451,32.7197,7.3658,1.8719
84.5405,352.7175,27.356,65.2821,-9.3422,99.901,63.0955,7.2471,32.7088,7.3473,1.8565
84.6396,352.7201,27.3469,65.2715,-9.35,99.9207,63.0873,7.235,32.7257,7.346,1.8749
84.7387,352.7064,27.3473,65.2608,-9.3184,99.9039,63.092,7.2338,32.7101,7.3598,1.8797
84.8378,352.7452,27.3465,65.2738,-9.3456,99.9216,63.0985,7.2525,32.7043,7.3636,1.879
84.9369,352.8124,27.3524,65.3006,-9.3243,99.9058,63.0782,7.2115,32.6893,7.3728,1.8692
85.036,353.4005,27.3882,65.4879,-9.3191,99.9169,62.9312,7.2336,32.6405,7.3657,1.8655
85.1351,355.0895,27.4762,66.0004,-9.2441,99.9243,62.5578,7.2411,32.4362,7.3478,1.8542
85.2342,355.4223,27.4827,66.1279,-9.2643,99.9248,62.4839,7.2217,32.4274,7.3498,1.8435
85.3333,355.4355,27.4761,66.1271,-9.2481,99.9328,62.5065,7.2335,32.4087,7.3765,1.8556
85.4324,355.4331,27.4757,66.1086,-9.2453,99.9533,62.501,7.2427,32.4018,7.3487,1.8422
85.5315,355.4255,27.4834,66.1403,-9.2345,99.9149,62.505,7.2552,32.4165,7.3515,1.857
85.6306,355.4258,27.4652,66.1356,-9.2779,99.9232,62.5284,7.2277,32.3955,7.3518,1.8662
85.7297,355.4072,27.4775,66.137,-9.239,99.9311,62.4878,7.2394,32.4057,7.3478,1.8742
85.8288,355.4307,27.4801,66.1233,-9.2415,99.9397,62.4911,7.2468,32.4062,7.3644,1.8585
85.9279,355.4294,27.4655,66.132,-9.2655,99.9294,62.4779,7.2431,32.4247,7.3369,1.8673
86.027,355.4453,27.4762,66.1214,-9.243,99.9312,62.5094,7.2543,32.4292,7.3563,1.8433
86.1261,355.4261,27.4856,66.1303,-9.2644,99.9312,62.4823,7.2485,32.4155,7.3625,1.8615
86.2252,355.4265,27.4874,66.1206,-9.2503,99.9307,62.5148,7.2477,32.4137,7.3443,1.8552
86.3243,355.44,27.4887,66.1048,-9.2524,99.9134,62.4934,7.2407,32.4123,7.3309,1.8495
86.4234,355.4409,27.4782,66.1082,-9.2608,99.9141,62.4978,7.255,32.402,7.3575,1.8641
86.5225,355.4285,27.4781,66.0978,-9.2495,99.9386,62.4894,7.226,32.3941,7.3602,1.8608
86.6216,355.4256,27.4851,66.1257,-9.2482,99.9145,62.491,7.2272,32.401,7.3386,1.8631
86.7207,355.4429,27.4864,66.1172,-9.2683,99.9314,62.4988,7.249,32.4043,7.3488,1.8643
86.8198,355.4302,27.4675,66.1145,-9.273,99.9289,62.5109,7.2337,32.3944,7.35,1.8435
86.9189,355.431,27.4797,66.1121,-9.2334,99.919,62.5002,7.2466,32.4139,7.3642,1.8557
87.018,355.4245,27.4882,66.1154,-9.2542,99.9241,62.4908,7.2373,32.391,7.3595,1.8663
87.1171,355.4591,27.4881,66.1173,-9.2584,99.9388,62.5007,7.2212,32.4097,7.3455,1.862
87.2162,355.5039,27.5022,66.1386,-9.2589,99.943,62.4919,7.2537,32.3792,7.3445,1.875
87.3153,355.5013,27.4811,66.1316,-9.2393,99.9295,62.4797,7.2405,32.4143,7.3519,1.8602
87.4144,355.6288,27.4891,66.1749,-9.2454,99.9311,62.4847,7.2483,32.4022,7.3557,1.8433
87.5135,356.1083,27.4944,66.3122,-9.2278,99.9231,62.3517,7.2417,32.3655,7.3448,1.8449
87.6126,358.2968,27.5843,66.9,-9.1734,99.9279,61.9352,7.2377,32.1322,7.3514,1.8562
87.7117,359.0018,27.6238,67.1058,-9.1586,99.9455,61.8031,7.2376,32.0729,7.3535,1.8509
87.8108,359.2839,27.6268,67.1678,-9.158,99.9239,61.7399,7.2432,32.0287,7.3181,1.8689
87.9099,359.5218,27.6499,67.2556,-9.1269,99.9245,61.6949,7.226,32.018,7.3357,1.853
88.009,359.7816,27.6601,67.3588,-9.132,99.9383,61.6195,7.2355,31.9735,7.3538,1.8499
88.1081,359.9265,27.6836,67.3969,-9.1069,99.9251,61.575,7.2327,31.9757,7.3512,1.8458
88.2072,359.9417,27.6622,67.4021,-9.1428,99.917,61.5819,7.2398,31.9676,7.3571,1.8238
88.3063,359.9308,27.6596,67.4255,-9.1345,99.9269,61.5855,7.2321,31.9717,7.3651,1.835
88.4054,359.9249,27.6593,67.3928,-9.1309,99.926,61.5748,7.2321,31.9535,7.3453,1.8394
88.5045,359.9465,27.6781,67.3961,-9.1506,99.9298,61.5943,7.2373,31.9519,7.3462,1.8498
88.6036,359.9436,27.661,67.4072,-9.1306,99.9221,61.5752,7.247,31.9452,7.3403,1.8467
88.7027,359.9543,27.6693,67.4251,-9.1276,99.9251,61.5802,7.2352,31.9611,7.3639,1.8458
88.8018,359.9496,27.6881,67.4077,-9.1294,99.9195,61.5654,7.2317,31.9747,7.3622,1.8488
88.9009,359.9284,27.6658,67.421,-9.1236,99.9297,61.5708,7.2353,31.9761,7.3399,1.8497
89.0,359.9502,27.6794,67.402,-9.1229,99.9361,61.5834,7.2483,31.9624,7.3393,1.8495
89.0991,359.9393,27.6573,67.4221,-9.125,99.9229,61.5849,7.2327,31.9608,7.3365,1.8467
89.1982,359.9351,27.6588,67.4069,-9.1313,99.9414,61.5717,7.2337,31.9583,7.3481,1.8309
89.2973,359.9379,27.6803,67.4216,-9.14,99.9403,61.5949,7.2374,31.9656,7.3615,1.8414
89.3964,359.9489,27.6593,67.4269,-9.1467,99.936,61.5732,7.2196,31.9533,7.3432,1.839
89.4955,359.9258,27.6625,67.4124,-9.1248,99.9513,61.5842,7.2235,31.9683,7.3608,1.8607
89.5946,359.9262,27.6654,67.4236,-9.1243,99.9467,61.5761,7.2257,31.958,7.3538,1.8425
89.6937,359.947,27.6848,67.4087,-9.1552,99.9298,61.5746,7.2479,31.9559,7.3397,1.8368
89.7928,360.0165,27.6835,67.4449,-9.1352,99.9217,61.565,7.2304,31.9663,7.3512,1.8284
89.8919,360.0784,27.6705,67.462,-9.1343,99.9432,61.5542,7.2383,31.9314,7.3584,1.8313
89.991,360.5951,27.7074,67.6615,-9.0929,99.924,61.4124,7.2568,31.8702,7.3506,1.8248
90.0901,362.7672,27.8292,68.5042,-9.0413,99.9385,60.9089,7.2194,31.6121,7.3363,1.8531
90.1892,363.0553,27.8553,68.6284,-9.016,99.9249,60.8269,7.2378,31.6042,7.3473,1.8274
90.2883,363.1375,27.8553,68.6209,-8.999,99.9305,60.795,7.2306,31.5869,7.3266,1.8356
90.3874,363.4763,27.8783,68.7723,-9.0025,99.9366,60.7419,7.2384,31.56,7.3178,1.8212
90.4865,363.5011,27.8822,68.7693,-8.9839,99.9381,60.7083,7.2472,31.5516,7.3371,1.8228
90.5856,363.7172,27.882,68.8604,-8.9926,99.9024,60.6916,7.2292,31.5237,7.3429,1.8409
90.6847,363.7752,27.9085,68.871,-8.9974,99.9113,60.6533,7.2342,31.5215,7.3371,1.8437
90.7838,363.8106,27.888,68.8732,-9.0045,99.9223,60.6468,7.2247,31.4999,7.3413,1.8311
90.8829,363.8203,27.8963,68.8907,-8.9987,99.9383,60.661,7.2172,31.5149,7.3339,1.8343
90.982,363.8145,27.8968,68.8893,-8.9953,99.935,60.6382,7.2145,31.5271,7.3239,1.838
91.0811,363.8402,27.8838,68.896,-9.0013,99.9195,60.6573,7.2326,31.5192,7.3207,1.8286
91.1802,363.833,27.9006,68.8964,-9.0058,99.9103,60.6569,7.2393,31.5252,7.3204,1.8207
91.2793,363.8218,27.883,68.8787,-8.9806,99.9251,60.643,7.2246,31.5317,7.3448,1.8265
91.3784,363.8242,27.8903,68.8769,-8.9867,99.9357,60.6394,7.2467,31.5293,7.3459,1.8121
91.4775,363.8231,27.8837,68.8775,-9.0124,99.9294,60.6516,7.2206,31.5189,7.35,1.8457
91.5766,363.8187,27.8746,68.8654,-8.9877,99.9235,60.6368,7.244,31.5205,7.3431,1.8229
91.6757,363.8197,27.8915,68.8773,-9.0004,99.9192,60.6533,7.2573,31.5256,7.33,1.8234
91.7748,363.811,27.8954,68.8881,-9.0019,99.9274,60.6391,7.2343,31.5144,7.3475,1.8151
91.8739,363.8136,27.8883,68.8639,-8.9886,99.9385,60.6545,7.2419,31.524,7.3375,1.8149
91.973,363.8039,27.8832,68.8987,-8.9892,99.9449,60.6433,7.2329,31.5235,7.351,1.8242
92.0721,363.8149,27.8899,68.8961,-9.0098,99.9293,60.6456,7.2357,31.5063,7.3305,1.8375
92.1712,363.8145,27.8886,68.89,-9.0069,99.9459,60.6331,7.2297,31.514,7.3247,1.8258
92.2703,363.8173,27.8878,68.8895,-9.0007,99.9264,60.6423,7.2325,31.5189,7.3326,1.828
92.3694,363.8131,27.8999,68.9059,-8.978,99.9509,60.6498,7.244,31.5201,7.3358,1.8314
92.4685,364.0004,27.9137,69.0072,-8.9767,99.9097,60.5968,7.2277,31.4879,7.3329,1.8128
92.5676,364.9184,28.0007,69.6139,-8.9209,99.9206,60.2611,7.2205,31.3299,7.3169,1.8181
92.6667,365.7539,28.0764,70.1351,-8.8539,99.9402,60.0033,7.2212,31.2046,7.3443,1.7966
92.7658,366.14,28.1157,70.3704,-8.8387,99.9178,59.8871,7.2194,31.1492,7.3332,1.7976
92.8649,366.4057,28.1387,70.5229,-8.8294,99.9536,59.7806,7.2319,31.0967,7.3455,1.8024
92.964,366.5342,28.1617,70.6207,-8.8103,99.9177,59.7519,7.2091,31.0686,7.3372,1.7992
93.0631,366.7833,28.1754,70.7174,-8.7998,99.9356,59.6688,7.2176,31.0628,7.3431,1.8122
93.1622,366.8916,28.186,70.786,-8.8248,99.9497,59.6296,7.2247,31.0351,7.323,1.7803
93.2613,366.9067,28.1856,70.8301,-8.8144,99.9171,59.62,7.2193,31.0281,7.349,1.8179
93.3604,366.9296,28.1674,70.8452,-8.7936,99.9265,59.6133,7.2338,31.0566,7.3541,1.8216
93.4595,366.9483,28.1886,70.8106,-8.8188,99.9263,59.6345,7.2265,31.0362,7.3381,1.8173
93.5586,366.9331,28.2073,70.8211,-8.8025,99.9471,59.6405,7.2084,31.0429,7.3315,1.7981
93.6577,366.9399,28.1734,70.8177,-8.8172,99.9305,59.6267,7.2276,31.0314,7.3276,1.793
93.7568,366.9385,28.1819,70.8095,-8.8115,99.9445,59.6184,7.2455,31.0338,7.3238,1.7923
93.8559,366.9224,28.1759,70.8302,-8.8098,99.9299,59.6319,7.2155,31.038,7.3177,1.8218
93.955,366.9342,28.159,70.8101,-8.821,99.9273,59.6346,7.2246,31.0501,7.3271,1.8168
94.0541,366.9319,28.1858,70.8277,-8.7911,99.9171,59.6169,7.2209,31.0311,7.3531,1.8275
94.1532,366.9501,28.1773,70.8243,-8.8064,99.9336,59.6508,7.2242,31.0315,7.3213,1.8222
94.2523,366.9378,28.1801,70.8193,-8.829,99.9159,59.647,7.2192,31.028,7.3173,1.822
94.3514,366.9428,28.1857,70.8326,-8.8176,99.9335,59.6367,7.2154,31.0247,7.3202,1.8153
94.4505,366.945,28.1762,70.8138,-8.8199,99.9395,59.6263,7.2056,31.0513,7.3313,1.8153
94.5495,366.9509,28.1783,70.8212,-8.7977,99.9286,59.633,7.2084,31.0562,7.3129,1.8083
94.6486,366.9115,28.1818,70.8097,-8.8076,99.9157,59.6254,7.2225,31.0465,7.3275,1.8221
94.7477,366.9232,28.1975,70.8091,-8.8196,99.9345,59.638,7.2263,31.0372,7.3409,1.8124
94.8468,366.921,28.1797,70.8062,-8.8121,99.9367,59.6374,7.2052,31.0254,7.3381,1.805
94.9459,366.9827,28.1809,70.8547,-8.7981,99.9215,59.6305,7.2193,31.0234,7.3481,1.8071
95.045,367.1866,28.1799,70.917,-8.7949,99.9287,59.571,7.2287,31.0132,7.3089,1.8148
95.1441,367.2307,28.2132,70.9401,-8.7991,99.945,59.5369,7.2137,31.0039,7.3334,1.793
95.2432,367.2771,28.2104,70.9618,-8.7909,99.9284,59.5358,7.2182,31.006,7.2998,1.8122
95.3423,367.6,28.2217,71.094,-8.8087,99.9272,59.4869,7.2129,30.9606,7.3322,1.825
95.4414,367.6782,28.2402,71.1374,-8.791,99.925,59.4782,7.2193,30.9763,7.3172,1.8204
95.5405,367.9532,28.2319,71.1871,-8.8056,99.9298,59.4259,7.2034,30.944,7.3356,1.805
95.6396,368.0547,28.2469,71.1919,-8.8159,99.9381,59.3982,7.2078,30.9285,7.32,1.7965
95.7387,368.1776,28.2431,71.1808,-8.8055,99.9201,59.3923,7.2232,30.9092,7.3197,1.821
95.8378,368.4379,28.231,71.1932,-8.7775,99.9126,59.3346,7.2295,30.8973,7.3283,1.815
95.9369,368.4767,28.2249,71.1932,-8.7994,99.9409,59.3264,7.2015,30.9291,7.3207,1.7983
96.036,368.4823,28.2446,71.1959,-8.809,99.9148,59.3144,7.2278,30.8896,7.3283,1.7963
96.1351,368.48,28.2505,71.1952,-8.7985,99.9313,59.3212,7.1999,30.9063,7.3392,1.8116
96.2342,368.459,28.2499,71.19,-8.7967,99.926,59.3153,7.214,30.8917,7.3426,1.8044
96.3333,368.4934,28.2297,71.1864,-8.7945,99.9483,59.3142,7.2266,30.8924,7.336,1.8054
96.4324,368.4959,28.2358,71.2041,-8.8091,99.9396,59.3345,7.2338,30.9136,7.3109,1.7823
96.5315,368.4767,28.2259,71.1919,-8.8035,99.937,59.3271,7.2185,30.8919,7.3369,1.8003
96.6306,368.4969,28.2467,71.198,-8.808,99.9218,59.3321,7.2227,30.894,7.3177,1.8174
96.7297,368.5145,28.2401,71.2008,-8.8163,99.9335,59.3271,7.2221,30.9038,7.3321,1.7729
96.8288,368.4933,28.2521,71.1979,-8.7857,99.9479,59.3335,7.2282,30.8934,7.3246,1.8069
96.9279,368.4806,28.2398,71.1774,-8.8053,99.9129,59.3201,7.2383,30.8963,7.3412,1.7966
97.027,368.4875,28.2358,71.1796,-8.8027,99.9212,59.3249,7.237,30.9,7.3472,1.7989
97.1261,368.4909,28.2495,71.175,-8.8074,99.9407,59.3331,7.2192,30.9088,7.3271,1.7784
97.2252,368.4818,28.2388,71.1769,-8.7961,99.9215,59.3252,7.2115,30.8986,7.3151,1.7876
97.3243,368.5051,28.2342,71.1896,-8.8014,99.9406,59.3079,7.227,30.9097,7.3482,1.7962
97.4234,368.5506,28.2468,71.2227,-8.8009,99.9191,59.3284,7.2248,30.8893,7.3145,1.7918
97.5225,368.8089,28.2498,71.2925,-8.7901,99.9253,59.2624,7.2153,30.865,7.3354,1.7994
97.6216,368.9395,28.2775,71.3268,-8.7961,99.9266,59.2256,7.2088,30.8475,7.3326,1.8016
97.7207,369.1655,28.2711,71.4144,-8.7857,99.9333,59.1737,7.2439,30.8264,7.3251,1.7959
97.8198,369.6184,28.2934,71.5652,-8.781,99.9143,59.0934,7.2317,30.7775,7.3275,1.7889
97.9189,369.6951,28.3025,71.5785,-8.7513,99.9375,59.0616,7.2219,30.7627,7.3222,1.8027
98.018,370.5494,28.3523,71.8734,-8.7294,99.9336,58.9001,7.208,30.6833,7.3396,1.8006
98.1171,372.0917,28.4323,72.4471,-8.678,99.927,58.5428,7.2046,30.5564,7.3363,1.7985
98.2162,372.2536,28.4487,72.516,-8.6766,99.9449,58.5092,7.2002,30.5422,7.3061,1.8227
98.3153,372.2846,28.4323,72.5291,-8.6934,99.9347,58.5092,7.2166,30.522,7.3186,1.7998
98.4144,372.3216,28.4291,72.5339,-8.6869,99.9388,58.5043,7.2162,30.5372,7.3248,1.7869
98.5135,372.303,28.4548,72.504,-8.6822,99.9568,58.4993,7.211,30.5233,7.3211,1.7926
98.6126,372.3082,28.4374,72.511,-8.6752,99.9266,58.4856,7.2167,30.5232,7.3193,1.8213
98.7117,372.3176,28.4444,72.5169,-8.6798,99.934,58.5165,7.2022,30.5147,7.3164,1.8021
98.8108,372.2898,28.4403,72.5252,-8.6974,99.9545,58.5062,7.2112,30.5318,7.3484,1.8047
98.9099,372.3121,28.4366,72.5225,-8.6928,99.9403,58.501,7.2223,30.5393,7.3397,1.801
99.009,372.3155,28.442,72.5405,-8.661,99.9395,58.4889,7.2274,30.5334,7.3326,1.7967
99.1081,372.303,28.4229,72.5188,-8.6986,99.9357,58.5046,7.2042,30.5394,7.3219,1.782
99.2072,372.3139,28.4292,72.519,-8.675,99.9404,58.5067,7.2001,30.5332,7.3155,1.7951
99.3063,372.3058,28.4354,72.5337,-8.6705,99.9408,58.5071,7.2187,30.5244,7.3185,1.7952
99.4054,372.3076,28.4258,72.5229,-8.6857,99.9412,58.5138,7.2011,30.5245,7.3235,1.7944
99.5045,372.3101,28.4378,72.5111,-8.6876,99.9383,58.498,7.2051,30.5341,7.3337,1.7946
99.6036,372.3034,28.4331,72.5245,-8.6866,99.9296,58.5202,7.2252,30.5342,7.3272,1.8076
99.7027,372.2955,28.4208,72.5213,-8.684,99.9395,58.5052,7.2238,30.5205,7.3159,1.7998
99.8018,372.2963,28.4385,72.4995,-8.6776,99.9471,58.4926,7.203,30.516,7.3443,1.8146
99.9009,372.3184,28.4259,72.5327,-8.6762,99.9451,58.5052,7.2132,30.5205,7.3273,1.7967
100.0,372.3081,28.4404,72.5285,-8.6753,99.9387,58.4955,7.2201,30.5345,7.3322,1.7857
