hemodynamics shuntfraction value,caSys_pCO2,cvSys_pCO2,caSys_HCO3,cvSys_HCO3,caSys_BE,bgDO2,caSys_pH,cvSys_pH,cvSys_pO2,caSys_pO2,caSys_O2sat,cvSys_O2sat
0.0,31.79,41.07,22.36,23.72,-1.25,1309.4,7.47,7.38,52.1,282.82,99.86,86.3
0.2,31.79,41.07,22.36,23.72,-1.25,1309.4,7.47,7.38,52.1,282.82,99.86,86.3
0.4,31.79,41.07,22.36,23.72,-1.25,1309.4,7.47,7.38,52.1,282.82,99.86,86.3
0.6,31.79,41.07,22.36,23.72,-1.25,1309.31,7.47,7.38,52.05,282.43,99.86,86.27
0.8,31.79,41.07,22.36,23.72,-1.25,1309.31,7.47,7.38,52.05,282.43,99.86,86.27
1.0,31.81,41.08,22.36,23.72,-1.25,1309.1,7.47,7.38,52.02,281.5,99.86,86.25
1.2,31.81,41.08,22.36,23.72,-1.25,1309.1,7.47,7.38,52.02,281.5,99.86,86.25
1.4,31.81,41.08,22.36,23.72,-1.25,1309.1,7.47,7.38,52.02,281.5,99.86,86.25
1.6,31.95,41.21,22.38,23.74,-1.25,1307.67,7.47,7.38,51.88,275.44,99.85,86.16
1.8,31.95,41.21,22.38,23.74,-1.25,1307.67,7.47,7.38,51.88,275.44,99.85,86.16
2.0,32.02,41.28,22.39,23.75,-1.26,1306.63,7.47,7.38,51.77,271.01,99.84,86.09
2.2,32.02,41.28,22.39,23.75,-1.26,1306.63,7.47,7.38,51.77,271.01,99.84,86.09
2.4,32.02,41.28,22.39,23.75,-1.26,1306.63,7.47,7.38,51.77,271.01,99.84,86.09
2.61,31.98,41.25,22.39,23.75,-1.25,1306.77,7.47,7.38,51.78,271.62,99.84,86.1
2.81,31.98,41.25,22.39,23.75,-1.25,1306.77,7.47,7.38,51.78,271.62,99.84,86.1
3.01,31.98,41.25,22.39,23.75,-1.25,1306.77,7.47,7.38,51.78,271.58,99.84,86.1
3.21,31.98,41.25,22.39,23.75,-1.25,1306.77,7.47,7.38,51.78,271.58,99.84,86.1
3.41,31.98,41.25,22.39,23.75,-1.25,1306.77,7.47,7.38,51.78,271.58,99.84,86.1
3.61,32.03,41.29,22.39,23.75,-1.26,1306.01,7.47,7.38,51.7,268.39,99.84,86.04
3.81,32.03,41.29,22.39,23.75,-1.26,1306.01,7.47,7.38,51.7,268.39,99.84,86.04
4.01,32.33,41.61,22.44,23.8,-1.27,1305.2,7.46,7.38,51.58,264.98,99.83,85.96
4.21,32.33,41.61,22.44,23.8,-1.27,1305.2,7.46,7.38,51.58,264.98,99.83,85.96
4.41,32.33,41.61,22.44,23.8,-1.27,1305.2,7.46,7.38,51.58,264.98,99.83,85.96
4.61,33.18,42.53,22.57,23.94,-1.3,1303.61,7.45,7.37,51.31,258.29,99.82,85.79
4.81,33.18,42.53,22.57,23.94,-1.3,1303.61,7.45,7.37,51.31,258.29,99.82,85.79
5.01,33.16,42.51,22.56,23.94,-1.3,1303.44,7.45,7.37,51.29,257.6,99.82,85.77
5.21,33.16,42.51,22.56,23.94,-1.3,1303.44,7.45,7.37,51.29,257.6,99.82,85.77
5.41,33.16,42.51,22.56,23.94,-1.3,1303.44,7.45,7.37,51.29,257.6,99.82,85.77
5.61,32.45,41.75,22.46,23.82,-1.27,1303.63,7.46,7.38,51.37,258.36,99.82,85.83
5.81,32.45,41.75,22.46,23.82,-1.27,1303.63,7.46,7.38,51.37,258.36,99.82,85.83
6.01,31.97,41.25,22.39,23.75,-1.25,1303.41,7.47,7.38,51.38,257.42,99.82,85.83
6.21,31.97,41.25,22.39,23.75,-1.25,1303.41,7.47,7.38,51.38,257.42,99.82,85.83
6.41,31.97,41.25,22.39,23.75,-1.25,1303.41,7.47,7.38,51.38,257.42,99.82,85.83
6.61,31.87,41.14,22.37,23.73,-1.25,1302.74,7.47,7.38,51.3,254.63,99.81,85.78
6.81,31.87,41.14,22.37,23.73,-1.25,1302.74,7.47,7.38,51.3,254.63,99.81,85.78
7.01,31.82,41.08,22.36,23.72,-1.25,1302.43,7.47,7.38,51.27,253.35,99.81,85.76
7.21,31.82,41.08,22.36,23.72,-1.25,1302.43,7.47,7.38,51.27,253.35,99.81,85.76
7.41,31.82,41.08,22.36,23.72,-1.25,1302.43,7.47,7.38,51.27,253.35,99.81,85.76
7.62,31.84,41.09,22.37,23.72,-1.25,1301.71,7.47,7.38,51.2,250.42,99.8,85.71
7.82,31.84,41.09,22.37,23.72,-1.25,1301.71,7.47,7.38,51.2,250.42,99.8,85.71
8.02,31.88,41.13,22.37,23.73,-1.25,1301.19,7.47,7.38,51.15,248.27,99.8,85.68
8.22,31.88,41.13,22.37,23.73,-1.25,1301.19,7.47,7.38,51.15,248.27,99.8,85.68
8.42,31.88,41.13,22.37,23.73,-1.25,1301.19,7.47,7.38,51.15,248.27,99.8,85.68
8.62,32.01,41.22,22.39,23.74,-1.25,1300.56,7.47,7.38,51.09,245.69,99.79,85.64
8.82,32.01,41.22,22.39,23.74,-1.25,1300.56,7.47,7.38,51.09,245.69,99.79,85.64
9.02,32.06,41.26,22.4,23.75,-1.26,1299.78,7.47,7.38,51.02,242.53,99.79,85.59
9.22,32.06,41.26,22.4,23.75,-1.26,1299.78,7.47,7.38,51.02,242.53,99.79,85.59
9.42,32.06,41.26,22.4,23.75,-1.26,1299.78,7.47,7.38,51.02,242.53,99.79,85.59
9.62,32.06,41.3,22.4,23.76,-1.26,1298.9,7.47,7.38,50.91,238.96,99.78,85.52
9.82,32.06,41.3,22.4,23.76,-1.26,1298.9,7.47,7.38,50.91,238.96,99.78,85.52
10.02,32.08,41.34,22.4,23.76,-1.26,1298.42,7.47,7.38,50.85,237.0,99.77,85.48
10.22,32.08,41.34,22.4,23.76,-1.26,1298.42,7.47,7.38,50.85,237.0,99.77,85.48
10.42,32.08,41.34,22.4,23.76,-1.26,1298.42,7.47,7.38,50.85,237.0,99.77,85.48
10.62,32.09,41.39,22.4,23.77,-1.26,1297.9,7.47,7.38,50.78,234.89,99.77,85.43
10.82,32.09,41.39,22.4,23.77,-1.26,1297.9,7.47,7.38,50.78,234.89,99.77,85.43
11.02,32.11,41.42,22.41,23.77,-1.26,1297.55,7.47,7.38,50.74,233.49,99.76,85.4
11.22,32.11,41.42,22.41,23.77,-1.26,1297.55,7.47,7.38,50.74,233.49,99.76,85.4
11.42,32.11,41.42,22.41,23.77,-1.26,1297.55,7.47,7.38,50.74,233.49,99.76,85.4
11.62,32.19,41.46,22.42,23.78,-1.26,1296.68,7.46,7.38,50.63,230.06,99.75,85.32
11.82,32.19,41.46,22.42,23.78,-1.26,1296.68,7.46,7.38,50.63,230.06,99.75,85.32
12.02,32.22,41.48,22.42,23.78,-1.26,1296.39,7.46,7.38,50.6,228.91,99.75,85.31
12.22,32.22,41.48,22.42,23.78,-1.26,1296.39,7.46,7.38,50.6,228.91,99.75,85.31
12.42,32.22,41.48,22.42,23.78,-1.26,1296.39,7.46,7.38,50.6,228.91,99.75,85.31
12.63,32.24,41.49,22.43,23.78,-1.27,1296.0,7.46,7.38,50.59,227.42,99.74,85.3
12.83,32.24,41.49,22.43,23.78,-1.27,1296.0,7.46,7.38,50.59,227.42,99.74,85.3
13.03,32.26,41.5,22.43,23.79,-1.27,1295.36,7.46,7.38,50.51,224.92,99.74,85.24
13.23,32.26,41.5,22.43,23.79,-1.27,1295.36,7.46,7.38,50.51,224.92,99.74,85.24
13.43,32.26,41.5,22.43,23.79,-1.27,1295.36,7.46,7.38,50.51,224.92,99.74,85.24
13.63,32.27,41.5,22.43,23.79,-1.27,1294.23,7.46,7.38,50.36,220.54,99.72,85.14
13.83,32.27,41.5,22.43,23.79,-1.27,1294.23,7.46,7.38,50.36,220.54,99.72,85.14
14.03,32.27,41.5,22.43,23.79,-1.27,1293.73,7.46,7.38,50.29,218.64,99.71,85.09
14.23,32.27,41.5,22.43,23.79,-1.27,1293.73,7.46,7.38,50.29,218.64,99.71,85.09
14.43,32.27,41.5,22.43,23.79,-1.27,1293.73,7.46,7.38,50.29,218.64,99.71,85.09
14.63,32.27,41.5,22.43,23.79,-1.27,1293.16,7.46,7.38,50.22,216.44,99.71,85.04
14.83,32.27,41.5,22.43,23.79,-1.27,1293.16,7.46,7.38,50.22,216.44,99.71,85.04
15.03,32.27,41.5,22.43,23.79,-1.27,1292.58,7.46,7.38,50.15,214.25,99.7,84.99
15.23,32.27,41.5,22.43,23.79,-1.27,1292.58,7.46,7.38,50.15,214.25,99.7,84.99
15.43,32.27,41.5,22.43,23.79,-1.27,1292.58,7.46,7.38,50.15,214.25,99.7,84.99
15.63,32.27,41.5,22.43,23.79,-1.27,1291.66,7.46,7.38,50.04,210.79,99.68,84.91
15.83,32.27,41.5,22.43,23.79,-1.27,1291.66,7.46,7.38,50.04,210.79,99.68,84.91
16.03,32.27,41.49,22.43,23.79,-1.27,1291.31,7.46,7.38,50.0,209.48,99.68,84.88
16.23,32.27,41.49,22.43,23.79,-1.27,1291.31,7.46,7.38,50.0,209.48,99.68,84.88
16.43,32.27,41.49,22.43,23.79,-1.27,1291.31,7.46,7.38,50.0,209.48,99.68,84.88
16.63,32.27,41.49,22.43,23.79,-1.27,1290.31,7.46,7.38,49.91,205.75,99.66,84.82
16.83,32.27,41.49,22.43,23.79,-1.27,1290.31,7.46,7.38,49.91,205.75,99.66,84.82
17.03,32.27,41.49,22.43,23.78,-1.27,1289.95,7.46,7.38,49.88,204.43,99.66,84.8
17.23,32.27,41.49,22.43,23.78,-1.27,1289.95,7.46,7.38,49.88,204.43,99.66,84.8
17.43,32.27,41.49,22.43,23.78,-1.27,1289.95,7.46,7.38,49.88,204.43,99.66,84.8
17.64,32.27,41.49,22.43,23.79,-1.27,1289.19,7.46,7.38,49.83,201.66,99.64,84.76
17.84,32.27,41.49,22.43,23.79,-1.27,1289.19,7.46,7.38,49.83,201.66,99.64,84.76
18.04,32.28,41.5,22.43,23.79,-1.27,1288.54,7.46,7.38,49.76,199.36,99.63,84.71
18.24,32.28,41.5,22.43,23.79,-1.27,1288.54,7.46,7.38,49.76,199.36,99.63,84.71
18.44,32.28,41.5,22.43,23.79,-1.27,1288.54,7.46,7.38,49.76,199.36,99.63,84.71
18.64,32.31,41.52,22.44,23.79,-1.27,1287.83,7.46,7.38,49.66,196.84,99.62,84.63
18.84,32.31,41.52,22.44,23.79,-1.27,1287.83,7.46,7.38,49.66,196.84,99.62,84.63
19.04,32.35,41.55,22.44,23.79,-1.27,1287.44,7.46,7.38,49.61,195.47,99.61,84.6
19.24,32.35,41.55,22.44,23.79,-1.27,1287.44,7.46,7.38,49.61,195.47,99.61,84.6
19.44,32.35,41.55,22.44,23.79,-1.27,1287.44,7.46,7.38,49.61,195.47,99.61,84.6
19.64,32.5,41.66,22.46,23.81,-1.27,1286.74,7.46,7.38,49.54,193.01,99.6,84.55
19.84,32.5,41.66,22.46,23.81,-1.27,1286.74,7.46,7.38,49.54,193.01,99.6,84.55
20.04,32.6,41.74,22.48,23.82,-1.28,1286.24,7.46,7.38,49.49,191.28,99.59,84.51
20.24,32.6,41.74,22.48,23.82,-1.28,1286.24,7.46,7.38,49.49,191.28,99.59,84.51
20.44,32.6,41.74,22.48,23.82,-1.28,1286.24,7.46,7.38,49.49,191.28,99.59,84.51
20.64,32.71,41.84,22.5,23.84,-1.28,1285.69,7.46,7.38,49.43,189.4,99.57,84.46
20.84,32.71,41.84,22.5,23.84,-1.28,1285.69,7.46,7.38,49.43,189.4,99.57,84.46
21.04,32.79,41.92,22.51,23.85,-1.28,1285.13,7.46,7.38,49.38,187.53,99.56,84.42
21.24,32.79,41.92,22.51,23.85,-1.28,1285.13,7.46,7.38,49.38,187.53,99.56,84.42
21.44,32.79,41.92,22.51,23.85,-1.28,1285.13,7.46,7.38,49.38,187.53,99.56,84.42
21.64,32.9,42.04,22.52,23.87,-1.29,1284.19,7.46,7.38,49.32,184.39,99.54,84.38
21.84,32.9,42.04,22.52,23.87,-1.29,1284.19,7.46,7.38,49.32,184.39,99.54,84.38
22.04,32.98,42.13,22.54,23.88,-1.29,1283.39,7.46,7.37,49.26,181.75,99.52,84.33
22.24,32.98,42.13,22.54,23.88,-1.29,1283.39,7.46,7.37,49.26,181.75,99.52,84.33
22.44,32.98,42.13,22.54,23.88,-1.29,1283.39,7.46,7.37,49.26,181.75,99.52,84.33
22.65,33.08,42.24,22.55,23.9,-1.3,1282.34,7.46,7.37,49.15,178.38,99.5,84.26
22.85,33.08,42.24,22.55,23.9,-1.3,1282.34,7.46,7.37,49.15,178.38,99.5,84.26
23.05,33.16,42.32,22.56,23.91,-1.3,1281.72,7.45,7.37,49.08,176.43,99.48,84.2
23.25,33.16,42.32,22.56,23.91,-1.3,1281.72,7.45,7.37,49.08,176.43,99.48,84.2
23.45,33.16,42.32,22.56,23.91,-1.3,1281.72,7.45,7.37,49.08,176.43,99.48,84.2
23.65,33.32,42.44,22.59,23.93,-1.3,1280.86,7.45,7.37,48.96,173.75,99.46,84.11
23.85,33.32,42.44,22.59,23.93,-1.3,1280.86,7.45,7.37,48.96,173.75,99.46,84.11
24.05,33.42,42.53,22.6,23.94,-1.31,1280.2,7.45,7.37,48.87,171.73,99.44,84.04
24.25,33.42,42.53,22.6,23.94,-1.31,1280.2,7.45,7.37,48.87,171.73,99.44,84.04
24.45,33.42,42.53,22.6,23.94,-1.31,1280.2,7.45,7.37,48.87,171.73,99.44,84.04
24.65,33.54,42.67,22.62,23.96,-1.31,1279.05,7.45,7.37,48.71,168.26,99.41,83.92
24.85,33.54,42.67,22.62,23.96,-1.31,1279.05,7.45,7.37,48.71,168.26,99.41,83.92
25.05,33.58,42.7,22.63,23.97,-1.31,1278.81,7.45,7.37,48.68,167.53,99.4,83.9
25.25,33.58,42.7,22.63,23.97,-1.31,1278.81,7.45,7.37,48.68,167.53,99.4,83.9
25.45,33.58,42.7,22.63,23.97,-1.31,1278.81,7.45,7.37,48.68,167.53,99.4,83.9
25.65,33.74,42.83,22.65,23.99,-1.32,1278.18,7.45,7.37,48.65,165.71,99.38,83.87
25.85,33.74,42.83,22.65,23.99,-1.32,1278.18,7.45,7.37,48.65,165.71,99.38,83.87
26.05,33.84,42.92,22.67,24.0,-1.32,1277.74,7.45,7.37,48.61,164.44,99.37,83.84
26.25,33.84,42.92,22.67,24.0,-1.32,1277.74,7.45,7.37,48.61,164.44,99.37,83.84
26.45,33.84,42.92,22.67,24.0,-1.32,1277.74,7.45,7.37,48.61,164.44,99.37,83.84
26.65,33.97,43.05,22.69,24.02,-1.33,1277.13,7.45,7.37,48.54,162.69,99.35,83.79
26.85,33.97,43.05,22.69,24.02,-1.33,1277.13,7.45,7.37,48.54,162.69,99.35,83.79
27.05,34.02,43.1,22.69,24.03,-1.33,1276.78,7.45,7.37,48.52,161.72,99.34,83.77
27.25,34.02,43.1,22.69,24.03,-1.33,1276.78,7.45,7.37,48.52,161.72,99.34,83.77
27.45,34.02,43.1,22.69,24.03,-1.33,1276.78,7.45,7.37,48.52,161.72,99.34,83.77
27.66,34.18,43.25,22.72,24.05,-1.33,1275.6,7.44,7.37,48.46,158.48,99.3,83.72
27.86,34.18,43.25,22.72,24.05,-1.33,1275.6,7.44,7.37,48.46,158.48,99.3,83.72
28.06,34.3,43.36,22.73,24.07,-1.34,1274.84,7.44,7.37,48.4,156.45,99.27,83.67
28.26,34.3,43.36,22.73,24.07,-1.34,1274.84,7.44,7.37,48.4,156.45,99.27,83.67
28.46,34.3,43.36,22.73,24.07,-1.34,1274.84,7.44,7.37,48.4,156.45,99.27,83.67
28.66,34.49,43.54,22.76,24.09,-1.34,1273.84,7.44,7.36,48.27,153.85,99.24,83.57
28.86,34.49,43.54,22.76,24.09,-1.34,1273.84,7.44,7.36,48.27,153.85,99.24,83.57
29.06,34.56,43.61,22.77,24.1,-1.35,1273.37,7.44,7.36,48.21,152.65,99.22,83.53
29.26,34.56,43.61,22.77,24.1,-1.35,1273.37,7.44,7.36,48.21,152.65,99.22,83.53
29.46,34.56,43.61,22.77,24.1,-1.35,1273.37,7.44,7.36,48.21,152.65,99.22,83.53
29.66,34.7,43.76,22.79,24.12,-1.35,1272.36,7.44,7.36,48.1,150.14,99.19,83.44
29.86,34.7,43.76,22.79,24.12,-1.35,1272.36,7.44,7.36,48.1,150.14,99.19,83.44
30.06,34.82,43.87,22.81,24.14,-1.36,1271.55,7.44,7.36,48.02,148.14,99.15,83.37
30.26,34.82,43.87,22.81,24.14,-1.36,1271.55,7.44,7.36,48.02,148.14,99.15,83.37
30.46,34.82,43.87,22.81,24.14,-1.36,1271.55,7.44,7.36,48.02,148.14,99.15,83.37
30.66,34.93,43.97,22.83,24.16,-1.36,1270.84,7.44,7.36,47.95,146.41,99.13,83.32
30.86,34.93,43.97,22.83,24.16,-1.36,1270.84,7.44,7.36,47.95,146.41,99.13,83.32
31.06,35.02,44.05,22.84,24.17,-1.36,1270.27,7.44,7.36,47.9,145.06,99.1,83.27
31.26,35.02,44.05,22.84,24.17,-1.36,1270.27,7.44,7.36,47.9,145.06,99.1,83.27
31.46,35.02,44.05,22.84,24.17,-1.36,1270.27,7.44,7.36,47.9,145.06,99.1,83.27
31.66,35.18,44.2,22.87,24.19,-1.37,1269.25,7.43,7.36,47.81,142.73,99.06,83.2
31.86,35.18,44.2,22.87,24.19,-1.37,1269.25,7.43,7.36,47.81,142.73,99.06,83.2
32.06,35.33,44.36,22.89,24.21,-1.37,1268.25,7.43,7.36,47.71,140.5,99.02,83.12
32.26,35.33,44.36,22.89,24.21,-1.37,1268.25,7.43,7.36,47.71,140.5,99.02,83.12
32.46,35.33,44.36,22.89,24.21,-1.37,1268.25,7.43,7.36,47.71,140.5,99.02,83.12
32.67,35.51,44.53,22.92,24.24,-1.38,1267.21,7.43,7.36,47.6,138.27,98.98,83.03
32.87,35.51,44.53,22.92,24.24,-1.38,1267.21,7.43,7.36,47.6,138.27,98.98,83.03
33.07,35.6,44.61,22.93,24.25,-1.38,1266.69,7.43,7.36,47.55,137.17,98.95,82.99
33.27,35.6,44.61,22.93,24.25,-1.38,1266.69,7.43,7.36,47.55,137.17,98.95,82.99
33.47,35.6,44.61,22.93,24.25,-1.38,1266.69,7.43,7.36,47.55,137.17,98.95,82.99
33.67,35.8,44.8,22.96,24.28,-1.38,1265.62,7.43,7.36,47.47,134.99,98.91,82.92
33.87,35.8,44.8,22.96,24.28,-1.38,1265.62,7.43,7.36,47.47,134.99,98.91,82.92
34.07,35.89,44.89,22.97,24.29,-1.39,1265.08,7.43,7.35,47.42,133.91,98.88,82.88
34.27,35.89,44.89,22.97,24.29,-1.39,1265.08,7.43,7.35,47.42,133.91,98.88,82.88
34.47,35.89,44.89,22.97,24.29,-1.39,1265.08,7.43,7.35,47.42,133.91,98.88,82.88
34.67,36.06,45.06,23.0,24.32,-1.39,1263.99,7.43,7.35,47.32,131.78,98.83,82.79
34.87,36.06,45.06,23.0,24.32,-1.39,1263.99,7.43,7.35,47.32,131.78,98.83,82.79
35.07,36.18,45.17,23.02,24.34,-1.39,1263.28,7.43,7.35,47.25,130.43,98.8,82.74
35.27,36.18,45.17,23.02,24.34,-1.39,1263.28,7.43,7.35,47.25,130.43,98.8,82.74
35.47,36.18,45.17,23.02,24.34,-1.39,1263.28,7.43,7.35,47.25,130.43,98.8,82.74
35.67,36.36,45.35,23.04,24.36,-1.4,1262.25,7.42,7.35,47.16,128.55,98.75,82.66
35.87,36.36,45.35,23.04,24.36,-1.4,1262.25,7.42,7.35,47.16,128.55,98.75,82.66
36.07,36.45,45.44,23.06,24.38,-1.4,1261.74,7.42,7.35,47.11,127.63,98.72,82.62
36.27,36.45,45.44,23.06,24.38,-1.4,1261.74,7.42,7.35,47.11,127.63,98.72,82.62
36.47,36.45,45.44,23.06,24.38,-1.4,1261.74,7.42,7.35,47.11,127.63,98.72,82.62
36.67,36.61,45.59,23.08,24.4,-1.4,1260.8,7.42,7.35,47.01,125.98,98.68,82.53
36.87,36.61,45.59,23.08,24.4,-1.4,1260.8,7.42,7.35,47.01,125.98,98.68,82.53
37.07,36.77,45.77,23.11,24.43,-1.41,1259.6,7.42,7.35,46.89,123.95,98.61,82.42
37.27,36.77,45.77,23.11,24.43,-1.41,1259.6,7.42,7.35,46.89,123.95,98.61,82.42
37.47,36.77,45.77,23.11,24.43,-1.41,1259.6,7.42,7.35,46.89,123.95,98.61,82.42
37.68,36.96,45.99,23.13,24.46,-1.41,1258.04,7.42,7.35,46.72,121.38,98.53,82.28
37.88,36.96,45.99,23.13,24.46,-1.41,1258.04,7.42,7.35,46.72,121.38,98.53,82.28
38.08,37.0,46.03,23.14,24.47,-1.41,1257.76,7.42,7.35,46.7,120.94,98.52,82.26
38.28,37.0,46.03,23.14,24.47,-1.41,1257.76,7.42,7.35,46.7,120.94,98.52,82.26
38.48,37.0,46.03,23.14,24.47,-1.41,1257.76,7.42,7.35,46.7,120.94,98.52,82.26
38.68,37.27,46.26,23.18,24.5,-1.42,1256.2,7.42,7.35,46.59,118.57,98.44,82.17
38.88,37.27,46.26,23.18,24.5,-1.42,1256.2,7.42,7.35,46.59,118.57,98.44,82.17
39.08,37.39,46.38,23.2,24.52,-1.42,1255.46,7.41,7.34,46.53,117.48,98.4,82.12
39.28,37.39,46.38,23.2,24.52,-1.42,1255.46,7.41,7.34,46.53,117.48,98.4,82.12
39.48,37.39,46.38,23.2,24.52,-1.42,1255.46,7.41,7.34,46.53,117.48,98.4,82.12
39.68,37.53,46.54,23.22,24.54,-1.43,1254.37,7.41,7.34,46.43,115.92,98.34,82.02
39.88,37.53,46.54,23.22,24.54,-1.43,1254.37,7.41,7.34,46.43,115.92,98.34,82.02
40.08,37.58,46.6,23.23,24.55,-1.43,1253.66,7.41,7.34,46.37,114.92,98.3,81.97
40.28,37.58,46.6,23.23,24.55,-1.43,1253.66,7.41,7.34,46.37,114.92,98.3,81.97
40.48,37.58,46.6,23.23,24.55,-1.43,1253.66,7.41,7.34,46.37,114.92,98.3,81.97
40.68,37.58,46.61,23.23,24.55,-1.43,1252.65,7.41,7.34,46.3,113.57,98.24,81.91
40.88,37.58,46.61,23.23,24.55,-1.43,1252.65,7.41,7.34,46.3,113.57,98.24,81.91
41.08,37.6,46.61,23.23,24.55,-1.43,1251.94,7.41,7.34,46.24,112.63,98.2,81.85
41.28,37.6,46.61,23.23,24.55,-1.43,1251.94,7.41,7.34,46.24,112.63,98.2,81.85
41.48,37.6,46.61,23.23,24.55,-1.43,1251.94,7.41,7.34,46.24,112.63,98.2,81.85
41.68,37.62,46.6,23.23,24.55,-1.43,1250.83,7.41,7.34,46.13,111.21,98.13,81.75
41.88,37.62,46.6,23.23,24.55,-1.43,1250.83,7.41,7.34,46.13,111.21,98.13,81.75
42.08,37.63,46.6,23.23,24.55,-1.43,1250.18,7.41,7.34,46.08,110.39,98.1,81.71
42.28,37.63,46.6,23.23,24.55,-1.43,1250.18,7.41,7.34,46.08,110.39,98.1,81.71
42.48,37.63,46.6,23.23,24.55,-1.43,1250.18,7.41,7.34,46.08,110.39,98.1,81.71
42.69,37.6,46.6,23.23,24.55,-1.43,1248.86,7.41,7.34,46.0,108.79,98.02,81.63
42.89,37.6,46.6,23.23,24.55,-1.43,1248.86,7.41,7.34,46.0,108.79,98.02,81.63
43.09,37.61,46.61,23.23,24.55,-1.43,1248.37,7.41,7.34,45.96,108.21,97.99,81.6
43.29,37.61,46.61,23.23,24.55,-1.43,1248.37,7.41,7.34,45.96,108.21,97.99,81.6
43.49,37.61,46.61,23.23,24.55,-1.43,1248.37,7.41,7.34,45.96,108.21,97.99,81.6
43.69,37.66,46.64,23.24,24.56,-1.43,1247.29,7.41,7.34,45.86,106.98,97.93,81.5
43.89,37.66,46.64,23.24,24.56,-1.43,1247.29,7.41,7.34,45.86,106.98,97.93,81.5
44.09,37.71,46.67,23.25,24.56,-1.43,1246.58,7.41,7.34,45.8,106.2,97.88,81.45
44.29,37.71,46.67,23.25,24.56,-1.43,1246.58,7.41,7.34,45.8,106.2,97.88,81.45
44.49,37.71,46.67,23.25,24.56,-1.43,1246.58,7.41,7.34,45.8,106.2,97.88,81.45
44.69,37.79,46.74,23.26,24.57,-1.43,1245.73,7.41,7.34,45.74,105.26,97.83,81.4
44.89,37.79,46.74,23.26,24.57,-1.43,1245.73,7.41,7.34,45.74,105.26,97.83,81.4
45.09,37.9,46.84,23.28,24.59,-1.43,1244.68,7.41,7.34,45.65,104.16,97.77,81.31
45.29,37.9,46.84,23.28,24.59,-1.43,1244.68,7.41,7.34,45.65,104.16,97.77,81.31
45.49,37.9,46.84,23.28,24.59,-1.43,1244.68,7.41,7.34,45.65,104.16,97.77,81.31
45.69,38.08,47.0,23.3,24.61,-1.43,1243.12,7.41,7.34,45.51,102.56,97.67,81.18
45.89,38.08,47.0,23.3,24.61,-1.43,1243.12,7.41,7.34,45.51,102.56,97.67,81.18
46.09,38.16,47.08,23.31,24.62,-1.44,1242.5,7.41,7.34,45.46,101.92,97.63,81.13
46.29,38.16,47.08,23.31,24.62,-1.44,1242.5,7.41,7.34,45.46,101.92,97.63,81.13
46.49,38.16,47.08,23.31,24.62,-1.44,1242.5,7.41,7.34,45.46,101.92,97.63,81.13
46.69,38.34,47.26,23.34,24.65,-1.44,1241.25,7.41,7.34,45.33,100.69,97.55,81.01
46.89,38.34,47.26,23.34,24.65,-1.44,1241.25,7.41,7.34,45.33,100.69,97.55,81.01
47.09,38.41,47.33,23.35,24.66,-1.44,1240.78,7.41,7.34,45.29,100.24,97.52,80.98
47.29,38.41,47.33,23.35,24.66,-1.44,1240.78,7.41,7.34,45.29,100.24,97.52,80.98
47.49,38.41,47.33,23.35,24.66,-1.44,1240.78,7.41,7.34,45.29,100.24,97.52,80.98
47.7,38.61,47.53,23.38,24.69,-1.44,1239.62,7.4,7.34,45.23,99.15,97.45,80.92
47.9,38.61,47.53,23.38,24.69,-1.44,1239.62,7.4,7.34,45.23,99.15,97.45,80.92
48.1,38.7,47.62,23.4,24.7,-1.45,1239.04,7.4,7.34,45.19,98.63,97.41,80.87
48.3,38.7,47.62,23.4,24.7,-1.45,1239.04,7.4,7.34,45.19,98.63,97.41,80.87
48.5,38.7,47.62,23.4,24.7,-1.45,1239.04,7.4,7.34,45.19,98.63,97.41,80.87
48.7,38.88,47.79,23.42,24.73,-1.45,1237.83,7.4,7.34,45.08,97.56,97.33,80.77
48.9,38.88,47.79,23.42,24.73,-1.45,1237.83,7.4,7.34,45.08,97.56,97.33,80.77
49.1,39.08,47.99,23.45,24.76,-1.45,1236.56,7.4,7.33,44.97,96.49,97.25,80.67
49.3,39.08,47.99,23.45,24.76,-1.45,1236.56,7.4,7.33,44.97,96.49,97.25,80.67
49.5,39.08,47.99,23.45,24.76,-1.45,1236.56,7.4,7.33,44.97,96.49,97.25,80.67
49.7,39.41,48.31,23.5,24.81,-1.46,1234.53,7.4,7.33,44.81,94.85,97.12,80.51
49.9,39.41,48.31,23.5,24.81,-1.46,1234.53,7.4,7.33,44.81,94.85,97.12,80.51
50.1,39.67,48.56,23.54,24.85,-1.46,1233.33,7.39,7.33,44.71,93.89,97.04,80.41
50.3,39.67,48.56,23.54,24.85,-1.46,1233.33,7.39,7.33,44.71,93.89,97.04,80.41
50.5,40.23,49.14,23.62,24.93,-1.47,1231.2,7.39,7.33,44.5,92.26,96.89,80.21
50.7,40.23,49.14,23.62,24.93,-1.47,1231.2,7.39,7.33,44.5,92.26,96.89,80.21
50.9,40.23,49.14,23.62,24.93,-1.47,1231.2,7.39,7.33,44.5,92.26,96.89,80.21
51.1,40.34,49.24,23.64,24.95,-1.47,1230.73,7.39,7.33,44.47,91.91,96.86,80.17
51.3,40.34,49.24,23.64,24.95,-1.47,1230.73,7.39,7.33,44.47,91.91,96.86,80.17
51.5,40.62,49.49,23.68,24.98,-1.47,1229.45,7.39,7.32,44.38,90.99,96.77,80.09
51.7,40.62,49.49,23.68,24.98,-1.47,1229.45,7.39,7.32,44.38,90.99,96.77,80.09
51.9,40.62,49.49,23.68,24.98,-1.47,1229.45,7.39,7.32,44.38,90.99,96.77,80.09
52.1,40.88,49.74,23.72,25.02,-1.47,1228.19,7.39,7.32,44.31,90.11,96.69,80.01
52.3,40.88,49.74,23.72,25.02,-1.47,1228.19,7.39,7.32,44.31,90.11,96.69,80.01
52.51,41.06,49.91,23.75,25.05,-1.47,1227.3,7.38,7.32,44.26,89.52,96.63,79.96
52.71,41.06,49.91,23.75,25.05,-1.47,1227.3,7.38,7.32,44.26,89.52,96.63,79.96
52.91,41.06,49.91,23.75,25.05,-1.47,1227.3,7.38,7.32,44.26,89.52,96.63,79.96
53.11,41.17,50.01,23.77,25.06,-1.48,1226.74,7.38,7.32,44.21,89.14,96.59,79.91
53.31,41.17,50.01,23.77,25.06,-1.48,1226.74,7.38,7.32,44.21,89.14,96.59,79.91
53.51,41.38,50.22,23.8,25.09,-1.48,1225.6,7.38,7.32,44.09,88.4,96.51,79.79
53.71,41.38,50.22,23.8,25.09,-1.48,1225.6,7.38,7.32,44.09,88.4,96.51,79.79
53.91,41.38,50.22,23.8,25.09,-1.48,1225.6,7.38,7.32,44.09,88.4,96.51,79.79
54.11,41.49,50.33,23.81,25.11,-1.48,1224.89,7.38,7.32,44.03,87.94,96.46,79.73
54.31,41.49,50.33,23.81,25.11,-1.48,1224.89,7.38,7.32,44.03,87.94,96.46,79.73
54.51,41.67,50.5,23.84,25.14,-1.48,1223.65,7.38,7.32,43.96,87.18,96.38,79.65
54.71,41.67,50.5,23.84,25.14,-1.48,1223.65,7.38,7.32,43.96,87.18,96.38,79.65
54.91,41.67,50.5,23.84,25.14,-1.48,1223.65,7.38,7.32,43.96,87.18,96.38,79.65
55.11,41.83,50.67,23.86,25.16,-1.48,1222.49,7.38,7.32,43.88,86.46,96.3,79.57
55.31,41.83,50.67,23.86,25.16,-1.48,1222.49,7.38,7.32,43.88,86.46,96.3,79.57
55.51,41.97,50.8,23.89,25.18,-1.48,1221.48,7.38,7.32,43.8,85.84,96.22,79.48
55.71,41.97,50.8,23.89,25.18,-1.48,1221.48,7.38,7.32,43.8,85.84,96.22,79.48
55.91,41.97,50.8,23.89,25.18,-1.48,1221.48,7.38,7.32,43.8,85.84,96.22,79.48
56.11,42.13,50.95,23.91,25.2,-1.48,1220.43,7.38,7.32,43.71,85.22,96.15,79.39
56.31,42.13,50.95,23.91,25.2,-1.48,1220.43,7.38,7.32,43.71,85.22,96.15,79.39
56.51,42.29,51.11,23.93,25.23,-1.48,1219.3,7.37,7.31,43.6,84.6,96.07,79.28
56.71,42.29,51.11,23.93,25.23,-1.48,1219.3,7.37,7.31,43.6,84.6,96.07,79.28
56.91,42.29,51.11,23.93,25.23,-1.48,1219.3,7.37,7.31,43.6,84.6,96.07,79.28
57.11,42.44,51.26,23.96,25.25,-1.48,1218.37,7.37,7.31,43.53,84.09,96.01,79.2
57.31,42.44,51.26,23.96,25.25,-1.48,1218.37,7.37,7.31,43.53,84.09,96.01,79.2
57.52,42.77,51.57,24.01,25.3,-1.48,1216.46,7.37,7.31,43.39,83.06,95.87,79.05
57.72,42.77,51.57,24.01,25.3,-1.48,1216.46,7.37,7.31,43.39,83.06,95.87,79.05
57.92,42.77,51.57,24.01,25.3,-1.48,1216.46,7.37,7.31,43.39,83.06,95.87,79.05
58.12,42.89,51.69,24.02,25.31,-1.48,1215.62,7.37,7.31,43.33,82.62,95.82,78.99
58.32,42.89,51.69,24.02,25.31,-1.48,1215.62,7.37,7.31,43.33,82.62,95.82,78.99
58.52,43.06,51.86,24.05,25.34,-1.48,1214.12,7.37,7.31,43.23,81.87,95.71,78.88
58.72,43.06,51.86,24.05,25.34,-1.48,1214.12,7.37,7.31,43.23,81.87,95.71,78.88
58.92,43.06,51.86,24.05,25.34,-1.48,1214.12,7.37,7.31,43.23,81.87,95.71,78.88
59.12,43.22,52.0,24.07,25.36,-1.49,1212.76,7.37,7.31,43.14,81.21,95.61,78.78
59.32,43.22,52.0,24.07,25.36,-1.49,1212.76,7.37,7.31,43.14,81.21,95.61,78.78
59.52,43.46,52.25,24.11,25.4,-1.49,1210.59,7.37,7.31,43.0,80.15,95.46,78.63
59.72,43.46,52.25,24.11,25.4,-1.49,1210.59,7.37,7.31,43.0,80.15,95.46,78.63
59.92,43.46,52.25,24.11,25.4,-1.49,1210.59,7.37,7.31,43.0,80.15,95.46,78.63
60.12,43.72,52.5,24.15,25.44,-1.49,1208.51,7.36,7.31,42.85,79.18,95.31,78.47
60.32,43.72,52.5,24.15,25.44,-1.49,1208.51,7.36,7.31,42.85,79.18,95.31,78.47
60.52,43.95,52.72,24.18,25.47,-1.49,1206.96,7.36,7.31,42.72,78.48,95.2,78.33
60.72,43.95,52.72,24.18,25.47,-1.49,1206.96,7.36,7.31,42.72,78.48,95.2,78.33
60.92,43.95,52.72,24.18,25.47,-1.49,1206.96,7.36,7.31,42.72,78.48,95.2,78.33
61.12,44.17,52.94,24.21,25.5,-1.49,1205.63,7.36,7.3,42.61,77.89,95.1,78.21
61.32,44.17,52.94,24.21,25.5,-1.49,1205.63,7.36,7.3,42.61,77.89,95.1,78.21
61.52,44.57,53.33,24.27,25.56,-1.48,1203.5,7.36,7.3,42.45,76.98,94.95,78.02
61.72,44.57,53.33,24.27,25.56,-1.48,1203.5,7.36,7.3,42.45,76.98,94.95,78.02
61.92,44.57,53.33,24.27,25.56,-1.48,1203.5,7.36,7.3,42.45,76.98,94.95,78.02
62.12,44.68,53.44,24.29,25.58,-1.48,1202.88,7.36,7.3,42.41,76.72,94.9,77.98
62.32,44.68,53.44,24.29,25.58,-1.48,1202.88,7.36,7.3,42.41,76.72,94.9,77.98
62.53,45.0,53.76,24.34,25.62,-1.48,1200.99,7.35,7.3,42.32,75.97,94.77,77.87
62.73,45.0,53.76,24.34,25.62,-1.48,1200.99,7.35,7.3,42.32,75.97,94.77,77.87
62.93,45.0,53.76,24.34,25.62,-1.48,1200.99,7.35,7.3,42.32,75.97,94.77,77.87
63.13,45.19,53.94,24.37,25.65,-1.48,1199.94,7.35,7.3,42.25,75.55,94.69,77.8
63.33,45.19,53.94,24.37,25.65,-1.48,1199.94,7.35,7.3,42.25,75.55,94.69,77.8
63.53,45.58,54.33,24.43,25.71,-1.48,1197.77,7.35,7.3,42.11,74.68,94.52,77.63
63.73,45.58,54.33,24.43,25.71,-1.48,1197.77,7.35,7.3,42.11,74.68,94.52,77.63
63.93,45.58,54.33,24.43,25.71,-1.48,1197.77,7.35,7.3,42.11,74.68,94.52,77.63
64.13,45.79,54.53,24.46,25.74,-1.48,1196.73,7.35,7.3,42.02,74.28,94.44,77.53
64.33,45.79,54.53,24.46,25.74,-1.48,1196.73,7.35,7.3,42.02,74.28,94.44,77.53
64.53,46.2,54.93,24.52,25.8,-1.48,1194.86,7.35,7.29,41.86,73.6,94.31,77.35
64.73,46.2,54.93,24.52,25.8,-1.48,1194.86,7.35,7.29,41.86,73.6,94.31,77.35
64.93,46.2,54.93,24.52,25.8,-1.48,1194.86,7.35,7.29,41.86,73.6,94.31,77.35
65.13,46.38,55.11,24.55,25.83,-1.48,1194.03,7.35,7.29,41.81,73.31,94.25,77.28
65.33,46.38,55.11,24.55,25.83,-1.48,1194.03,7.35,7.29,41.81,73.31,94.25,77.28
65.53,46.79,55.51,24.61,25.89,-1.47,1192.4,7.34,7.29,41.73,72.75,94.13,77.19
65.73,46.79,55.51,24.61,25.89,-1.47,1192.4,7.34,7.29,41.73,72.75,94.13,77.19
65.93,46.79,55.51,24.61,25.89,-1.47,1192.4,7.34,7.29,41.73,72.75,94.13,77.19
66.13,47.26,55.97,24.68,25.96,-1.47,1190.69,7.34,7.29,41.62,72.17,94.01,77.06
66.33,47.26,55.97,24.68,25.96,-1.47,1190.69,7.34,7.29,41.62,72.17,94.01,77.06
66.53,47.82,56.52,24.76,26.04,-1.46,1188.85,7.34,7.28,41.5,71.56,93.87,76.91
66.73,47.82,56.52,24.76,26.04,-1.46,1188.85,7.34,7.28,41.5,71.56,93.87,76.91
66.93,47.82,56.52,24.76,26.04,-1.46,1188.85,7.34,7.28,41.5,71.56,93.87,76.91
67.13,48.1,56.8,24.8,26.08,-1.46,1187.78,7.33,7.28,41.42,71.2,93.79,76.82
67.33,48.1,56.8,24.8,26.08,-1.46,1187.78,7.33,7.28,41.42,71.2,93.79,76.82
67.54,48.41,57.13,24.85,26.13,-1.46,1186.1,7.33,7.28,41.29,70.65,93.66,76.67
67.74,48.41,57.13,24.85,26.13,-1.46,1186.1,7.33,7.28,41.29,70.65,93.66,76.67
67.94,48.41,57.13,24.85,26.13,-1.46,1186.1,7.33,7.28,41.29,70.65,93.66,76.67
68.14,48.49,57.21,24.86,26.14,-1.45,1185.7,7.33,7.28,41.26,70.52,93.63,76.63
68.34,48.49,57.21,24.86,26.14,-1.45,1185.7,7.33,7.28,41.26,70.52,93.63,76.63
68.54,49.02,57.71,24.94,26.22,-1.45,1182.87,7.33,7.28,41.07,69.64,93.42,76.39
68.74,49.02,57.71,24.94,26.22,-1.45,1182.87,7.33,7.28,41.07,69.64,93.42,76.39
68.94,49.02,57.71,24.94,26.22,-1.45,1182.87,7.33,7.28,41.07,69.64,93.42,76.39
69.14,49.22,57.9,24.97,26.25,-1.44,1181.78,7.33,7.28,41.0,69.32,93.34,76.31
69.34,49.22,57.9,24.97,26.25,-1.44,1181.78,7.33,7.28,41.0,69.32,93.34,76.31
69.54,49.61,58.27,25.03,26.3,-1.44,1179.66,7.32,7.28,40.88,68.73,93.18,76.16
69.74,49.61,58.27,25.03,26.3,-1.44,1179.66,7.32,7.28,40.88,68.73,93.18,76.16
69.94,49.61,58.27,25.03,26.3,-1.44,1179.66,7.32,7.28,40.88,68.73,93.18,76.16
70.14,50.1,58.75,25.1,26.37,-1.43,1177.19,7.32,7.27,40.73,68.03,93.0,75.97
70.34,50.1,58.75,25.1,26.37,-1.43,1177.19,7.32,7.27,40.73,68.03,93.0,75.97
70.54,50.52,59.17,25.17,26.44,-1.42,1175.2,7.32,7.27,40.59,67.47,92.85,75.8
70.74,50.52,59.17,25.17,26.44,-1.42,1175.2,7.32,7.27,40.59,67.47,92.85,75.8
70.94,50.52,59.17,25.17,26.44,-1.42,1175.2,7.32,7.27,40.59,67.47,92.85,75.8
71.14,50.87,59.51,25.22,26.49,-1.42,1173.82,7.32,7.27,40.5,67.08,92.74,75.68
71.34,50.87,59.51,25.22,26.49,-1.42,1173.82,7.32,7.27,40.5,67.08,92.74,75.68
71.54,51.41,60.04,25.3,26.57,-1.41,1172.05,7.31,7.27,40.38,66.6,92.61,75.52
71.74,51.41,60.04,25.3,26.57,-1.41,1172.05,7.31,7.27,40.38,66.6,92.61,75.52
71.94,51.41,60.04,25.3,26.57,-1.41,1172.05,7.31,7.27,40.38,66.6,92.61,75.52
72.14,51.75,60.38,25.35,26.62,-1.4,1170.94,7.31,7.27,40.3,66.32,92.52,75.43
72.34,51.75,60.38,25.35,26.62,-1.4,1170.94,7.31,7.27,40.3,66.32,92.52,75.43
72.55,52.36,60.99,25.44,26.71,-1.39,1169.12,7.31,7.26,40.19,65.9,92.4,75.28
72.75,52.36,60.99,25.44,26.71,-1.39,1169.12,7.31,7.26,40.19,65.9,92.4,75.28
72.95,52.36,60.99,25.44,26.71,-1.39,1169.12,7.31,7.26,40.19,65.9,92.4,75.28
73.15,52.73,61.36,25.5,26.77,-1.38,1167.84,7.31,7.26,40.11,65.59,92.31,75.18
73.35,52.73,61.36,25.5,26.77,-1.38,1167.84,7.31,7.26,40.11,65.59,92.31,75.18
73.55,53.31,61.94,25.59,26.85,-1.37,1165.58,7.3,7.26,39.98,65.04,92.14,75.01
73.75,53.31,61.94,25.59,26.85,-1.37,1165.58,7.3,7.26,39.98,65.04,92.14,75.01
73.95,53.31,61.94,25.59,26.85,-1.37,1165.58,7.3,7.26,39.98,65.04,92.14,75.01
74.15,53.77,62.39,25.66,26.92,-1.35,1163.68,7.3,7.26,39.87,64.57,91.99,74.87
74.35,53.77,62.39,25.66,26.92,-1.35,1163.68,7.3,7.26,39.87,64.57,91.99,74.87
74.55,54.5,63.1,25.77,27.03,-1.34,1160.42,7.3,7.25,39.68,63.77,91.73,74.61
74.75,54.5,63.1,25.77,27.03,-1.34,1160.42,7.3,7.25,39.68,63.77,91.73,74.61
74.95,54.5,63.1,25.77,27.03,-1.34,1160.42,7.3,7.25,39.68,63.77,91.73,74.61
75.15,54.83,63.41,25.81,27.07,-1.33,1159.05,7.29,7.25,39.6,63.44,91.62,74.5
75.35,54.83,63.41,25.81,27.07,-1.33,1159.05,7.29,7.25,39.6,63.44,91.62,74.5
75.55,55.38,63.95,25.9,27.15,-1.31,1157.03,7.29,7.25,39.5,62.99,91.46,74.36
75.75,55.38,63.95,25.9,27.15,-1.31,1157.03,7.29,7.25,39.5,62.99,91.46,74.36
75.95,55.38,63.95,25.9,27.15,-1.31,1157.03,7.29,7.25,39.5,62.99,91.46,74.36
76.15,55.89,64.45,25.97,27.23,-1.3,1155.24,7.29,7.25,39.41,62.6,91.33,74.24
76.35,55.89,64.45,25.97,27.23,-1.3,1155.24,7.29,7.25,39.41,62.6,91.33,74.24
76.55,56.59,65.14,26.08,27.33,-1.28,1152.88,7.29,7.24,39.29,62.11,91.15,74.09
76.75,56.59,65.14,26.08,27.33,-1.28,1152.88,7.29,7.24,39.29,62.11,91.15,74.09
76.95,56.59,65.14,26.08,27.33,-1.28,1152.88,7.29,7.24,39.29,62.11,91.15,74.09
77.15,57.17,65.7,26.16,27.42,-1.26,1151.21,7.28,7.24,39.21,61.77,91.03,73.97
77.35,57.17,65.7,26.16,27.42,-1.26,1151.21,7.28,7.24,39.21,61.77,91.03,73.97
77.56,57.94,66.45,26.28,27.53,-1.24,1149.35,7.28,7.24,39.09,61.42,90.9,73.81
77.76,57.94,66.45,26.28,27.53,-1.24,1149.35,7.28,7.24,39.09,61.42,90.9,73.81
77.96,57.94,66.45,26.28,27.53,-1.24,1149.35,7.28,7.24,39.09,61.42,90.9,73.81
78.16,58.43,66.93,26.35,27.6,-1.22,1147.81,7.28,7.24,39.0,61.12,90.78,73.69
78.36,58.43,66.93,26.35,27.6,-1.22,1147.81,7.28,7.24,39.0,61.12,90.78,73.69
78.56,59.25,67.76,26.48,27.72,-1.19,1144.6,7.27,7.23,38.81,60.48,90.53,73.41
78.76,59.25,67.76,26.48,27.72,-1.19,1144.6,7.27,7.23,38.81,60.48,90.53,73.41
78.96,59.25,67.76,26.48,27.72,-1.19,1144.6,7.27,7.23,38.81,60.48,90.53,73.41
79.16,59.63,68.14,26.53,27.78,-1.18,1143.2,7.27,7.23,38.72,60.21,90.42,73.29
79.36,59.63,68.14,26.53,27.78,-1.18,1143.2,7.27,7.23,38.72,60.21,90.42,73.29
79.56,60.39,68.89,26.65,27.89,-1.15,1140.77,7.27,7.23,38.57,59.75,90.24,73.08
79.76,60.39,68.89,26.65,27.89,-1.15,1140.77,7.27,7.23,38.57,59.75,90.24,73.08
79.96,60.39,68.89,26.65,27.89,-1.15,1140.77,7.27,7.23,38.57,59.75,90.24,73.08
80.16,61.08,69.57,26.75,28.0,-1.12,1138.78,7.26,7.23,38.46,59.39,90.09,72.91
80.36,61.08,69.57,26.75,28.0,-1.12,1138.78,7.26,7.23,38.46,59.39,90.09,72.91
80.56,61.85,70.33,26.87,28.11,-1.09,1136.8,7.26,7.22,38.35,59.04,89.94,72.76
80.76,61.85,70.33,26.87,28.11,-1.09,1136.8,7.26,7.22,38.35,59.04,89.94,72.76
80.96,61.85,70.33,26.87,28.11,-1.09,1136.8,7.26,7.22,38.35,59.04,89.94,72.76
81.16,62.54,71.02,26.97,28.21,-1.07,1134.99,7.26,7.22,38.25,58.72,89.8,72.61
81.36,62.54,71.02,26.97,28.21,-1.07,1134.99,7.26,7.22,38.25,58.72,89.8,72.61
81.56,64.09,72.56,27.2,28.45,-1.0,1130.83,7.25,7.21,38.01,58.0,89.48,72.26
81.76,64.09,72.56,27.2,28.45,-1.0,1130.83,7.25,7.21,38.01,58.0,89.48,72.26
81.96,64.09,72.56,27.2,28.45,-1.0,1130.83,7.25,7.21,38.01,58.0,89.48,72.26
82.16,64.67,73.13,27.29,28.53,-0.98,1129.28,7.25,7.21,37.93,57.74,89.36,72.15
82.36,64.67,73.13,27.29,28.53,-0.98,1129.28,7.25,7.21,37.93,57.74,89.36,72.15
82.57,65.74,74.18,27.45,28.69,-0.93,1126.43,7.24,7.21,37.81,57.27,89.14,71.97
82.77,65.74,74.18,27.45,28.69,-0.93,1126.43,7.24,7.21,37.81,57.27,89.14,71.97
82.97,65.74,74.18,27.45,28.69,-0.93,1126.43,7.24,7.21,37.81,57.27,89.14,71.97
83.17,66.52,74.95,27.57,28.8,-0.89,1124.46,7.24,7.21,37.71,56.96,88.99,71.82
83.37,66.52,74.95,27.57,28.8,-0.89,1124.46,7.24,7.21,37.71,56.96,88.99,71.82
83.57,67.57,75.98,27.72,28.96,-0.84,1122.01,7.23,7.2,37.56,56.58,88.81,71.6
83.77,67.57,75.98,27.72,28.96,-0.84,1122.01,7.23,7.2,37.56,56.58,88.81,71.6
83.97,67.57,75.98,27.72,28.96,-0.84,1122.01,7.23,7.2,37.56,56.58,88.81,71.6
84.17,68.49,76.9,27.86,29.1,-0.8,1119.68,7.23,7.2,37.43,56.22,88.63,71.4
84.37,68.49,76.9,27.86,29.1,-0.8,1119.68,7.23,7.2,37.43,56.22,88.63,71.4
84.57,69.65,78.04,28.04,29.27,-0.74,1116.61,7.23,7.2,37.27,55.75,88.39,71.15
84.77,69.65,78.04,28.04,29.27,-0.74,1116.61,7.23,7.2,37.27,55.75,88.39,71.15
84.97,69.65,78.04,28.04,29.27,-0.74,1116.61,7.23,7.2,37.27,55.75,88.39,71.15
85.17,70.36,78.74,28.14,29.37,-0.71,1115.06,7.22,7.19,37.19,55.52,88.27,71.03
85.37,70.36,78.74,28.14,29.37,-0.71,1115.06,7.22,7.19,37.19,55.52,88.27,71.03
85.57,71.73,80.1,28.35,29.58,-0.63,1112.54,7.22,7.19,37.07,55.15,88.07,70.84
85.77,71.73,80.1,28.35,29.58,-0.63,1112.54,7.22,7.19,37.07,55.15,88.07,70.84
85.97,71.73,80.1,28.35,29.58,-0.63,1112.54,7.22,7.19,37.07,55.15,88.07,70.84
86.17,73.12,81.48,28.56,29.78,-0.56,1109.92,7.21,7.18,36.96,54.76,87.86,70.66
86.37,73.12,81.48,28.56,29.78,-0.56,1109.92,7.21,7.18,36.96,54.76,87.86,70.66
86.57,74.52,82.86,28.77,29.99,-0.48,1107.2,7.21,7.18,36.84,54.35,87.64,70.48
86.77,74.52,82.86,28.77,29.99,-0.48,1107.2,7.21,7.18,36.84,54.35,87.64,70.48
86.97,74.52,82.86,28.77,29.99,-0.48,1107.2,7.21,7.18,36.84,54.35,87.64,70.48
87.17,75.39,83.73,28.9,30.12,-0.43,1105.53,7.21,7.18,36.77,54.12,87.51,70.36
87.37,75.39,83.73,28.9,30.12,-0.43,1105.53,7.21,7.18,36.77,54.12,87.51,70.36
87.58,77.12,85.44,29.16,30.38,-0.33,1102.3,7.2,7.17,36.6,53.7,87.27,70.09
87.78,77.12,85.44,29.16,30.38,-0.33,1102.3,7.2,7.17,36.6,53.7,87.27,70.09
87.98,77.12,85.44,29.16,30.38,-0.33,1102.3,7.2,7.17,36.6,53.7,87.27,70.09
88.18,78.66,86.96,29.39,30.6,-0.24,1099.56,7.19,7.17,36.46,53.34,87.05,69.86
88.38,78.66,86.96,29.39,30.6,-0.24,1099.56,7.19,7.17,36.46,53.34,87.05,69.86
88.58,80.31,88.59,29.64,30.85,-0.14,1096.65,7.19,7.16,36.31,52.95,86.82,69.62
88.78,80.31,88.59,29.64,30.85,-0.14,1096.65,7.19,7.16,36.31,52.95,86.82,69.62
88.98,80.31,88.59,29.64,30.85,-0.14,1096.65,7.19,7.16,36.31,52.95,86.82,69.62
89.18,81.63,89.89,29.83,31.04,-0.06,1094.58,7.18,7.16,36.2,52.69,86.66,69.44
89.38,81.63,89.89,29.83,31.04,-0.06,1094.58,7.18,7.16,36.2,52.69,86.66,69.44
89.58,84.0,92.21,30.19,31.39,0.1,1091.18,7.18,7.15,36.02,52.28,86.41,69.14
89.78,84.0,92.21,30.19,31.39,0.1,1091.18,7.18,7.15,36.02,52.28,86.41,69.14
89.98,84.0,92.21,30.19,31.39,0.1,1091.18,7.18,7.15,36.02,52.28,86.41,69.14
90.18,85.5,93.7,30.42,31.62,0.2,1088.98,7.17,7.15,35.92,52.02,86.25,68.98
90.38,85.5,93.7,30.42,31.62,0.2,1088.98,7.17,7.15,35.92,52.02,86.25,68.98
90.58,88.9,97.1,30.93,32.13,0.43,1083.98,7.16,7.14,35.71,51.43,85.86,68.63
90.78,88.9,97.1,30.93,32.13,0.43,1083.98,7.16,7.14,35.71,51.43,85.86,68.63
90.98,88.9,97.1,30.93,32.13,0.43,1083.98,7.16,7.14,35.71,51.43,85.86,68.63
91.18,90.08,98.27,31.1,32.3,0.51,1082.31,7.16,7.14,35.64,51.23,85.73,68.52
91.38,90.08,98.27,31.1,32.3,0.51,1082.31,7.16,7.14,35.64,51.23,85.73,68.52
91.58,92.5,100.68,31.47,32.66,0.68,1079.02,7.15,7.13,35.49,50.82,85.45,68.25
91.78,92.5,100.68,31.47,32.66,0.68,1079.02,7.15,7.13,35.49,50.82,85.45,68.25
91.98,92.5,100.68,31.47,32.66,0.68,1079.02,7.15,7.13,35.49,50.82,85.45,68.25
92.18,93.98,102.14,31.69,32.88,0.79,1076.99,7.15,7.13,35.39,50.59,85.29,68.08
92.38,93.98,102.14,31.69,32.88,0.79,1076.99,7.15,7.13,35.39,50.59,85.29,68.08
92.59,98.03,106.16,32.29,33.48,1.09,1071.52,7.14,7.12,35.12,50.01,84.88,67.61
92.79,98.03,106.16,32.29,33.48,1.09,1071.52,7.14,7.12,35.12,50.01,84.88,67.61
92.99,98.03,106.16,32.29,33.48,1.09,1071.52,7.14,7.12,35.12,50.01,84.88,67.61
93.19,99.72,107.84,32.55,33.74,1.22,1069.57,7.14,7.12,35.03,49.8,84.73,67.46
93.39,99.72,107.84,32.55,33.74,1.22,1069.57,7.14,7.12,35.03,49.8,84.73,67.46
93.59,102.94,111.03,33.03,34.22,1.48,1066.54,7.13,7.11,34.92,49.48,84.5,67.26
93.79,102.94,111.03,33.03,34.22,1.48,1066.54,7.13,7.11,34.92,49.48,84.5,67.26
93.99,102.94,111.03,33.03,34.22,1.48,1066.54,7.13,7.11,34.92,49.48,84.5,67.26
94.19,106.08,114.16,33.5,34.68,1.73,1063.76,7.12,7.1,34.79,49.19,84.28,67.04
94.39,106.08,114.16,33.5,34.68,1.73,1063.76,7.12,7.1,34.79,49.19,84.28,67.04
94.59,111.14,119.17,34.26,35.44,2.15,1059.66,7.11,7.1,34.59,48.78,83.96,66.68
94.79,111.14,119.17,34.26,35.44,2.15,1059.66,7.11,7.1,34.59,48.78,83.96,66.68
94.99,111.14,119.17,34.26,35.44,2.15,1059.66,7.11,7.1,34.59,48.78,83.96,66.68
95.19,114.44,122.45,34.76,35.93,2.43,1056.9,7.1,7.09,34.46,48.5,83.75,66.44
95.39,114.44,122.45,34.76,35.93,2.43,1056.9,7.1,7.09,34.46,48.5,83.75,66.44
95.59,118.11,126.09,35.31,36.48,2.74,1053.41,7.1,7.08,34.29,48.16,83.48,66.13
95.79,118.11,126.09,35.31,36.48,2.74,1053.41,7.1,7.08,34.29,48.16,83.48,66.13
95.99,118.11,126.09,35.31,36.48,2.74,1053.41,7.1,7.08,34.29,48.16,83.48,66.13
96.19,124.53,132.47,36.27,37.43,3.32,1048.96,7.09,7.07,34.1,47.72,83.12,65.78
96.39,124.53,132.47,36.27,37.43,3.32,1048.96,7.09,7.07,34.1,47.72,83.12,65.78
96.59,130.07,137.98,37.1,38.26,3.82,1045.85,7.08,7.07,33.99,47.41,82.86,65.57
96.79,130.07,137.98,37.1,38.26,3.82,1045.85,7.08,7.07,33.99,47.41,82.86,65.57
96.99,130.07,137.98,37.1,38.26,3.82,1045.85,7.08,7.07,33.99,47.41,82.86,65.57
97.19,140.7,148.54,38.69,39.84,4.84,1040.22,7.06,7.05,33.77,46.89,82.4,65.15
97.39,140.7,148.54,38.69,39.84,4.84,1040.22,7.06,7.05,33.77,46.89,82.4,65.15
97.6,160.25,167.98,41.63,42.76,6.74,1030.15,7.04,7.03,33.37,46.01,81.61,64.39
97.8,160.25,167.98,41.63,42.76,6.74,1030.15,7.04,7.03,33.37,46.01,81.61,64.39
98.0,160.25,167.98,41.63,42.76,6.74,1030.15,7.04,7.03,33.37,46.01,81.61,64.39
98.2,170.88,178.55,43.22,44.34,7.77,1024.71,7.03,7.02,33.15,45.53,81.18,63.97
98.4,170.88,178.55,43.22,44.34,7.77,1024.71,7.03,7.02,33.15,45.53,81.18,63.97
98.6,173.39,181.04,43.6,44.72,8.02,1023.49,7.02,7.02,33.1,45.42,81.08,63.88
98.8,173.39,181.04,43.6,44.72,8.02,1023.49,7.02,7.02,33.1,45.42,81.08,63.88
99.0,173.39,181.04,43.6,44.72,8.02,1023.49,7.02,7.02,33.1,45.42,81.08,63.88
99.2,173.48,181.13,43.61,44.73,8.03,1023.49,7.02,7.02,33.1,45.42,81.08,63.88
99.4,173.48,181.13,43.61,44.73,8.03,1023.49,7.02,7.02,33.1,45.42,81.08,63.88
99.6,173.61,181.26,43.63,44.75,8.04,1023.49,7.02,7.02,33.1,45.42,81.08,63.88
99.8,173.61,181.26,43.63,44.75,8.04,1023.49,7.02,7.02,33.1,45.42,81.08,63.88
100.0,173.61,181.26,43.63,44.75,8.04,1023.49,7.02,7.02,33.1,45.42,81.08,63.88
