hemodynamics fdo2 value,bgDO2,caSys_pCO2,cvSys_pCO2,cvSys_pO2,caSys_pO2,caSys_HCO3,cvSys_HCO3,caSys_O2sat,cvSys_O2sat,caSys_pH,cvSys_pH,caSys_BE
0.21,1229.1,31.99,41.16,44.31,92.57,22.39,23.74,96.72,79.97,7.47,7.38,-1.25
0.21,1229.1,31.99,41.16,44.31,92.57,22.39,23.74,96.72,79.97,7.47,7.38,-1.25
0.21,1229.1,31.99,41.16,44.31,92.57,22.39,23.74,96.72,79.97,7.47,7.38,-1.25
0.21,1229.1,31.99,41.16,44.31,92.57,22.39,23.74,96.72,79.97,7.47,7.38,-1.25
0.22,1229.1,31.99,41.16,44.31,92.57,22.39,23.74,96.72,79.97,7.47,7.38,-1.25
0.22,1229.1,31.99,41.16,44.31,92.57,22.39,23.74,96.72,79.97,7.47,7.38,-1.25
0.22,1229.1,31.99,41.16,44.31,92.57,22.39,23.74,96.72,79.97,7.47,7.38,-1.25
0.22,1229.1,31.99,41.16,44.31,92.57,22.39,23.74,96.72,79.97,7.47,7.38,-1.25
0.22,1229.1,31.99,41.16,44.31,92.57,22.39,23.74,96.72,79.97,7.47,7.38,-1.25
0.22,1229.1,31.99,41.16,44.31,92.57,22.39,23.74,96.72,79.97,7.47,7.38,-1.25
0.23,1229.1,31.99,41.16,44.31,92.57,22.39,23.74,96.72,79.97,7.47,7.38,-1.25
0.23,1229.1,31.99,41.16,44.31,92.57,22.39,23.74,96.72,79.97,7.47,7.38,-1.25
0.23,1229.1,31.99,41.16,44.31,92.57,22.39,23.74,96.72,79.97,7.47,7.38,-1.25
0.23,1229.1,31.99,41.16,44.31,92.57,22.39,23.74,96.72,79.97,7.47,7.38,-1.25
0.23,1229.1,31.99,41.16,44.31,92.57,22.39,23.74,96.72,79.97,7.47,7.38,-1.25
0.23,1229.1,31.99,41.16,44.31,92.57,22.39,23.74,96.72,79.97,7.47,7.38,-1.25
0.24,1229.1,31.99,41.16,44.31,92.57,22.39,23.74,96.72,79.97,7.47,7.38,-1.25
0.24,1229.1,31.99,41.16,44.31,92.57,22.39,23.74,96.72,79.97,7.47,7.38,-1.25
0.24,1229.1,31.99,41.16,44.31,92.57,22.39,23.74,96.72,79.97,7.47,7.38,-1.25
0.24,1229.1,31.99,41.16,44.31,92.57,22.39,23.74,96.72,79.97,7.47,7.38,-1.25
0.24,1229.1,31.99,41.16,44.31,92.57,22.39,23.74,96.72,79.97,7.47,7.38,-1.25
0.24,1229.1,31.99,41.16,44.31,92.57,22.39,23.74,96.72,79.97,7.47,7.38,-1.25
0.24,1229.1,31.99,41.16,44.31,92.57,22.39,23.74,96.72,79.97,7.47,7.38,-1.25
0.25,1229.1,31.99,41.16,44.31,92.57,22.39,23.74,96.72,79.97,7.47,7.38,-1.25
0.25,1229.1,31.99,41.16,44.31,92.57,22.39,23.74,96.72,79.97,7.47,7.38,-1.25
0.25,1229.1,31.99,41.16,44.31,92.57,22.39,23.74,96.72,79.97,7.47,7.38,-1.25
0.25,1229.1,31.99,41.16,44.31,92.57,22.39,23.74,96.72,79.97,7.47,7.38,-1.25
0.25,1229.1,31.99,41.16,44.31,92.57,22.39,23.74,96.72,79.97,7.47,7.38,-1.25
0.25,1229.1,31.99,41.16,44.31,92.57,22.39,23.74,96.72,79.97,7.47,7.38,-1.25
0.26,1229.1,31.99,41.16,44.31,92.57,22.39,23.74,96.72,79.97,7.47,7.38,-1.25
0.26,1229.1,31.99,41.16,44.31,92.57,22.39,23.74,96.72,79.97,7.47,7.38,-1.25
0.26,1229.1,31.99,41.16,44.31,92.57,22.39,23.74,96.72,79.97,7.47,7.38,-1.25
0.26,1229.1,31.99,41.16,44.31,92.57,22.39,23.74,96.72,79.97,7.47,7.38,-1.25
0.26,1229.1,31.99,41.16,44.31,92.57,22.39,23.74,96.72,79.97,7.47,7.38,-1.25
0.26,1229.1,31.99,41.16,44.31,92.57,22.39,23.74,96.72,79.97,7.47,7.38,-1.25
0.27,1229.1,31.99,41.16,44.31,92.57,22.39,23.74,96.72,79.97,7.47,7.38,-1.25
0.27,1229.1,31.99,41.16,44.31,92.57,22.39,23.74,96.72,79.97,7.47,7.38,-1.25
0.27,1229.1,31.99,41.16,44.31,92.57,22.39,23.74,96.72,79.97,7.47,7.38,-1.25
0.27,1229.1,31.99,41.16,44.31,92.57,22.39,23.74,96.72,79.97,7.47,7.38,-1.25
0.27,1229.1,31.99,41.16,44.31,92.57,22.39,23.74,96.72,79.97,7.47,7.38,-1.25
0.27,1229.1,31.99,41.16,44.31,92.57,22.39,23.74,96.72,79.97,7.47,7.38,-1.25
0.27,1229.1,31.99,41.16,44.31,92.57,22.39,23.74,96.72,79.97,7.47,7.38,-1.25
0.28,1233.62,31.99,41.17,44.6,98.34,22.39,23.74,96.98,80.19,7.47,7.38,-1.25
0.28,1233.62,31.99,41.17,44.6,98.34,22.39,23.74,96.98,80.19,7.47,7.38,-1.25
0.28,1233.62,31.99,41.17,44.6,98.34,22.39,23.74,96.98,80.19,7.47,7.38,-1.25
0.28,1233.62,31.99,41.17,44.6,98.34,22.39,23.74,96.98,80.19,7.47,7.38,-1.25
0.28,1233.62,31.99,41.17,44.6,98.34,22.39,23.74,96.98,80.19,7.47,7.38,-1.25
0.28,1233.62,31.99,41.17,44.6,98.34,22.39,23.74,96.98,80.19,7.47,7.38,-1.25
0.29,1233.62,31.99,41.17,44.6,98.34,22.39,23.74,96.98,80.19,7.47,7.38,-1.25
0.29,1233.62,31.99,41.17,44.6,98.34,22.39,23.74,96.98,80.19,7.47,7.38,-1.25
0.29,1233.62,31.99,41.17,44.6,98.34,22.39,23.74,96.98,80.19,7.47,7.38,-1.25
0.29,1233.62,31.99,41.17,44.6,98.34,22.39,23.74,96.98,80.19,7.47,7.38,-1.25
0.29,1233.62,31.99,41.17,44.6,98.34,22.39,23.74,96.98,80.19,7.47,7.38,-1.25
0.29,1233.62,31.99,41.17,44.6,98.34,22.39,23.74,96.98,80.19,7.47,7.38,-1.25
0.3,1234.71,31.99,41.17,44.69,99.52,22.39,23.74,97.05,80.28,7.47,7.38,-1.25
0.3,1234.71,31.99,41.17,44.69,99.52,22.39,23.74,97.05,80.28,7.47,7.38,-1.25
0.3,1234.71,31.99,41.17,44.69,99.52,22.39,23.74,97.05,80.28,7.47,7.38,-1.25
0.3,1234.71,31.99,41.17,44.69,99.52,22.39,23.74,97.05,80.28,7.47,7.38,-1.25
0.3,1234.71,31.99,41.17,44.69,99.52,22.39,23.74,97.05,80.28,7.47,7.38,-1.25
0.3,1234.71,31.99,41.17,44.69,99.52,22.39,23.74,97.05,80.28,7.47,7.38,-1.25
0.3,1234.71,31.99,41.17,44.69,99.52,22.39,23.74,97.05,80.28,7.47,7.38,-1.25
0.31,1234.71,31.99,41.17,44.69,99.52,22.39,23.74,97.05,80.28,7.47,7.38,-1.25
0.31,1234.71,31.99,41.17,44.69,99.52,22.39,23.74,97.05,80.28,7.47,7.38,-1.25
0.31,1234.71,31.99,41.17,44.69,99.52,22.39,23.74,97.05,80.28,7.47,7.38,-1.25
0.31,1234.71,31.99,41.17,44.69,99.52,22.39,23.74,97.05,80.28,7.47,7.38,-1.25
0.31,1234.71,31.99,41.17,44.69,99.52,22.39,23.74,97.05,80.28,7.47,7.38,-1.25
0.31,1234.71,31.99,41.17,44.69,99.52,22.39,23.74,97.05,80.28,7.47,7.38,-1.25
0.32,1234.71,31.99,41.17,44.69,99.52,22.39,23.74,97.05,80.28,7.47,7.38,-1.25
0.32,1234.71,31.99,41.17,44.69,99.52,22.39,23.74,97.05,80.28,7.47,7.38,-1.25
0.32,1234.71,31.99,41.17,44.69,99.52,22.39,23.74,97.05,80.28,7.47,7.38,-1.25
0.32,1234.71,31.99,41.17,44.69,99.52,22.39,23.74,97.05,80.28,7.47,7.38,-1.25
0.32,1234.71,31.99,41.17,44.69,99.52,22.39,23.74,97.05,80.28,7.47,7.38,-1.25
0.32,1234.71,31.99,41.17,44.69,99.52,22.39,23.74,97.05,80.28,7.47,7.38,-1.25
0.33,1252.95,32.02,41.21,46.3,118.52,22.39,23.74,98.18,81.84,7.47,7.38,-1.25
0.33,1252.95,32.02,41.21,46.3,118.52,22.39,23.74,98.18,81.84,7.47,7.38,-1.25
0.33,1252.95,32.02,41.21,46.3,118.52,22.39,23.74,98.18,81.84,7.47,7.38,-1.25
0.33,1252.95,32.02,41.21,46.3,118.52,22.39,23.74,98.18,81.84,7.47,7.38,-1.25
0.33,1252.95,32.02,41.21,46.3,118.52,22.39,23.74,98.18,81.84,7.47,7.38,-1.25
0.33,1252.95,32.02,41.21,46.3,118.52,22.39,23.74,98.18,81.84,7.47,7.38,-1.25
0.34,1252.95,32.02,41.21,46.3,118.52,22.39,23.74,98.18,81.84,7.47,7.38,-1.25
0.34,1252.95,32.02,41.21,46.3,118.52,22.39,23.74,98.18,81.84,7.47,7.38,-1.25
0.34,1252.95,32.02,41.21,46.3,118.52,22.39,23.74,98.18,81.84,7.47,7.38,-1.25
0.34,1252.95,32.02,41.21,46.3,118.52,22.39,23.74,98.18,81.84,7.47,7.38,-1.25
0.34,1252.95,32.02,41.21,46.3,118.52,22.39,23.74,98.18,81.84,7.47,7.38,-1.25
0.34,1252.95,32.02,41.21,46.3,118.52,22.39,23.74,98.18,81.84,7.47,7.38,-1.25
0.34,1252.95,32.02,41.21,46.3,118.52,22.39,23.74,98.18,81.84,7.47,7.38,-1.25
0.35,1252.95,32.02,41.21,46.3,118.52,22.39,23.74,98.18,81.84,7.47,7.38,-1.25
0.35,1252.95,32.02,41.21,46.3,118.52,22.39,23.74,98.18,81.84,7.47,7.38,-1.25
0.35,1252.95,32.02,41.21,46.3,118.52,22.39,23.74,98.18,81.84,7.47,7.38,-1.25
0.35,1252.95,32.02,41.21,46.3,118.52,22.39,23.74,98.18,81.84,7.47,7.38,-1.25
0.35,1252.95,32.02,41.21,46.3,118.52,22.39,23.74,98.18,81.84,7.47,7.38,-1.25
0.35,1252.95,32.02,41.21,46.3,118.52,22.39,23.74,98.18,81.84,7.47,7.38,-1.25
0.36,1262.85,32.03,41.23,47.18,129.87,22.39,23.75,98.77,82.67,7.47,7.38,-1.25
0.36,1262.85,32.03,41.23,47.18,129.87,22.39,23.75,98.77,82.67,7.47,7.38,-1.25
0.36,1262.85,32.03,41.23,47.18,129.87,22.39,23.75,98.77,82.67,7.47,7.38,-1.25
0.36,1262.85,32.03,41.23,47.18,129.87,22.39,23.75,98.77,82.67,7.47,7.38,-1.25
0.36,1262.85,32.03,41.23,47.18,129.87,22.39,23.75,98.77,82.67,7.47,7.38,-1.25
0.36,1262.85,32.03,41.23,47.18,129.87,22.39,23.75,98.77,82.67,7.47,7.38,-1.25
0.37,1262.85,32.03,41.23,47.18,129.87,22.39,23.75,98.77,82.67,7.47,7.38,-1.25
0.37,1262.85,32.03,41.23,47.18,129.87,22.39,23.75,98.77,82.67,7.47,7.38,-1.25
0.37,1262.85,32.03,41.23,47.18,129.87,22.39,23.75,98.77,82.67,7.47,7.38,-1.25
0.37,1262.85,32.03,41.23,47.18,129.87,22.39,23.75,98.77,82.67,7.47,7.38,-1.25
0.37,1262.85,32.03,41.23,47.18,129.87,22.39,23.75,98.77,82.67,7.47,7.38,-1.25
0.37,1262.85,32.03,41.23,47.18,129.87,22.39,23.75,98.77,82.67,7.47,7.38,-1.25
0.37,1262.85,32.03,41.23,47.18,129.87,22.39,23.75,98.77,82.67,7.47,7.38,-1.25
0.38,1266.38,32.04,41.24,47.48,136.61,22.4,23.75,98.94,82.93,7.47,7.38,-1.25
0.38,1266.38,32.04,41.24,47.48,136.61,22.4,23.75,98.94,82.93,7.47,7.38,-1.25
0.38,1266.38,32.04,41.24,47.48,136.61,22.4,23.75,98.94,82.93,7.47,7.38,-1.25
0.38,1266.38,32.04,41.24,47.48,136.61,22.4,23.75,98.94,82.93,7.47,7.38,-1.25
0.38,1266.38,32.04,41.24,47.48,136.61,22.4,23.75,98.94,82.93,7.47,7.38,-1.25
0.38,1266.38,32.04,41.24,47.48,136.61,22.4,23.75,98.94,82.93,7.47,7.38,-1.25
0.39,1266.38,32.04,41.24,47.48,136.61,22.4,23.75,98.94,82.93,7.47,7.38,-1.25
0.39,1266.38,32.04,41.24,47.48,136.61,22.4,23.75,98.94,82.93,7.47,7.38,-1.25
0.39,1266.38,32.04,41.24,47.48,136.61,22.4,23.75,98.94,82.93,7.47,7.38,-1.25
0.39,1266.38,32.04,41.24,47.48,136.61,22.4,23.75,98.94,82.93,7.47,7.38,-1.25
0.39,1266.38,32.04,41.24,47.48,136.61,22.4,23.75,98.94,82.93,7.47,7.38,-1.25
0.39,1266.38,32.04,41.24,47.48,136.61,22.4,23.75,98.94,82.93,7.47,7.38,-1.25
0.4,1266.91,32.04,41.24,47.53,137.68,22.4,23.75,98.96,82.97,7.47,7.38,-1.25
0.4,1266.91,32.04,41.24,47.53,137.68,22.4,23.75,98.96,82.97,7.47,7.38,-1.25
0.4,1266.91,32.04,41.24,47.53,137.68,22.4,23.75,98.96,82.97,7.47,7.38,-1.25
0.4,1266.91,32.04,41.24,47.53,137.68,22.4,23.75,98.96,82.97,7.47,7.38,-1.25
0.4,1266.91,32.04,41.24,47.53,137.68,22.4,23.75,98.96,82.97,7.47,7.38,-1.25
0.4,1266.91,32.04,41.24,47.53,137.68,22.4,23.75,98.96,82.97,7.47,7.38,-1.25
0.4,1266.91,32.04,41.24,47.53,137.68,22.4,23.75,98.96,82.97,7.47,7.38,-1.25
0.41,1266.91,32.04,41.24,47.53,137.68,22.4,23.75,98.96,82.97,7.47,7.38,-1.25
0.41,1266.91,32.04,41.24,47.53,137.68,22.4,23.75,98.96,82.97,7.47,7.38,-1.25
0.41,1266.91,32.04,41.24,47.53,137.68,22.4,23.75,98.96,82.97,7.47,7.38,-1.25
0.41,1266.91,32.04,41.24,47.53,137.68,22.4,23.75,98.96,82.97,7.47,7.38,-1.25
0.41,1266.91,32.04,41.24,47.53,137.68,22.4,23.75,98.96,82.97,7.47,7.38,-1.25
0.41,1266.91,32.04,41.24,47.53,137.68,22.4,23.75,98.96,82.97,7.47,7.38,-1.25
0.42,1266.91,32.04,41.24,47.53,137.68,22.4,23.75,98.96,82.97,7.47,7.38,-1.25
0.42,1266.91,32.04,41.24,47.53,137.68,22.4,23.75,98.96,82.97,7.47,7.38,-1.25
0.42,1266.91,32.04,41.24,47.53,137.68,22.4,23.75,98.96,82.97,7.47,7.38,-1.25
0.42,1266.91,32.04,41.24,47.53,137.68,22.4,23.75,98.96,82.97,7.47,7.38,-1.25
0.42,1266.91,32.04,41.24,47.53,137.68,22.4,23.75,98.96,82.97,7.47,7.38,-1.25
0.42,1266.91,32.04,41.24,47.53,137.68,22.4,23.75,98.96,82.97,7.47,7.38,-1.25
0.43,1269.78,32.04,41.25,47.8,144.0,22.4,23.75,99.08,83.19,7.47,7.38,-1.25
0.43,1269.78,32.04,41.25,47.8,144.0,22.4,23.75,99.08,83.19,7.47,7.38,-1.25
0.43,1269.78,32.04,41.25,47.8,144.0,22.4,23.75,99.08,83.19,7.47,7.38,-1.25
0.43,1269.78,32.04,41.25,47.8,144.0,22.4,23.75,99.08,83.19,7.47,7.38,-1.25
0.43,1269.78,32.04,41.25,47.8,144.0,22.4,23.75,99.08,83.19,7.47,7.38,-1.25
0.43,1269.78,32.04,41.25,47.8,144.0,22.4,23.75,99.08,83.19,7.47,7.38,-1.25
0.43,1269.78,32.04,41.25,47.8,144.0,22.4,23.75,99.08,83.19,7.47,7.38,-1.25
0.44,1269.78,32.04,41.25,47.8,144.0,22.4,23.75,99.08,83.19,7.47,7.38,-1.25
0.44,1269.78,32.04,41.25,47.8,144.0,22.4,23.75,99.08,83.19,7.47,7.38,-1.25
0.44,1269.78,32.04,41.25,47.8,144.0,22.4,23.75,99.08,83.19,7.47,7.38,-1.25
0.44,1269.78,32.04,41.25,47.8,144.0,22.4,23.75,99.08,83.19,7.47,7.38,-1.25
0.44,1269.78,32.04,41.25,47.8,144.0,22.4,23.75,99.08,83.19,7.47,7.38,-1.25
0.44,1269.78,32.04,41.25,47.8,144.0,22.4,23.75,99.08,83.19,7.47,7.38,-1.25
0.45,1269.78,32.04,41.25,47.8,144.0,22.4,23.75,99.08,83.19,7.47,7.38,-1.25
0.45,1269.78,32.04,41.25,47.8,144.0,22.4,23.75,99.08,83.19,7.47,7.38,-1.25
0.45,1269.78,32.04,41.25,47.8,144.0,22.4,23.75,99.08,83.19,7.47,7.38,-1.25
0.45,1269.78,32.04,41.25,47.8,144.0,22.4,23.75,99.08,83.19,7.47,7.38,-1.25
0.45,1269.78,32.04,41.25,47.8,144.0,22.4,23.75,99.08,83.19,7.47,7.38,-1.25
0.45,1269.78,32.04,41.25,47.8,144.0,22.4,23.75,99.08,83.19,7.47,7.38,-1.25
0.46,1271.07,32.04,41.25,47.93,147.08,22.4,23.75,99.13,83.3,7.47,7.38,-1.25
0.46,1271.07,32.04,41.25,47.93,147.08,22.4,23.75,99.13,83.3,7.47,7.38,-1.25
0.46,1271.07,32.04,41.25,47.93,147.08,22.4,23.75,99.13,83.3,7.47,7.38,-1.25
0.46,1271.07,32.04,41.25,47.93,147.08,22.4,23.75,99.13,83.3,7.47,7.38,-1.25
0.46,1271.07,32.04,41.25,47.93,147.08,22.4,23.75,99.13,83.3,7.47,7.38,-1.25
0.46,1271.07,32.04,41.25,47.93,147.08,22.4,23.75,99.13,83.3,7.47,7.38,-1.25
0.46,1271.07,32.04,41.25,47.93,147.08,22.4,23.75,99.13,83.3,7.47,7.38,-1.25
0.47,1271.07,32.04,41.25,47.93,147.08,22.4,23.75,99.13,83.3,7.47,7.38,-1.25
0.47,1271.07,32.04,41.25,47.93,147.08,22.4,23.75,99.13,83.3,7.47,7.38,-1.25
0.47,1271.07,32.04,41.25,47.93,147.08,22.4,23.75,99.13,83.3,7.47,7.38,-1.25
0.47,1271.07,32.04,41.25,47.93,147.08,22.4,23.75,99.13,83.3,7.47,7.38,-1.25
0.47,1271.07,32.04,41.25,47.93,147.08,22.4,23.75,99.13,83.3,7.47,7.38,-1.25
0.47,1271.07,32.04,41.25,47.93,147.08,22.4,23.75,99.13,83.3,7.47,7.38,-1.25
0.48,1274.78,32.04,41.26,48.34,156.57,22.4,23.75,99.27,83.63,7.47,7.38,-1.26
0.48,1274.78,32.04,41.26,48.34,156.57,22.4,23.75,99.27,83.63,7.47,7.38,-1.26
0.48,1274.78,32.04,41.26,48.34,156.57,22.4,23.75,99.27,83.63,7.47,7.38,-1.26
0.48,1274.78,32.04,41.26,48.34,156.57,22.4,23.75,99.27,83.63,7.47,7.38,-1.26
0.48,1274.78,32.04,41.26,48.34,156.57,22.4,23.75,99.27,83.63,7.47,7.38,-1.26
0.48,1274.78,32.04,41.26,48.34,156.57,22.4,23.75,99.27,83.63,7.47,7.38,-1.26
0.49,1274.78,32.04,41.26,48.34,156.57,22.4,23.75,99.27,83.63,7.47,7.38,-1.26
0.49,1274.78,32.04,41.26,48.34,156.57,22.4,23.75,99.27,83.63,7.47,7.38,-1.26
0.49,1274.78,32.04,41.26,48.34,156.57,22.4,23.75,99.27,83.63,7.47,7.38,-1.26
0.49,1274.78,32.04,41.26,48.34,156.57,22.4,23.75,99.27,83.63,7.47,7.38,-1.26
0.49,1274.78,32.04,41.26,48.34,156.57,22.4,23.75,99.27,83.63,7.47,7.38,-1.26
0.49,1274.78,32.04,41.26,48.34,156.57,22.4,23.75,99.27,83.63,7.47,7.38,-1.26
0.49,1274.78,32.04,41.26,48.34,156.57,22.4,23.75,99.27,83.63,7.47,7.38,-1.26
0.5,1274.78,32.04,41.26,48.34,156.57,22.4,23.75,99.27,83.63,7.47,7.38,-1.26
0.5,1274.78,32.04,41.26,48.34,156.57,22.4,23.75,99.27,83.63,7.47,7.38,-1.26
0.5,1274.78,32.04,41.26,48.34,156.57,22.4,23.75,99.27,83.63,7.47,7.38,-1.26
0.5,1274.78,32.04,41.26,48.34,156.57,22.4,23.75,99.27,83.63,7.47,7.38,-1.26
0.5,1274.78,32.04,41.26,48.34,156.57,22.4,23.75,99.27,83.63,7.47,7.38,-1.26
0.5,1274.78,32.04,41.26,48.34,156.57,22.4,23.75,99.27,83.63,7.47,7.38,-1.26
0.51,1275.56,32.04,41.26,48.42,158.69,22.4,23.75,99.29,83.69,7.47,7.38,-1.26
0.51,1275.56,32.04,41.26,48.42,158.69,22.4,23.75,99.29,83.69,7.47,7.38,-1.26
0.51,1275.56,32.04,41.26,48.42,158.69,22.4,23.75,99.29,83.69,7.47,7.38,-1.26
0.51,1275.56,32.04,41.26,48.42,158.69,22.4,23.75,99.29,83.69,7.47,7.38,-1.26
0.51,1275.56,32.04,41.26,48.42,158.69,22.4,23.75,99.29,83.69,7.47,7.38,-1.26
0.51,1275.56,32.04,41.26,48.42,158.69,22.4,23.75,99.29,83.69,7.47,7.38,-1.26
0.52,1275.56,32.04,41.26,48.42,158.69,22.4,23.75,99.29,83.69,7.47,7.38,-1.26
0.52,1275.56,32.04,41.26,48.42,158.69,22.4,23.75,99.29,83.69,7.47,7.38,-1.26
0.52,1275.56,32.04,41.26,48.42,158.69,22.4,23.75,99.29,83.69,7.47,7.38,-1.26
0.52,1275.56,32.04,41.26,48.42,158.69,22.4,23.75,99.29,83.69,7.47,7.38,-1.26
0.52,1275.56,32.04,41.26,48.42,158.69,22.4,23.75,99.29,83.69,7.47,7.38,-1.26
0.52,1275.56,32.04,41.26,48.42,158.69,22.4,23.75,99.29,83.69,7.47,7.38,-1.26
0.53,1278.88,32.05,41.26,48.72,168.11,22.4,23.75,99.4,83.93,7.47,7.38,-1.26
0.53,1278.88,32.05,41.26,48.72,168.11,22.4,23.75,99.4,83.93,7.47,7.38,-1.26
0.53,1278.88,32.05,41.26,48.72,168.11,22.4,23.75,99.4,83.93,7.47,7.38,-1.26
0.53,1278.88,32.05,41.26,48.72,168.11,22.4,23.75,99.4,83.93,7.47,7.38,-1.26
0.53,1278.88,32.05,41.26,48.72,168.11,22.4,23.75,99.4,83.93,7.47,7.38,-1.26
0.53,1278.88,32.05,41.26,48.72,168.11,22.4,23.75,99.4,83.93,7.47,7.38,-1.26
0.53,1278.88,32.05,41.26,48.72,168.11,22.4,23.75,99.4,83.93,7.47,7.38,-1.26
0.54,1278.88,32.05,41.26,48.72,168.11,22.4,23.75,99.4,83.93,7.47,7.38,-1.26
0.54,1278.88,32.05,41.26,48.72,168.11,22.4,23.75,99.4,83.93,7.47,7.38,-1.26
0.54,1278.88,32.05,41.26,48.72,168.11,22.4,23.75,99.4,83.93,7.47,7.38,-1.26
0.54,1278.88,32.05,41.26,48.72,168.11,22.4,23.75,99.4,83.93,7.47,7.38,-1.26
0.54,1278.88,32.05,41.26,48.72,168.11,22.4,23.75,99.4,83.93,7.47,7.38,-1.26
0.54,1278.88,32.05,41.26,48.72,168.11,22.4,23.75,99.4,83.93,7.47,7.38,-1.26
0.55,1279.08,32.05,41.26,48.74,168.67,22.4,23.75,99.4,83.94,7.47,7.38,-1.26
0.55,1279.08,32.05,41.26,48.74,168.67,22.4,23.75,99.4,83.94,7.47,7.38,-1.26
0.55,1279.08,32.05,41.26,48.74,168.67,22.4,23.75,99.4,83.94,7.47,7.38,-1.26
0.55,1279.08,32.05,41.26,48.74,168.67,22.4,23.75,99.4,83.94,7.47,7.38,-1.26
0.55,1279.08,32.05,41.26,48.74,168.67,22.4,23.75,99.4,83.94,7.47,7.38,-1.26
0.55,1279.08,32.05,41.26,48.74,168.67,22.4,23.75,99.4,83.94,7.47,7.38,-1.26
0.56,1279.72,32.05,41.26,48.78,170.49,22.4,23.75,99.42,83.97,7.47,7.38,-1.26
0.56,1279.72,32.05,41.26,48.78,170.49,22.4,23.75,99.42,83.97,7.47,7.38,-1.26
0.56,1279.72,32.05,41.26,48.78,170.49,22.4,23.75,99.42,83.97,7.47,7.38,-1.26
0.56,1279.72,32.05,41.26,48.78,170.49,22.4,23.75,99.42,83.97,7.47,7.38,-1.26
0.56,1279.72,32.05,41.26,48.78,170.49,22.4,23.75,99.42,83.97,7.47,7.38,-1.26
0.56,1279.72,32.05,41.26,48.78,170.49,22.4,23.75,99.42,83.97,7.47,7.38,-1.26
0.56,1279.72,32.05,41.26,48.78,170.49,22.4,23.75,99.42,83.97,7.47,7.38,-1.26
0.57,1279.72,32.05,41.26,48.78,170.49,22.4,23.75,99.42,83.97,7.47,7.38,-1.26
0.57,1279.72,32.05,41.26,48.78,170.49,22.4,23.75,99.42,83.97,7.47,7.38,-1.26
0.57,1279.72,32.05,41.26,48.78,170.49,22.4,23.75,99.42,83.97,7.47,7.38,-1.26
0.57,1279.72,32.05,41.26,48.78,170.49,22.4,23.75,99.42,83.97,7.47,7.38,-1.26
0.57,1279.72,32.05,41.26,48.78,170.49,22.4,23.75,99.42,83.97,7.47,7.38,-1.26
0.57,1279.72,32.05,41.26,48.78,170.49,22.4,23.75,99.42,83.97,7.47,7.38,-1.26
0.58,1278.4,32.05,41.26,48.63,166.71,22.4,23.75,99.38,83.86,7.47,7.38,-1.26
0.58,1278.4,32.05,41.26,48.63,166.71,22.4,23.75,99.38,83.86,7.47,7.38,-1.26
0.58,1278.4,32.05,41.26,48.63,166.71,22.4,23.75,99.38,83.86,7.47,7.38,-1.26
0.58,1278.4,32.05,41.26,48.63,166.71,22.4,23.75,99.38,83.86,7.47,7.38,-1.26
0.58,1278.4,32.05,41.26,48.63,166.71,22.4,23.75,99.38,83.86,7.47,7.38,-1.26
0.58,1278.4,32.05,41.26,48.63,166.71,22.4,23.75,99.38,83.86,7.47,7.38,-1.26
0.59,1278.4,32.05,41.26,48.63,166.71,22.4,23.75,99.38,83.86,7.47,7.38,-1.26
0.59,1278.4,32.05,41.26,48.63,166.71,22.4,23.75,99.38,83.86,7.47,7.38,-1.26
0.59,1278.4,32.05,41.26,48.63,166.71,22.4,23.75,99.38,83.86,7.47,7.38,-1.26
0.59,1278.4,32.05,41.26,48.63,166.71,22.4,23.75,99.38,83.86,7.47,7.38,-1.26
0.59,1278.4,32.05,41.26,48.63,166.71,22.4,23.75,99.38,83.86,7.47,7.38,-1.26
0.59,1278.4,32.05,41.26,48.63,166.71,22.4,23.75,99.38,83.86,7.47,7.38,-1.26
0.59,1278.4,32.05,41.26,48.63,166.71,22.4,23.75,99.38,83.86,7.47,7.38,-1.26
0.6,1278.84,32.05,41.26,48.67,168.08,22.4,23.75,99.39,83.89,7.47,7.38,-1.26
0.6,1278.84,32.05,41.26,48.67,168.08,22.4,23.75,99.39,83.89,7.47,7.38,-1.26
0.6,1278.84,32.05,41.26,48.67,168.08,22.4,23.75,99.39,83.89,7.47,7.38,-1.26
0.6,1278.84,32.05,41.26,48.67,168.08,22.4,23.75,99.39,83.89,7.47,7.38,-1.26
0.6,1278.84,32.05,41.26,48.67,168.08,22.4,23.75,99.39,83.89,7.47,7.38,-1.26
0.6,1278.84,32.05,41.26,48.67,168.08,22.4,23.75,99.39,83.89,7.47,7.38,-1.26
0.61,1278.84,32.05,41.26,48.67,168.08,22.4,23.75,99.39,83.89,7.47,7.38,-1.26
0.61,1278.84,32.05,41.26,48.67,168.08,22.4,23.75,99.39,83.89,7.47,7.38,-1.26
0.61,1278.84,32.05,41.26,48.67,168.08,22.4,23.75,99.39,83.89,7.47,7.38,-1.26
0.61,1278.84,32.05,41.26,48.67,168.08,22.4,23.75,99.39,83.89,7.47,7.38,-1.26
0.61,1278.84,32.05,41.26,48.67,168.08,22.4,23.75,99.39,83.89,7.47,7.38,-1.26
0.61,1278.84,32.05,41.26,48.67,168.08,22.4,23.75,99.39,83.89,7.47,7.38,-1.26
0.62,1278.84,32.05,41.26,48.67,168.08,22.4,23.75,99.39,83.89,7.47,7.38,-1.26
0.62,1278.84,32.05,41.26,48.67,168.08,22.4,23.75,99.39,83.89,7.47,7.38,-1.26
0.62,1278.84,32.05,41.26,48.67,168.08,22.4,23.75,99.39,83.89,7.47,7.38,-1.26
0.62,1278.84,32.05,41.26,48.67,168.08,22.4,23.75,99.39,83.89,7.47,7.38,-1.26
0.62,1278.84,32.05,41.26,48.67,168.08,22.4,23.75,99.39,83.89,7.47,7.38,-1.26
0.62,1278.84,32.05,41.26,48.67,168.08,22.4,23.75,99.39,83.89,7.47,7.38,-1.26
0.62,1278.84,32.05,41.26,48.67,168.08,22.4,23.75,99.39,83.89,7.47,7.38,-1.26
0.63,1281.46,32.05,41.27,48.94,175.99,22.4,23.75,99.47,84.09,7.47,7.38,-1.26
0.63,1281.46,32.05,41.27,48.94,175.99,22.4,23.75,99.47,84.09,7.47,7.38,-1.26
0.63,1281.46,32.05,41.27,48.94,175.99,22.4,23.75,99.47,84.09,7.47,7.38,-1.26
0.63,1281.46,32.05,41.27,48.94,175.99,22.4,23.75,99.47,84.09,7.47,7.38,-1.26
0.63,1281.46,32.05,41.27,48.94,175.99,22.4,23.75,99.47,84.09,7.47,7.38,-1.26
0.63,1281.46,32.05,41.27,48.94,175.99,22.4,23.75,99.47,84.09,7.47,7.38,-1.26
0.64,1281.46,32.05,41.27,48.94,175.99,22.4,23.75,99.47,84.09,7.47,7.38,-1.26
0.64,1281.46,32.05,41.27,48.94,175.99,22.4,23.75,99.47,84.09,7.47,7.38,-1.26
0.64,1281.46,32.05,41.27,48.94,175.99,22.4,23.75,99.47,84.09,7.47,7.38,-1.26
0.64,1281.46,32.05,41.27,48.94,175.99,22.4,23.75,99.47,84.09,7.47,7.38,-1.26
0.64,1281.46,32.05,41.27,48.94,175.99,22.4,23.75,99.47,84.09,7.47,7.38,-1.26
0.64,1281.46,32.05,41.27,48.94,175.99,22.4,23.75,99.47,84.09,7.47,7.38,-1.26
0.65,1281.46,32.05,41.27,48.94,175.99,22.4,23.75,99.47,84.09,7.47,7.38,-1.26
0.65,1281.46,32.05,41.27,48.94,175.99,22.4,23.75,99.47,84.09,7.47,7.38,-1.26
0.65,1281.46,32.05,41.27,48.94,175.99,22.4,23.75,99.47,84.09,7.47,7.38,-1.26
0.65,1281.46,32.05,41.27,48.94,175.99,22.4,23.75,99.47,84.09,7.47,7.38,-1.26
0.65,1281.46,32.05,41.27,48.94,175.99,22.4,23.75,99.47,84.09,7.47,7.38,-1.26
0.65,1281.46,32.05,41.27,48.94,175.99,22.4,23.75,99.47,84.09,7.47,7.38,-1.26
0.65,1281.46,32.05,41.27,48.94,175.99,22.4,23.75,99.47,84.09,7.47,7.38,-1.26
0.66,1284.17,32.05,41.27,49.22,184.52,22.4,23.75,99.54,84.31,7.47,7.38,-1.26
0.66,1284.17,32.05,41.27,49.22,184.52,22.4,23.75,99.54,84.31,7.47,7.38,-1.26
0.66,1284.17,32.05,41.27,49.22,184.52,22.4,23.75,99.54,84.31,7.47,7.38,-1.26
0.66,1284.17,32.05,41.27,49.22,184.52,22.4,23.75,99.54,84.31,7.47,7.38,-1.26
0.66,1284.17,32.05,41.27,49.22,184.52,22.4,23.75,99.54,84.31,7.47,7.38,-1.26
0.66,1284.17,32.05,41.27,49.22,184.52,22.4,23.75,99.54,84.31,7.47,7.38,-1.26
0.67,1284.17,32.05,41.27,49.22,184.52,22.4,23.75,99.54,84.31,7.47,7.38,-1.26
0.67,1284.17,32.05,41.27,49.22,184.52,22.4,23.75,99.54,84.31,7.47,7.38,-1.26
0.67,1284.17,32.05,41.27,49.22,184.52,22.4,23.75,99.54,84.31,7.47,7.38,-1.26
0.67,1284.17,32.05,41.27,49.22,184.52,22.4,23.75,99.54,84.31,7.47,7.38,-1.26
0.67,1284.17,32.05,41.27,49.22,184.52,22.4,23.75,99.54,84.31,7.47,7.38,-1.26
0.67,1284.17,32.05,41.27,49.22,184.52,22.4,23.75,99.54,84.31,7.47,7.38,-1.26
0.68,1286.21,32.05,41.28,49.44,191.35,22.4,23.75,99.58,84.47,7.47,7.38,-1.26
0.68,1286.21,32.05,41.28,49.44,191.35,22.4,23.75,99.58,84.47,7.47,7.38,-1.26
0.68,1286.21,32.05,41.28,49.44,191.35,22.4,23.75,99.58,84.47,7.47,7.38,-1.26
0.68,1286.21,32.05,41.28,49.44,191.35,22.4,23.75,99.58,84.47,7.47,7.38,-1.26
0.68,1286.21,32.05,41.28,49.44,191.35,22.4,23.75,99.58,84.47,7.47,7.38,-1.26
0.68,1286.21,32.05,41.28,49.44,191.35,22.4,23.75,99.58,84.47,7.47,7.38,-1.26
0.68,1286.21,32.05,41.28,49.44,191.35,22.4,23.75,99.58,84.47,7.47,7.38,-1.26
0.69,1286.21,32.05,41.28,49.44,191.35,22.4,23.75,99.58,84.47,7.47,7.38,-1.26
0.69,1286.21,32.05,41.28,49.44,191.35,22.4,23.75,99.58,84.47,7.47,7.38,-1.26
0.69,1286.21,32.05,41.28,49.44,191.35,22.4,23.75,99.58,84.47,7.47,7.38,-1.26
0.69,1286.21,32.05,41.28,49.44,191.35,22.4,23.75,99.58,84.47,7.47,7.38,-1.26
0.69,1286.21,32.05,41.28,49.44,191.35,22.4,23.75,99.58,84.47,7.47,7.38,-1.26
0.69,1286.21,32.05,41.28,49.44,191.35,22.4,23.75,99.58,84.47,7.47,7.38,-1.26
0.7,1286.21,32.05,41.28,49.44,191.35,22.4,23.75,99.58,84.47,7.47,7.38,-1.26
0.7,1286.21,32.05,41.28,49.44,191.35,22.4,23.75,99.58,84.47,7.47,7.38,-1.26
0.7,1286.21,32.05,41.28,49.44,191.35,22.4,23.75,99.58,84.47,7.47,7.38,-1.26
0.7,1286.21,32.05,41.28,49.44,191.35,22.4,23.75,99.58,84.47,7.47,7.38,-1.26
0.7,1286.21,32.05,41.28,49.44,191.35,22.4,23.75,99.58,84.47,7.47,7.38,-1.26
0.7,1286.21,32.05,41.28,49.44,191.35,22.4,23.75,99.58,84.47,7.47,7.38,-1.26
0.71,1287.05,32.05,41.28,49.53,194.18,22.4,23.75,99.6,84.54,7.47,7.38,-1.26
0.71,1287.05,32.05,41.28,49.53,194.18,22.4,23.75,99.6,84.54,7.47,7.38,-1.26
0.71,1287.05,32.05,41.28,49.53,194.18,22.4,23.75,99.6,84.54,7.47,7.38,-1.26
0.71,1287.05,32.05,41.28,49.53,194.18,22.4,23.75,99.6,84.54,7.47,7.38,-1.26
0.71,1287.05,32.05,41.28,49.53,194.18,22.4,23.75,99.6,84.54,7.47,7.38,-1.26
0.71,1287.05,32.05,41.28,49.53,194.18,22.4,23.75,99.6,84.54,7.47,7.38,-1.26
0.72,1287.05,32.05,41.28,49.53,194.18,22.4,23.75,99.6,84.54,7.47,7.38,-1.26
0.72,1287.05,32.05,41.28,49.53,194.18,22.4,23.75,99.6,84.54,7.47,7.38,-1.26
0.72,1287.05,32.05,41.28,49.53,194.18,22.4,23.75,99.6,84.54,7.47,7.38,-1.26
0.72,1287.05,32.05,41.28,49.53,194.18,22.4,23.75,99.6,84.54,7.47,7.38,-1.26
0.72,1287.05,32.05,41.28,49.53,194.18,22.4,23.75,99.6,84.54,7.47,7.38,-1.26
0.72,1287.05,32.05,41.28,49.53,194.18,22.4,23.75,99.6,84.54,7.47,7.38,-1.26
0.72,1287.05,32.05,41.28,49.53,194.18,22.4,23.75,99.6,84.54,7.47,7.38,-1.26
0.73,1289.14,32.05,41.28,49.74,201.6,22.4,23.75,99.64,84.69,7.47,7.38,-1.26
0.73,1289.14,32.05,41.28,49.74,201.6,22.4,23.75,99.64,84.69,7.47,7.38,-1.26
0.73,1289.14,32.05,41.28,49.74,201.6,22.4,23.75,99.64,84.69,7.47,7.38,-1.26
0.73,1289.14,32.05,41.28,49.74,201.6,22.4,23.75,99.64,84.69,7.47,7.38,-1.26
0.73,1289.14,32.05,41.28,49.74,201.6,22.4,23.75,99.64,84.69,7.47,7.38,-1.26
0.73,1289.14,32.05,41.28,49.74,201.6,22.4,23.75,99.64,84.69,7.47,7.38,-1.26
0.74,1289.14,32.05,41.28,49.74,201.6,22.4,23.75,99.64,84.69,7.47,7.38,-1.26
0.74,1289.14,32.05,41.28,49.74,201.6,22.4,23.75,99.64,84.69,7.47,7.38,-1.26
0.74,1289.14,32.05,41.28,49.74,201.6,22.4,23.75,99.64,84.69,7.47,7.38,-1.26
0.74,1289.14,32.05,41.28,49.74,201.6,22.4,23.75,99.64,84.69,7.47,7.38,-1.26
0.74,1289.14,32.05,41.28,49.74,201.6,22.4,23.75,99.64,84.69,7.47,7.38,-1.26
0.74,1289.14,32.05,41.28,49.74,201.6,22.4,23.75,99.64,84.69,7.47,7.38,-1.26
0.75,1289.14,32.05,41.28,49.74,201.6,22.4,23.75,99.64,84.69,7.47,7.38,-1.26
0.75,1289.14,32.05,41.28,49.74,201.6,22.4,23.75,99.64,84.69,7.47,7.38,-1.26
0.75,1289.14,32.05,41.28,49.74,201.6,22.4,23.75,99.64,84.69,7.47,7.38,-1.26
0.75,1289.14,32.05,41.28,49.74,201.6,22.4,23.75,99.64,84.69,7.47,7.38,-1.26
0.75,1289.14,32.05,41.28,49.74,201.6,22.4,23.75,99.64,84.69,7.47,7.38,-1.26
0.75,1289.14,32.05,41.28,49.74,201.6,22.4,23.75,99.64,84.69,7.47,7.38,-1.26
0.75,1289.14,32.05,41.28,49.74,201.6,22.4,23.75,99.64,84.69,7.47,7.38,-1.26
0.76,1291.31,32.05,41.29,49.99,209.56,22.4,23.75,99.68,84.87,7.47,7.38,-1.26
0.76,1291.31,32.05,41.29,49.99,209.56,22.4,23.75,99.68,84.87,7.47,7.38,-1.26
0.76,1291.31,32.05,41.29,49.99,209.56,22.4,23.75,99.68,84.87,7.47,7.38,-1.26
0.76,1291.31,32.05,41.29,49.99,209.56,22.4,23.75,99.68,84.87,7.47,7.38,-1.26
0.76,1291.31,32.05,41.29,49.99,209.56,22.4,23.75,99.68,84.87,7.47,7.38,-1.26
0.76,1291.31,32.05,41.29,49.99,209.56,22.4,23.75,99.68,84.87,7.47,7.38,-1.26
0.77,1291.31,32.05,41.29,49.99,209.56,22.4,23.75,99.68,84.87,7.47,7.38,-1.26
0.77,1291.31,32.05,41.29,49.99,209.56,22.4,23.75,99.68,84.87,7.47,7.38,-1.26
0.77,1291.31,32.05,41.29,49.99,209.56,22.4,23.75,99.68,84.87,7.47,7.38,-1.26
0.77,1291.31,32.05,41.29,49.99,209.56,22.4,23.75,99.68,84.87,7.47,7.38,-1.26
0.77,1291.31,32.05,41.29,49.99,209.56,22.4,23.75,99.68,84.87,7.47,7.38,-1.26
0.77,1291.31,32.05,41.29,49.99,209.56,22.4,23.75,99.68,84.87,7.47,7.38,-1.26
0.78,1293.37,32.05,41.29,50.25,217.26,22.4,23.75,99.71,85.06,7.47,7.38,-1.26
0.78,1293.37,32.05,41.29,50.25,217.26,22.4,23.75,99.71,85.06,7.47,7.38,-1.26
0.78,1293.37,32.05,41.29,50.25,217.26,22.4,23.75,99.71,85.06,7.47,7.38,-1.26
0.78,1293.37,32.05,41.29,50.25,217.26,22.4,23.75,99.71,85.06,7.47,7.38,-1.26
0.78,1293.37,32.05,41.29,50.25,217.26,22.4,23.75,99.71,85.06,7.47,7.38,-1.26
0.78,1293.37,32.05,41.29,50.25,217.26,22.4,23.75,99.71,85.06,7.47,7.38,-1.26
0.78,1293.37,32.05,41.29,50.25,217.26,22.4,23.75,99.71,85.06,7.47,7.38,-1.26
0.79,1293.37,32.05,41.29,50.25,217.26,22.4,23.75,99.71,85.06,7.47,7.38,-1.26
0.79,1293.37,32.05,41.29,50.25,217.26,22.4,23.75,99.71,85.06,7.47,7.38,-1.26
0.79,1293.37,32.05,41.29,50.25,217.26,22.4,23.75,99.71,85.06,7.47,7.38,-1.26
0.79,1293.37,32.05,41.29,50.25,217.26,22.4,23.75,99.71,85.06,7.47,7.38,-1.26
0.79,1293.37,32.05,41.29,50.25,217.26,22.4,23.75,99.71,85.06,7.47,7.38,-1.26
0.79,1293.37,32.05,41.29,50.25,217.26,22.4,23.75,99.71,85.06,7.47,7.38,-1.26
0.8,1293.49,32.05,41.29,50.27,217.71,22.4,23.75,99.71,85.07,7.47,7.38,-1.26
0.8,1293.49,32.05,41.29,50.27,217.71,22.4,23.75,99.71,85.07,7.47,7.38,-1.26
0.8,1293.49,32.05,41.29,50.27,217.71,22.4,23.75,99.71,85.07,7.47,7.38,-1.26
0.8,1293.49,32.05,41.29,50.27,217.71,22.4,23.75,99.71,85.07,7.47,7.38,-1.26
0.8,1293.49,32.05,41.29,50.27,217.71,22.4,23.75,99.71,85.07,7.47,7.38,-1.26
0.8,1293.49,32.05,41.29,50.27,217.71,22.4,23.75,99.71,85.07,7.47,7.38,-1.26
0.81,1293.61,32.05,41.29,50.28,218.17,22.4,23.75,99.71,85.08,7.47,7.38,-1.26
0.81,1293.61,32.05,41.29,50.28,218.17,22.4,23.75,99.71,85.08,7.47,7.38,-1.26
0.81,1293.61,32.05,41.29,50.28,218.17,22.4,23.75,99.71,85.08,7.47,7.38,-1.26
0.81,1293.61,32.05,41.29,50.28,218.17,22.4,23.75,99.71,85.08,7.47,7.38,-1.26
0.81,1293.61,32.05,41.29,50.28,218.17,22.4,23.75,99.71,85.08,7.47,7.38,-1.26
0.81,1293.61,32.05,41.29,50.28,218.17,22.4,23.75,99.71,85.08,7.47,7.38,-1.26
0.81,1293.61,32.05,41.29,50.28,218.17,22.4,23.75,99.71,85.08,7.47,7.38,-1.26
0.82,1293.61,32.05,41.29,50.28,218.17,22.4,23.75,99.71,85.08,7.47,7.38,-1.26
0.82,1293.61,32.05,41.29,50.28,218.17,22.4,23.75,99.71,85.08,7.47,7.38,-1.26
0.82,1293.61,32.05,41.29,50.28,218.17,22.4,23.75,99.71,85.08,7.47,7.38,-1.26
0.82,1293.61,32.05,41.29,50.28,218.17,22.4,23.75,99.71,85.08,7.47,7.38,-1.26
0.82,1293.61,32.05,41.29,50.28,218.17,22.4,23.75,99.71,85.08,7.47,7.38,-1.26
0.82,1293.61,32.05,41.29,50.28,218.17,22.4,23.75,99.71,85.08,7.47,7.38,-1.26
0.83,1295.23,32.05,41.3,50.44,224.39,22.4,23.76,99.73,85.19,7.47,7.38,-1.26
0.83,1295.23,32.05,41.3,50.44,224.39,22.4,23.76,99.73,85.19,7.47,7.38,-1.26
0.83,1295.23,32.05,41.3,50.44,224.39,22.4,23.76,99.73,85.19,7.47,7.38,-1.26
0.83,1295.23,32.05,41.3,50.44,224.39,22.4,23.76,99.73,85.19,7.47,7.38,-1.26
0.83,1295.23,32.05,41.3,50.44,224.39,22.4,23.76,99.73,85.19,7.47,7.38,-1.26
0.83,1295.23,32.05,41.3,50.44,224.39,22.4,23.76,99.73,85.19,7.47,7.38,-1.26
0.84,1295.23,32.05,41.3,50.44,224.39,22.4,23.76,99.73,85.19,7.47,7.38,-1.26
0.84,1295.23,32.05,41.3,50.44,224.39,22.4,23.76,99.73,85.19,7.47,7.38,-1.26
0.84,1295.23,32.05,41.3,50.44,224.39,22.4,23.76,99.73,85.19,7.47,7.38,-1.26
0.84,1295.23,32.05,41.3,50.44,224.39,22.4,23.76,99.73,85.19,7.47,7.38,-1.26
0.84,1295.23,32.05,41.3,50.44,224.39,22.4,23.76,99.73,85.19,7.47,7.38,-1.26
0.84,1295.23,32.05,41.3,50.44,224.39,22.4,23.76,99.73,85.19,7.47,7.38,-1.26
0.84,1295.23,32.05,41.3,50.44,224.39,22.4,23.76,99.73,85.19,7.47,7.38,-1.26
0.85,1297.14,32.05,41.3,50.64,231.89,22.4,23.76,99.76,85.33,7.47,7.38,-1.26
0.85,1297.14,32.05,41.3,50.64,231.89,22.4,23.76,99.76,85.33,7.47,7.38,-1.26
0.85,1297.14,32.05,41.3,50.64,231.89,22.4,23.76,99.76,85.33,7.47,7.38,-1.26
0.85,1297.14,32.05,41.3,50.64,231.89,22.4,23.76,99.76,85.33,7.47,7.38,-1.26
0.85,1297.14,32.05,41.3,50.64,231.89,22.4,23.76,99.76,85.33,7.47,7.38,-1.26
0.85,1297.14,32.05,41.3,50.64,231.89,22.4,23.76,99.76,85.33,7.47,7.38,-1.26
0.86,1297.14,32.05,41.3,50.64,231.89,22.4,23.76,99.76,85.33,7.47,7.38,-1.26
0.86,1297.14,32.05,41.3,50.64,231.89,22.4,23.76,99.76,85.33,7.47,7.38,-1.26
0.86,1297.14,32.05,41.3,50.64,231.89,22.4,23.76,99.76,85.33,7.47,7.38,-1.26
0.86,1297.14,32.05,41.3,50.64,231.89,22.4,23.76,99.76,85.33,7.47,7.38,-1.26
0.86,1297.14,32.05,41.3,50.64,231.89,22.4,23.76,99.76,85.33,7.47,7.38,-1.26
0.86,1297.14,32.05,41.3,50.64,231.89,22.4,23.76,99.76,85.33,7.47,7.38,-1.26
0.87,1297.14,32.05,41.3,50.64,231.89,22.4,23.76,99.76,85.33,7.47,7.38,-1.26
0.87,1297.14,32.05,41.3,50.64,231.89,22.4,23.76,99.76,85.33,7.47,7.38,-1.26
0.87,1297.14,32.05,41.3,50.64,231.89,22.4,23.76,99.76,85.33,7.47,7.38,-1.26
0.87,1297.14,32.05,41.3,50.64,231.89,22.4,23.76,99.76,85.33,7.47,7.38,-1.26
0.87,1297.14,32.05,41.3,50.64,231.89,22.4,23.76,99.76,85.33,7.47,7.38,-1.26
0.87,1297.14,32.05,41.3,50.64,231.89,22.4,23.76,99.76,85.33,7.47,7.38,-1.26
0.87,1297.14,32.05,41.3,50.64,231.89,22.4,23.76,99.76,85.33,7.47,7.38,-1.26
0.88,1298.75,32.06,41.3,50.85,238.31,22.4,23.76,99.78,85.48,7.47,7.38,-1.26
0.88,1298.75,32.06,41.3,50.85,238.31,22.4,23.76,99.78,85.48,7.47,7.38,-1.26
0.88,1298.75,32.06,41.3,50.85,238.31,22.4,23.76,99.78,85.48,7.47,7.38,-1.26
0.88,1298.75,32.06,41.3,50.85,238.31,22.4,23.76,99.78,85.48,7.47,7.38,-1.26
0.88,1298.75,32.06,41.3,50.85,238.31,22.4,23.76,99.78,85.48,7.47,7.38,-1.26
0.88,1298.75,32.06,41.3,50.85,238.31,22.4,23.76,99.78,85.48,7.47,7.38,-1.26
0.89,1298.75,32.06,41.3,50.85,238.31,22.4,23.76,99.78,85.48,7.47,7.38,-1.26
0.89,1298.75,32.06,41.3,50.85,238.31,22.4,23.76,99.78,85.48,7.47,7.38,-1.26
0.89,1298.75,32.06,41.3,50.85,238.31,22.4,23.76,99.78,85.48,7.47,7.38,-1.26
0.89,1298.75,32.06,41.3,50.85,238.31,22.4,23.76,99.78,85.48,7.47,7.38,-1.26
0.89,1298.75,32.06,41.3,50.85,238.31,22.4,23.76,99.78,85.48,7.47,7.38,-1.26
0.89,1298.75,32.06,41.3,50.85,238.31,22.4,23.76,99.78,85.48,7.47,7.38,-1.26
0.9,1298.75,32.06,41.3,50.85,238.31,22.4,23.76,99.78,85.48,7.47,7.38,-1.26
0.9,1298.75,32.06,41.3,50.85,238.31,22.4,23.76,99.78,85.48,7.47,7.38,-1.26
0.9,1298.75,32.06,41.3,50.85,238.31,22.4,23.76,99.78,85.48,7.47,7.38,-1.26
0.9,1298.75,32.06,41.3,50.85,238.31,22.4,23.76,99.78,85.48,7.47,7.38,-1.26
0.9,1298.75,32.06,41.3,50.85,238.31,22.4,23.76,99.78,85.48,7.47,7.38,-1.26
0.9,1298.75,32.06,41.3,50.85,238.31,22.4,23.76,99.78,85.48,7.47,7.38,-1.26
0.91,1299.07,32.06,41.3,50.89,239.59,22.4,23.76,99.78,85.5,7.47,7.38,-1.26
0.91,1299.07,32.06,41.3,50.89,239.59,22.4,23.76,99.78,85.5,7.47,7.38,-1.26
0.91,1299.07,32.06,41.3,50.89,239.59,22.4,23.76,99.78,85.5,7.47,7.38,-1.26
0.91,1299.07,32.06,41.3,50.89,239.59,22.4,23.76,99.78,85.5,7.47,7.38,-1.26
0.91,1299.07,32.06,41.3,50.89,239.59,22.4,23.76,99.78,85.5,7.47,7.38,-1.26
0.91,1299.07,32.06,41.3,50.89,239.59,22.4,23.76,99.78,85.5,7.47,7.38,-1.26
0.91,1299.07,32.06,41.3,50.89,239.59,22.4,23.76,99.78,85.5,7.47,7.38,-1.26
0.92,1299.07,32.06,41.3,50.89,239.59,22.4,23.76,99.78,85.5,7.47,7.38,-1.26
0.92,1299.07,32.06,41.3,50.89,239.59,22.4,23.76,99.78,85.5,7.47,7.38,-1.26
0.92,1299.07,32.06,41.3,50.89,239.59,22.4,23.76,99.78,85.5,7.47,7.38,-1.26
0.92,1299.07,32.06,41.3,50.89,239.59,22.4,23.76,99.78,85.5,7.47,7.38,-1.26
0.92,1299.07,32.06,41.3,50.89,239.59,22.4,23.76,99.78,85.5,7.47,7.38,-1.26
0.92,1299.07,32.06,41.3,50.89,239.59,22.4,23.76,99.78,85.5,7.47,7.38,-1.26
0.93,1300.37,32.06,41.31,51.01,244.93,22.4,23.76,99.79,85.58,7.47,7.38,-1.26
0.93,1300.37,32.06,41.31,51.01,244.93,22.4,23.76,99.79,85.58,7.47,7.38,-1.26
0.93,1300.37,32.06,41.31,51.01,244.93,22.4,23.76,99.79,85.58,7.47,7.38,-1.26
0.93,1300.37,32.06,41.31,51.01,244.93,22.4,23.76,99.79,85.58,7.47,7.38,-1.26
0.93,1300.37,32.06,41.31,51.01,244.93,22.4,23.76,99.79,85.58,7.47,7.38,-1.26
0.93,1300.37,32.06,41.31,51.01,244.93,22.4,23.76,99.79,85.58,7.47,7.38,-1.26
0.94,1300.37,32.06,41.31,51.01,244.93,22.4,23.76,99.79,85.58,7.47,7.38,-1.26
0.94,1300.37,32.06,41.31,51.01,244.93,22.4,23.76,99.79,85.58,7.47,7.38,-1.26
0.94,1300.37,32.06,41.31,51.01,244.93,22.4,23.76,99.79,85.58,7.47,7.38,-1.26
0.94,1300.37,32.06,41.31,51.01,244.93,22.4,23.76,99.79,85.58,7.47,7.38,-1.26
0.94,1300.37,32.06,41.31,51.01,244.93,22.4,23.76,99.79,85.58,7.47,7.38,-1.26
0.94,1300.37,32.06,41.31,51.01,244.93,22.4,23.76,99.79,85.58,7.47,7.38,-1.26
0.94,1300.37,32.06,41.31,51.01,244.93,22.4,23.76,99.79,85.58,7.47,7.38,-1.26
0.95,1300.37,32.06,41.31,51.01,244.93,22.4,23.76,99.79,85.58,7.47,7.38,-1.26
0.95,1300.37,32.06,41.31,51.01,244.93,22.4,23.76,99.79,85.58,7.47,7.38,-1.26
0.95,1300.37,32.06,41.31,51.01,244.93,22.4,23.76,99.79,85.58,7.47,7.38,-1.26
0.95,1300.37,32.06,41.31,51.01,244.93,22.4,23.76,99.79,85.58,7.47,7.38,-1.26
0.95,1300.37,32.06,41.31,51.01,244.93,22.4,23.76,99.79,85.58,7.47,7.38,-1.26
0.95,1300.37,32.06,41.31,51.01,244.93,22.4,23.76,99.79,85.58,7.47,7.38,-1.26
0.96,1302.08,32.06,41.31,51.2,251.97,22.4,23.76,99.81,85.71,7.47,7.38,-1.26
0.96,1302.08,32.06,41.31,51.2,251.97,22.4,23.76,99.81,85.71,7.47,7.38,-1.26
0.96,1302.08,32.06,41.31,51.2,251.97,22.4,23.76,99.81,85.71,7.47,7.38,-1.26
0.96,1302.08,32.06,41.31,51.2,251.97,22.4,23.76,99.81,85.71,7.47,7.38,-1.26
0.96,1302.08,32.06,41.31,51.2,251.97,22.4,23.76,99.81,85.71,7.47,7.38,-1.26
0.96,1302.08,32.06,41.31,51.2,251.97,22.4,23.76,99.81,85.71,7.47,7.38,-1.26
0.97,1302.08,32.06,41.31,51.2,251.97,22.4,23.76,99.81,85.71,7.47,7.38,-1.26
0.97,1302.08,32.06,41.31,51.2,251.97,22.4,23.76,99.81,85.71,7.47,7.38,-1.26
0.97,1302.08,32.06,41.31,51.2,251.97,22.4,23.76,99.81,85.71,7.47,7.38,-1.26
0.97,1302.08,32.06,41.31,51.2,251.97,22.4,23.76,99.81,85.71,7.47,7.38,-1.26
0.97,1302.08,32.06,41.31,51.2,251.97,22.4,23.76,99.81,85.71,7.47,7.38,-1.26
0.97,1302.08,32.06,41.31,51.2,251.97,22.4,23.76,99.81,85.71,7.47,7.38,-1.26
0.97,1302.08,32.06,41.31,51.2,251.97,22.4,23.76,99.81,85.71,7.47,7.38,-1.26
0.98,1303.74,32.06,41.31,51.42,258.89,22.4,23.76,99.82,85.86,7.47,7.38,-1.26
0.98,1303.74,32.06,41.31,51.42,258.89,22.4,23.76,99.82,85.86,7.47,7.38,-1.26
0.98,1303.74,32.06,41.31,51.42,258.89,22.4,23.76,99.82,85.86,7.47,7.38,-1.26
0.98,1303.74,32.06,41.31,51.42,258.89,22.4,23.76,99.82,85.86,7.47,7.38,-1.26
0.98,1303.74,32.06,41.31,51.42,258.89,22.4,23.76,99.82,85.86,7.47,7.38,-1.26
0.98,1303.74,32.06,41.31,51.42,258.89,22.4,23.76,99.82,85.86,7.47,7.38,-1.26
0.99,1303.74,32.06,41.31,51.42,258.89,22.4,23.76,99.82,85.86,7.47,7.38,-1.26
0.99,1303.74,32.06,41.31,51.42,258.89,22.4,23.76,99.82,85.86,7.47,7.38,-1.26
0.99,1303.74,32.06,41.31,51.42,258.89,22.4,23.76,99.82,85.86,7.47,7.38,-1.26
0.99,1303.74,32.06,41.31,51.42,258.89,22.4,23.76,99.82,85.86,7.47,7.38,-1.26
0.99,1303.74,32.06,41.31,51.42,258.89,22.4,23.76,99.82,85.86,7.47,7.38,-1.26
0.99,1303.74,32.06,41.31,51.42,258.89,22.4,23.76,99.82,85.86,7.47,7.38,-1.26
1.0,1303.74,32.06,41.31,51.42,258.89,22.4,23.76,99.82,85.86,7.47,7.38,-1.26
1.0,1303.74,32.06,41.31,51.42,258.89,22.4,23.76,99.82,85.86,7.47,7.38,-1.26
1.0,1303.74,32.06,41.31,51.42,258.89,22.4,23.76,99.82,85.86,7.47,7.38,-1.26
1.0,1303.74,32.06,41.31,51.42,258.89,22.4,23.76,99.82,85.86,7.47,7.38,-1.26
