hemodynamics mvo2 value,caSys_pCO2,cvSys_pCO2,caSys_HCO3,cvSys_HCO3,caSys_BE,bgDO2,caSys_pH,cvSys_pH,cvSys_pO2,caSys_pO2,caSys_O2sat,cvSys_O2sat
100,15.39,20.25,19.9,20.6,1.49,1314.14,7.73,7.63,80.72,303.39,99.89,95.54
103,15.63,20.57,19.93,20.65,1.4,1314.16,7.73,7.62,79.8,303.5,99.89,95.4
106,15.72,20.73,19.95,20.67,1.36,1314.15,7.72,7.62,79.29,303.45,99.89,95.32
108,16.0,21.17,19.99,20.74,1.25,1314.04,7.72,7.61,77.88,302.99,99.89,95.09
111,16.36,21.66,20.04,20.81,1.13,1313.87,7.71,7.6,76.78,302.25,99.88,94.9
114,16.97,22.39,20.14,20.92,0.96,1313.59,7.7,7.59,75.42,301.03,99.88,94.65
117,17.34,22.83,20.19,20.99,0.86,1313.38,7.69,7.59,74.61,300.1,99.88,94.5
120,17.96,23.55,20.28,21.09,0.71,1312.93,7.67,7.57,73.38,298.12,99.88,94.25
122,18.3,23.95,20.33,21.15,0.62,1312.73,7.67,7.57,72.46,297.23,99.88,94.06
125,18.57,24.27,20.38,21.2,0.56,1312.64,7.66,7.56,71.15,296.83,99.88,93.77
128,19.22,25.06,20.47,21.32,0.41,1312.03,7.65,7.55,69.8,294.2,99.88,93.45
131,19.44,25.35,20.51,21.36,0.36,1311.84,7.64,7.55,69.29,293.38,99.87,93.32
134,19.72,25.8,20.55,21.43,0.28,1311.69,7.64,7.54,68.25,292.74,99.87,93.05
136,20.0,26.19,20.59,21.49,0.21,1311.53,7.63,7.54,67.56,292.06,99.87,92.87
139,20.31,26.68,20.64,21.56,0.13,1311.45,7.63,7.53,66.72,291.7,99.87,92.63
142,20.56,27.0,20.67,21.61,0.08,1311.29,7.62,7.52,66.29,290.98,99.87,92.51
145,21.37,27.94,20.8,21.75,-0.06,1310.66,7.61,7.51,65.26,288.29,99.87,92.2
148,22.31,29.05,20.94,21.92,-0.22,1310.17,7.59,7.5,64.03,286.18,99.87,91.81
151,22.54,29.31,20.97,21.96,-0.26,1310.07,7.59,7.5,63.6,285.74,99.86,91.67
153,22.73,29.54,21.0,21.99,-0.29,1310.0,7.59,7.49,62.86,285.39,99.86,91.41
156,22.91,29.76,21.03,22.02,-0.32,1309.95,7.58,7.49,62.5,285.15,99.86,91.29
159,23.47,30.43,21.11,22.13,-0.4,1309.79,7.58,7.48,61.83,284.5,99.86,91.04
162,23.69,30.74,21.14,22.17,-0.44,1309.67,7.57,7.48,61.38,283.96,99.86,90.87
165,23.84,31.09,21.17,22.22,-0.48,1309.35,7.57,7.48,60.66,282.62,99.86,90.6
167,24.11,31.49,21.21,22.28,-0.52,1309.17,7.57,7.47,60.13,281.84,99.86,90.39
170,24.92,32.48,21.33,22.43,-0.63,1308.84,7.55,7.46,59.15,280.46,99.86,89.98
173,25.64,33.31,21.44,22.56,-0.71,1308.24,7.54,7.45,58.5,277.85,99.85,89.7
176,25.8,33.51,21.46,22.59,-0.73,1308.11,7.54,7.45,58.28,277.31,99.85,89.6
179,26.03,33.79,21.49,22.63,-0.76,1307.97,7.54,7.45,57.77,276.74,99.85,89.37
181,26.34,34.16,21.54,22.68,-0.79,1307.84,7.53,7.44,57.33,276.17,99.85,89.17
184,26.81,34.73,21.61,22.77,-0.84,1307.65,7.53,7.44,56.81,275.36,99.85,88.92
187,27.24,35.27,21.68,22.85,-0.88,1307.38,7.52,7.43,56.36,274.22,99.85,88.7
190,27.88,36.1,21.77,22.98,-0.95,1306.85,7.51,7.43,55.66,271.95,99.84,88.34
193,28.1,36.54,21.8,23.04,-0.98,1306.66,7.51,7.42,55.04,271.13,99.84,88.02
195,28.13,36.6,21.81,23.05,-0.99,1306.62,7.51,7.42,54.92,270.96,99.84,87.96
198,28.31,36.86,21.84,23.09,-1.0,1306.35,7.51,7.42,54.37,269.8,99.84,87.65
201,28.43,37.0,21.85,23.11,-1.01,1306.27,7.51,7.42,54.28,269.48,99.84,87.6
204,29.62,38.39,22.03,23.32,-1.1,1305.63,7.49,7.41,53.69,266.74,99.84,87.26
207,30.17,39.06,22.12,23.42,-1.14,1305.33,7.49,7.4,53.28,265.46,99.83,87.02
209,30.27,39.27,22.13,23.45,-1.15,1305.23,7.49,7.4,52.89,265.08,99.83,86.79
212,30.36,39.38,22.14,23.47,-1.16,1305.21,7.48,7.4,52.8,264.98,99.83,86.74
215,31.25,40.33,22.28,23.61,-1.21,1305.04,7.47,7.39,51.98,264.26,99.83,86.22
218,31.36,40.59,22.29,23.65,-1.22,1304.67,7.47,7.39,51.6,262.68,99.83,85.97
221,31.38,40.62,22.3,23.65,-1.22,1304.65,7.47,7.39,51.57,262.6,99.83,85.96
223,31.46,40.73,22.31,23.67,-1.23,1304.51,7.47,7.39,51.43,262.03,99.83,85.87
226,31.92,41.43,22.38,23.78,-1.26,1303.8,7.47,7.38,50.73,259.09,99.82,85.38
229,31.98,41.5,22.39,23.79,-1.26,1303.75,7.47,7.38,50.67,258.87,99.82,85.34
232,32.54,42.28,22.47,23.9,-1.29,1303.25,7.46,7.37,50.1,256.79,99.82,84.94
235,32.54,42.28,22.47,23.9,-1.29,1303.25,7.46,7.37,50.1,256.79,99.82,84.94
237,33.36,43.34,22.59,24.06,-1.33,1302.79,7.45,7.37,49.44,254.86,99.81,84.46
240,34.04,44.22,22.7,24.19,-1.36,1302.4,7.45,7.36,48.83,253.21,99.81,84.0
243,34.04,44.22,22.7,24.19,-1.36,1302.4,7.45,7.36,48.83,253.21,99.81,84.0
246,34.69,45.04,22.79,24.32,-1.39,1302.08,7.44,7.35,48.18,251.88,99.81,83.49
249,34.69,45.04,22.79,24.32,-1.39,1302.08,7.44,7.35,48.18,251.88,99.81,83.49
252,34.97,45.4,22.83,24.37,-1.4,1301.92,7.44,7.35,47.93,251.24,99.81,83.29
254,34.97,45.4,22.83,24.37,-1.4,1301.92,7.44,7.35,47.93,251.24,99.81,83.29
257,35.72,46.4,22.95,24.52,-1.42,1301.44,7.43,7.34,47.34,249.27,99.8,82.8
260,35.72,46.4,22.95,24.52,-1.42,1301.44,7.43,7.34,47.34,249.27,99.8,82.8
263,36.29,47.11,23.03,24.63,-1.43,1301.08,7.42,7.34,46.97,247.83,99.8,82.48
266,37.54,48.65,23.22,24.86,-1.46,1300.31,7.41,7.33,46.22,244.7,99.79,81.82
268,37.54,48.65,23.22,24.86,-1.46,1300.31,7.41,7.33,46.22,244.7,99.79,81.82
271,38.0,49.22,23.29,24.94,-1.47,1300.02,7.41,7.33,45.91,243.51,99.79,81.54
274,38.0,49.22,23.29,24.94,-1.47,1300.02,7.41,7.33,45.91,243.51,99.79,81.54
277,38.68,50.06,23.39,25.07,-1.47,1299.6,7.4,7.32,45.37,241.75,99.78,81.04
280,38.68,50.06,23.39,25.07,-1.47,1299.6,7.4,7.32,45.37,241.75,99.78,81.04
282,39.43,51.02,23.5,25.21,-1.48,1299.08,7.4,7.32,44.84,239.67,99.78,80.53
285,40.19,52.0,23.62,25.36,-1.48,1298.54,7.39,7.31,44.35,237.5,99.77,80.04
288,40.19,52.0,23.62,25.36,-1.48,1298.54,7.39,7.31,44.35,237.5,99.77,80.04
291,40.69,52.63,23.69,25.46,-1.48,1298.23,7.39,7.31,44.08,236.25,99.77,79.77
294,40.69,52.63,23.69,25.46,-1.48,1298.23,7.39,7.31,44.08,236.25,99.77,79.77
296,41.53,53.65,23.82,25.61,-1.48,1297.77,7.38,7.3,43.68,234.39,99.76,79.36
299,41.53,53.65,23.82,25.61,-1.48,1297.77,7.38,7.3,43.68,234.39,99.76,79.36
302,42.24,54.51,23.93,25.74,-1.48,1297.38,7.37,7.3,43.31,232.83,99.76,78.96
305,42.24,54.51,23.93,25.74,-1.48,1297.38,7.37,7.3,43.31,232.83,99.76,78.96
308,43.04,55.51,24.05,25.89,-1.47,1296.89,7.37,7.29,42.82,230.93,99.75,78.42
310,43.46,56.04,24.11,25.97,-1.47,1296.62,7.37,7.29,42.57,229.85,99.75,78.15
313,43.46,56.04,24.11,25.97,-1.47,1296.62,7.37,7.29,42.57,229.85,99.75,78.15
316,44.38,57.26,24.25,26.15,-1.45,1295.94,7.36,7.28,42.03,227.16,99.74,77.53
319,44.38,57.26,24.25,26.15,-1.45,1295.94,7.36,7.28,42.03,227.16,99.74,77.53
322,44.84,57.84,24.32,26.24,-1.44,1295.65,7.36,7.28,41.79,226.04,99.74,77.26
324,44.84,57.84,24.32,26.24,-1.44,1295.65,7.36,7.28,41.79,226.04,99.74,77.26
327,45.81,59.04,24.46,26.42,-1.42,1295.13,7.35,7.27,41.35,223.97,99.73,76.73
330,46.39,59.74,24.55,26.52,-1.41,1294.79,7.35,7.27,41.09,222.69,99.73,76.41
333,46.39,59.74,24.55,26.52,-1.41,1294.79,7.35,7.27,41.09,222.69,99.73,76.41
336,47.44,61.02,24.71,26.71,-1.39,1294.1,7.34,7.26,40.59,220.03,99.72,75.79
338,47.44,61.02,24.71,26.71,-1.39,1294.1,7.34,7.26,40.59,220.03,99.72,75.79
341,47.88,61.57,24.77,26.8,-1.37,1293.79,7.34,7.26,40.37,218.83,99.72,75.51
344,47.88,61.57,24.77,26.8,-1.37,1293.79,7.34,7.26,40.37,218.83,99.72,75.51
347,48.56,62.46,24.87,26.93,-1.35,1293.26,7.33,7.26,40.01,216.78,99.71,75.04
350,48.56,62.46,24.87,26.93,-1.35,1293.26,7.33,7.26,40.01,216.78,99.71,75.04
353,49.53,63.62,25.02,27.1,-1.32,1292.57,7.32,7.25,39.57,214.16,99.7,74.46
355,50.68,64.9,25.19,27.3,-1.28,1291.87,7.32,7.25,39.17,211.55,99.69,73.93
358,50.68,64.9,25.19,27.3,-1.28,1291.87,7.32,7.25,39.17,211.55,99.69,73.93
361,50.77,65.01,25.21,27.31,-1.28,1291.82,7.32,7.24,39.14,211.36,99.69,73.87
364,50.77,65.01,25.21,27.31,-1.28,1291.82,7.32,7.24,39.14,211.36,99.69,73.87
367,51.89,66.51,25.37,27.54,-1.23,1291.61,7.31,7.24,38.64,210.55,99.68,73.18
369,51.89,66.51,25.37,27.54,-1.23,1291.61,7.31,7.24,38.64,210.55,99.68,73.18
372,51.94,66.58,25.38,27.55,-1.23,1291.58,7.31,7.24,38.62,210.44,99.68,73.15
375,51.94,66.58,25.38,27.55,-1.23,1291.58,7.31,7.24,38.62,210.44,99.68,73.15
378,52.73,67.67,25.5,27.71,-1.19,1290.79,7.31,7.23,38.19,207.55,99.67,72.52
381,53.31,68.43,25.59,27.82,-1.17,1290.36,7.3,7.23,37.93,205.93,99.66,72.14
383,53.31,68.43,25.59,27.82,-1.17,1290.36,7.3,7.23,37.93,205.93,99.66,72.14
386,54.3,69.63,25.73,28.01,-1.12,1289.73,7.3,7.23,37.57,203.63,99.65,71.59
389,54.3,69.63,25.73,28.01,-1.12,1289.73,7.3,7.23,37.57,203.63,99.65,71.59
392,54.9,70.36,25.83,28.12,-1.09,1289.34,7.29,7.22,37.35,202.2,99.64,71.26
395,54.9,70.36,25.83,28.12,-1.09,1289.34,7.29,7.22,37.35,202.2,99.64,71.26
397,55.64,71.23,25.94,28.25,-1.06,1288.87,7.29,7.22,37.1,200.54,99.64,70.87
400,56.4,72.19,26.05,28.39,-1.02,1288.32,7.29,7.22,36.8,198.57,99.63,70.4
403,56.4,72.19,26.05,28.39,-1.02,1288.32,7.29,7.22,36.8,198.57,99.63,70.4
406,57.36,73.46,26.19,28.58,-0.96,1287.53,7.28,7.21,36.36,195.78,99.61,69.7
409,57.36,73.46,26.19,28.58,-0.96,1287.53,7.28,7.21,36.36,195.78,99.61,69.7
411,57.8,74.02,26.26,28.66,-0.94,1287.2,7.28,7.21,36.19,194.61,99.6,69.43
414,57.8,74.02,26.26,28.66,-0.94,1287.2,7.28,7.21,36.19,194.61,99.6,69.43
417,58.86,75.32,26.42,28.86,-0.88,1286.46,7.27,7.2,35.86,192.07,99.59,68.87
420,58.86,75.32,26.42,28.86,-0.88,1286.46,7.27,7.2,35.86,192.07,99.59,68.87
423,59.16,75.68,26.46,28.91,-0.86,1286.26,7.27,7.2,35.75,191.37,99.59,68.7
425,60.11,76.78,26.61,29.08,-0.81,1285.68,7.27,7.2,35.45,189.39,99.57,68.19
428,60.11,76.78,26.61,29.08,-0.81,1285.68,7.27,7.2,35.45,189.39,99.57,68.19
431,60.46,77.21,26.66,29.14,-0.78,1285.44,7.27,7.2,35.31,188.56,99.57,67.95
434,60.46,77.21,26.66,29.14,-0.78,1285.44,7.27,7.2,35.31,188.56,99.57,67.95
437,61.25,78.29,26.78,29.3,-0.73,1284.83,7.26,7.19,34.97,186.51,99.56,67.34
439,61.25,78.29,26.78,29.3,-0.73,1284.83,7.26,7.19,34.97,186.51,99.56,67.34
442,61.97,79.21,26.88,29.44,-0.68,1284.31,7.26,7.19,34.71,184.79,99.54,66.89
445,62.89,80.35,27.02,29.61,-0.62,1283.69,7.25,7.19,34.45,182.72,99.53,66.41
448,62.89,80.35,27.02,29.61,-0.62,1283.69,7.25,7.19,34.45,182.72,99.53,66.41
451,63.5,81.12,27.12,29.73,-0.58,1283.26,7.25,7.19,34.25,181.33,99.52,66.06
454,63.5,81.12,27.12,29.73,-0.58,1283.26,7.25,7.19,34.25,181.33,99.52,66.06
456,64.36,82.15,27.24,29.88,-0.52,1282.67,7.25,7.18,33.97,179.43,99.5,65.54
459,64.36,82.15,27.24,29.88,-0.52,1282.67,7.25,7.18,33.97,179.43,99.5,65.54
462,64.86,82.77,27.32,29.98,-0.49,1282.32,7.25,7.18,33.8,178.32,99.5,65.22
465,64.86,82.77,27.32,29.98,-0.49,1282.32,7.25,7.18,33.8,178.32,99.5,65.22
468,65.62,83.75,27.43,30.12,-0.43,1281.77,7.24,7.18,33.52,176.6,99.48,64.69
470,66.25,84.54,27.53,30.24,-0.39,1281.34,7.24,7.18,33.33,175.26,99.47,64.32
473,66.25,84.54,27.53,30.24,-0.39,1281.34,7.24,7.18,33.33,175.26,99.47,64.32
476,67.3,85.84,27.68,30.44,-0.31,1280.69,7.24,7.17,33.04,173.21,99.45,63.75
479,67.3,85.84,27.68,30.44,-0.31,1280.69,7.24,7.17,33.04,173.21,99.45,63.75
482,67.86,86.53,27.77,30.54,-0.27,1280.3,7.23,7.17,32.86,172.04,99.44,63.41
484,67.86,86.53,27.77,30.54,-0.27,1280.3,7.23,7.17,32.86,172.04,99.44,63.41
487,68.52,87.34,27.87,30.66,-0.22,1279.79,7.23,7.17,32.61,170.47,99.43,62.91
490,68.52,87.34,27.87,30.66,-0.22,1279.79,7.23,7.17,32.61,170.47,99.43,62.91
493,68.84,87.74,27.92,30.72,-0.19,1279.5,7.23,7.17,32.51,169.61,99.42,62.7
496,69.69,88.83,28.04,30.89,-0.13,1278.68,7.23,7.16,32.27,167.17,99.4,62.23
498,69.69,88.83,28.04,30.89,-0.13,1278.68,7.23,7.16,32.27,167.17,99.4,62.23
501,69.97,89.17,28.08,30.94,-0.1,1278.45,7.23,7.16,32.18,166.48,99.39,62.04
504,69.97,89.17,28.08,30.94,-0.1,1278.45,7.23,7.16,32.18,166.48,99.39,62.04
507,70.53,89.86,28.17,31.04,-0.06,1277.96,7.22,7.16,32.02,165.09,99.37,61.7
510,70.53,89.86,28.17,31.04,-0.06,1277.96,7.22,7.16,32.02,165.09,99.37,61.7
512,71.88,91.5,28.37,31.29,0.05,1276.89,7.22,7.16,31.61,162.08,99.34,60.84
515,72.4,92.15,28.45,31.38,0.09,1276.5,7.22,7.15,31.46,161.0,99.33,60.54
518,72.4,92.15,28.45,31.38,0.09,1276.5,7.22,7.15,31.46,161.0,99.33,60.54
521,73.72,93.77,28.65,31.63,0.2,1275.6,7.21,7.15,31.1,158.51,99.3,59.75
524,73.72,93.77,28.65,31.63,0.2,1275.6,7.21,7.15,31.1,158.51,99.3,59.75
526,74.02,94.14,28.69,31.68,0.22,1275.37,7.21,7.15,31.01,157.89,99.29,59.57
529,74.02,94.14,28.69,31.68,0.22,1275.37,7.21,7.15,31.01,157.89,99.29,59.57
532,75.39,95.86,28.9,31.94,0.34,1274.54,7.21,7.14,30.66,155.64,99.26,58.79
535,75.39,95.86,28.9,31.94,0.34,1274.54,7.21,7.14,30.66,155.64,99.26,58.79
538,75.39,95.86,28.9,31.94,0.34,1274.54,7.21,7.14,30.66,155.64,99.26,58.79
540,76.66,97.44,29.09,32.18,0.45,1273.66,7.2,7.14,30.31,153.36,99.23,58.02
543,76.66,97.44,29.09,32.18,0.45,1273.66,7.2,7.14,30.31,153.36,99.23,58.02
546,76.66,97.44,29.09,32.18,0.45,1273.66,7.2,7.14,30.31,153.36,99.23,58.02
549,76.66,97.44,29.09,32.18,0.45,1273.66,7.2,7.14,30.31,153.36,99.23,58.02
552,78.19,99.34,29.32,32.46,0.59,1272.48,7.2,7.14,29.88,150.4,99.19,57.02
555,78.19,99.34,29.32,32.46,0.59,1272.48,7.2,7.14,29.88,150.4,99.19,57.02
557,78.19,99.34,29.32,32.46,0.59,1272.48,7.2,7.14,29.88,150.4,99.19,57.02
560,79.35,100.77,29.49,32.68,0.69,1271.57,7.19,7.13,29.55,148.18,99.15,56.27
563,79.35,100.77,29.49,32.68,0.69,1271.57,7.19,7.13,29.55,148.18,99.15,56.27
566,79.35,100.77,29.49,32.68,0.69,1271.57,7.19,7.13,29.55,148.18,99.15,56.27
569,79.35,100.77,29.49,32.68,0.69,1271.57,7.19,7.13,29.55,148.18,99.15,56.27
571,81.08,102.89,29.75,32.99,0.85,1270.19,7.19,7.13,29.07,144.91,99.1,55.14
574,81.08,102.89,29.75,32.99,0.85,1270.19,7.19,7.13,29.07,144.91,99.1,55.14
577,81.08,102.89,29.75,32.99,0.85,1270.19,7.19,7.13,29.07,144.91,99.1,55.14
580,81.08,102.89,29.75,32.99,0.85,1270.19,7.19,7.13,29.07,144.91,99.1,55.14
583,81.88,103.89,29.87,33.14,0.92,1269.56,7.18,7.13,28.87,143.48,99.07,54.65
585,81.88,103.89,29.87,33.14,0.92,1269.56,7.18,7.13,28.87,143.48,99.07,54.65
588,81.88,103.89,29.87,33.14,0.92,1269.56,7.18,7.13,28.87,143.48,99.07,54.65
591,83.01,105.32,30.04,33.36,1.03,1268.69,7.18,7.12,28.61,141.55,99.04,54.02
594,83.01,105.32,30.04,33.36,1.03,1268.69,7.18,7.12,28.61,141.55,99.04,54.02
597,83.01,105.32,30.04,33.36,1.03,1268.69,7.18,7.12,28.61,141.55,99.04,54.02
599,83.01,105.32,30.04,33.36,1.03,1268.69,7.18,7.12,28.61,141.55,99.04,54.02
602,83.81,106.3,30.16,33.51,1.1,1268.06,7.18,7.12,28.41,140.2,99.01,53.53
605,83.81,106.3,30.16,33.51,1.1,1268.06,7.18,7.12,28.41,140.2,99.01,53.53
608,83.81,106.3,30.16,33.51,1.1,1268.06,7.18,7.12,28.41,140.2,99.01,53.53
611,85.19,108.0,30.37,33.76,1.24,1266.98,7.17,7.12,28.08,137.95,98.96,52.71
613,85.19,108.0,30.37,33.76,1.24,1266.98,7.17,7.12,28.08,137.95,98.96,52.71
616,85.19,108.0,30.37,33.76,1.24,1266.98,7.17,7.12,28.08,137.95,98.96,52.71
619,85.19,108.0,30.37,33.76,1.24,1266.98,7.17,7.12,28.08,137.95,98.96,52.71
622,88.42,111.95,30.85,34.35,1.55,1264.35,7.16,7.11,27.29,132.73,98.84,50.71
625,88.42,111.95,30.85,34.35,1.55,1264.35,7.16,7.11,27.29,132.73,98.84,50.71
627,88.42,111.95,30.85,34.35,1.55,1264.35,7.16,7.11,27.29,132.73,98.84,50.71
630,89.78,113.64,31.06,34.61,1.69,1263.21,7.16,7.11,26.97,130.56,98.79,49.89
633,89.78,113.64,31.06,34.61,1.69,1263.21,7.16,7.11,26.97,130.56,98.79,49.89
636,89.78,113.64,31.06,34.61,1.69,1263.21,7.16,7.11,26.97,130.56,98.79,49.89
639,89.78,113.64,31.06,34.61,1.69,1263.21,7.16,7.11,26.97,130.56,98.79,49.89
641,92.66,117.17,31.49,35.14,1.97,1260.75,7.15,7.1,26.29,126.05,98.67,48.11
644,92.66,117.17,31.49,35.14,1.97,1260.75,7.15,7.1,26.29,126.05,98.67,48.11
647,92.66,117.17,31.49,35.14,1.97,1260.75,7.15,7.1,26.29,126.05,98.67,48.11
650,92.66,117.17,31.49,35.14,1.97,1260.75,7.15,7.1,26.29,126.05,98.67,48.11
653,92.8,117.35,31.51,35.16,1.99,1260.63,7.15,7.1,26.25,125.83,98.66,48.02
656,92.8,117.35,31.51,35.16,1.99,1260.63,7.15,7.1,26.25,125.83,98.66,48.02
658,92.8,117.35,31.51,35.16,1.99,1260.63,7.15,7.1,26.25,125.83,98.66,48.02
661,95.84,121.09,31.97,35.72,2.3,1257.91,7.14,7.09,25.56,121.23,98.53,46.16
664,95.84,121.09,31.97,35.72,2.3,1257.91,7.14,7.09,25.56,121.23,98.53,46.16
667,95.84,121.09,31.97,35.72,2.3,1257.91,7.14,7.09,25.56,121.23,98.53,46.16
670,95.84,121.09,31.97,35.72,2.3,1257.91,7.14,7.09,25.56,121.23,98.53,46.16
672,96.27,121.62,32.03,35.8,2.34,1257.52,7.14,7.09,25.45,120.58,98.51,45.88
675,96.27,121.62,32.03,35.8,2.34,1257.52,7.14,7.09,25.45,120.58,98.51,45.88
678,96.27,121.62,32.03,35.8,2.34,1257.52,7.14,7.09,25.45,120.58,98.51,45.88
681,96.27,121.62,32.03,35.8,2.34,1257.52,7.14,7.09,25.45,120.58,98.51,45.88
684,96.27,121.62,32.03,35.8,2.34,1257.52,7.14,7.09,25.45,120.58,98.51,45.88
686,96.27,121.62,32.03,35.8,2.34,1257.52,7.14,7.09,25.45,120.58,98.51,45.88
689,96.27,121.62,32.03,35.8,2.34,1257.52,7.14,7.09,25.45,120.58,98.51,45.88
692,97.99,123.74,32.29,36.12,2.52,1255.84,7.14,7.09,25.02,118.1,98.42,44.68
695,97.99,123.74,32.29,36.12,2.52,1255.84,7.14,7.09,25.02,118.1,98.42,44.68
698,97.99,123.74,32.29,36.12,2.52,1255.84,7.14,7.09,25.02,118.1,98.42,44.68
700,97.99,123.74,32.29,36.12,2.52,1255.84,7.14,7.09,25.02,118.1,98.42,44.68
703,97.99,123.74,32.29,36.12,2.52,1255.84,7.14,7.09,25.02,118.1,98.42,44.68
706,97.99,123.74,32.29,36.12,2.52,1255.84,7.14,7.09,25.02,118.1,98.42,44.68
709,97.99,123.74,32.29,36.12,2.52,1255.84,7.14,7.09,25.02,118.1,98.42,44.68
712,99.77,125.94,32.56,36.45,2.72,1254.05,7.14,7.08,24.61,115.64,98.32,43.53
714,99.77,125.94,32.56,36.45,2.72,1254.05,7.14,7.08,24.61,115.64,98.32,43.53
717,99.77,125.94,32.56,36.45,2.72,1254.05,7.14,7.08,24.61,115.64,98.32,43.53
720,102.38,129.14,32.95,36.93,3.0,1251.37,7.13,7.08,24.05,112.11,98.16,41.95
723,102.38,129.14,32.95,36.93,3.0,1251.37,7.13,7.08,24.05,112.11,98.16,41.95
726,102.38,129.14,32.95,36.93,3.0,1251.37,7.13,7.08,24.05,112.11,98.16,41.95
728,102.38,129.14,32.95,36.93,3.0,1251.37,7.13,7.08,24.05,112.11,98.16,41.95
731,103.0,129.95,33.04,37.05,3.07,1250.75,7.13,7.08,23.87,111.28,98.13,41.45
734,103.0,129.95,33.04,37.05,3.07,1250.75,7.13,7.08,23.87,111.28,98.13,41.45
737,103.0,129.95,33.04,37.05,3.07,1250.75,7.13,7.08,23.87,111.28,98.13,41.45
740,103.0,129.95,33.04,37.05,3.07,1250.75,7.13,7.08,23.87,111.28,98.13,41.45
742,104.32,131.67,33.24,37.31,3.22,1249.39,7.12,7.07,23.52,109.56,98.05,40.44
745,104.32,131.67,33.24,37.31,3.22,1249.39,7.12,7.07,23.52,109.56,98.05,40.44
748,104.32,131.67,33.24,37.31,3.22,1249.39,7.12,7.07,23.52,109.56,98.05,40.44
751,105.49,133.09,33.41,37.53,3.35,1248.11,7.12,7.07,23.27,108.09,97.97,39.72
754,105.49,133.09,33.41,37.53,3.35,1248.11,7.12,7.07,23.27,108.09,97.97,39.72
757,105.49,133.09,33.41,37.53,3.35,1248.11,7.12,7.07,23.27,108.09,97.97,39.72
759,105.49,133.09,33.41,37.53,3.35,1248.11,7.12,7.07,23.27,108.09,97.97,39.72
762,105.62,133.59,33.43,37.6,3.39,1248.08,7.12,7.07,23.0,108.04,97.97,38.94
765,105.62,133.59,33.43,37.6,3.39,1248.08,7.12,7.07,23.0,108.04,97.97,38.94
768,105.86,133.88,33.47,37.64,3.42,1247.79,7.12,7.07,22.94,107.74,97.95,38.78
771,106.98,135.26,33.64,37.85,3.55,1246.5,7.12,7.07,22.7,106.39,97.87,38.08
773,106.98,135.26,33.64,37.85,3.55,1246.5,7.12,7.07,22.7,106.39,97.87,38.08
776,107.19,135.52,33.67,37.89,3.57,1246.23,7.12,7.07,22.65,106.12,97.85,37.94
779,107.19,135.52,33.67,37.89,3.57,1246.23,7.12,7.07,22.65,106.12,97.85,37.94
782,107.19,135.52,33.67,37.89,3.57,1246.23,7.12,7.07,22.65,106.12,97.85,37.94
785,107.19,135.52,33.67,37.89,3.57,1246.23,7.12,7.07,22.65,106.12,97.85,37.94
787,107.19,135.52,33.67,37.89,3.57,1246.23,7.12,7.07,22.65,106.12,97.85,37.94
790,111.18,140.08,34.27,38.57,3.99,1241.49,7.11,7.06,22.04,101.2,97.56,36.16
793,111.18,140.08,34.27,38.57,3.99,1241.49,7.11,7.06,22.04,101.2,97.56,36.16
796,111.81,140.84,34.36,38.69,4.06,1240.66,7.11,7.06,21.9,100.46,97.5,35.75
799,111.81,140.84,34.36,38.69,4.06,1240.66,7.11,7.06,21.9,100.46,97.5,35.75
801,112.38,141.55,34.45,38.79,4.12,1239.84,7.11,7.06,21.77,99.75,97.45,35.37
804,112.38,141.55,34.45,38.79,4.12,1239.84,7.11,7.06,21.77,99.75,97.45,35.37
807,112.38,141.55,34.45,38.79,4.12,1239.84,7.11,7.06,21.77,99.75,97.45,35.37
810,112.38,141.55,34.45,38.79,4.12,1239.84,7.11,7.06,21.77,99.75,97.45,35.37
813,112.38,141.55,34.45,38.79,4.12,1239.84,7.11,7.06,21.77,99.75,97.45,35.37
815,114.06,143.54,34.7,39.09,4.31,1237.58,7.1,7.06,21.45,97.71,97.31,34.42
818,114.06,143.54,34.7,39.09,4.31,1237.58,7.1,7.06,21.45,97.71,97.31,34.42
821,114.29,143.82,34.73,39.13,4.34,1237.22,7.1,7.06,21.4,97.44,97.28,34.27
824,114.29,143.82,34.73,39.13,4.34,1237.22,7.1,7.06,21.4,97.44,97.28,34.27
827,118.6,149.13,35.38,39.93,4.84,1230.61,7.1,7.05,20.37,92.29,96.85,31.23
829,118.6,149.13,35.38,39.93,4.84,1230.61,7.1,7.05,20.37,92.29,96.85,31.23
832,118.6,149.13,35.38,39.93,4.84,1230.61,7.1,7.05,20.37,92.29,96.85,31.23
835,118.6,149.13,35.38,39.93,4.84,1230.61,7.1,7.05,20.37,92.29,96.85,31.23
838,118.6,149.13,35.38,39.93,4.84,1230.61,7.1,7.05,20.37,92.29,96.85,31.23
841,120.4,151.3,35.65,40.26,5.04,1227.79,7.09,7.05,19.99,90.12,96.66,30.13
843,120.4,151.3,35.65,40.26,5.04,1227.79,7.09,7.05,19.99,90.12,96.66,30.13
846,120.4,151.3,35.65,40.26,5.04,1227.79,7.09,7.05,19.99,90.12,96.66,30.13
849,120.4,151.3,35.65,40.26,5.04,1227.79,7.09,7.05,19.99,90.12,96.66,30.13
852,121.82,153.05,35.86,40.52,5.21,1225.25,7.09,7.04,19.65,88.43,96.49,29.13
855,121.82,153.05,35.86,40.52,5.21,1225.25,7.09,7.04,19.65,88.43,96.49,29.13
858,121.82,153.05,35.86,40.52,5.21,1225.25,7.09,7.04,19.65,88.43,96.49,29.13
860,121.82,153.05,35.86,40.52,5.21,1225.25,7.09,7.04,19.65,88.43,96.49,29.13
863,121.82,153.05,35.86,40.52,5.21,1225.25,7.09,7.04,19.65,88.43,96.49,29.13
866,121.82,153.05,35.86,40.52,5.21,1225.25,7.09,7.04,19.65,88.43,96.49,29.13
869,121.82,153.05,35.86,40.52,5.21,1225.25,7.09,7.04,19.65,88.43,96.49,29.13
872,121.82,153.05,35.86,40.52,5.21,1225.25,7.09,7.04,19.65,88.43,96.49,29.13
874,121.82,153.05,35.86,40.52,5.21,1225.25,7.09,7.04,19.65,88.43,96.49,29.13
877,126.39,158.68,36.55,41.36,5.75,1216.02,7.08,7.04,18.54,83.02,95.85,25.89
880,126.39,158.68,36.55,41.36,5.75,1216.02,7.08,7.04,18.54,83.02,95.85,25.89
883,126.39,158.68,36.55,41.36,5.75,1216.02,7.08,7.04,18.54,83.02,95.85,25.89
886,126.39,158.68,36.55,41.36,5.75,1216.02,7.08,7.04,18.54,83.02,95.85,25.89
888,126.39,158.68,36.55,41.36,5.75,1216.02,7.08,7.04,18.54,83.02,95.85,25.89
891,126.39,158.68,36.55,41.36,5.75,1216.02,7.08,7.04,18.54,83.02,95.85,25.89
894,126.39,158.68,36.55,41.36,5.75,1216.02,7.08,7.04,18.54,83.02,95.85,25.89
897,126.39,158.68,36.55,41.36,5.75,1216.02,7.08,7.04,18.54,83.02,95.85,25.89
900,126.39,158.68,36.55,41.36,5.75,1216.02,7.08,7.04,18.54,83.02,95.85,25.89
902,127.53,160.09,36.72,41.57,5.89,1212.68,7.08,7.04,18.22,81.46,95.6,24.98
905,127.53,160.09,36.72,41.57,5.89,1212.68,7.08,7.04,18.22,81.46,95.6,24.98
908,127.53,160.09,36.72,41.57,5.89,1212.68,7.08,7.04,18.22,81.46,95.6,24.98
911,127.53,160.09,36.72,41.57,5.89,1212.68,7.08,7.04,18.22,81.46,95.6,24.98
914,127.53,160.09,36.72,41.57,5.89,1212.68,7.08,7.04,18.22,81.46,95.6,24.98
916,127.53,160.09,36.72,41.57,5.89,1212.68,7.08,7.04,18.22,81.46,95.6,24.98
919,127.53,160.09,36.72,41.57,5.89,1212.68,7.08,7.04,18.22,81.46,95.6,24.98
922,127.53,160.09,36.72,41.57,5.89,1212.68,7.08,7.04,18.22,81.46,95.6,24.98
925,127.53,160.09,36.72,41.57,5.89,1212.68,7.08,7.04,18.22,81.46,95.6,24.98
928,132.89,166.66,37.52,42.56,6.54,1191.19,7.07,7.03,16.47,73.28,94.03,20.18
930,132.89,166.66,37.52,42.56,6.54,1191.19,7.07,7.03,16.47,73.28,94.03,20.18
933,132.89,166.66,37.52,42.56,6.54,1191.19,7.07,7.03,16.47,73.28,94.03,20.18
936,132.89,166.66,37.52,42.56,6.54,1191.19,7.07,7.03,16.47,73.28,94.03,20.18
939,133.16,166.99,37.56,42.61,6.58,1189.88,7.07,7.03,16.37,72.91,93.93,19.93
942,133.16,166.99,37.56,42.61,6.58,1189.88,7.07,7.03,16.37,72.91,93.93,19.93
944,133.16,166.99,37.56,42.61,6.58,1189.88,7.07,7.03,16.37,72.91,93.93,19.93
947,133.16,166.99,37.56,42.61,6.58,1189.88,7.07,7.03,16.37,72.91,93.93,19.93
950,136.31,170.82,38.04,43.18,6.96,1172.46,7.07,7.02,15.15,67.84,92.62,16.79
953,136.31,170.82,38.04,43.18,6.96,1172.46,7.07,7.02,15.15,67.84,92.62,16.79
956,136.31,170.82,38.04,43.18,6.96,1172.46,7.07,7.02,15.15,67.84,92.62,16.79
959,136.31,170.82,38.04,43.18,6.96,1172.46,7.07,7.02,15.15,67.84,92.62,16.79
961,136.31,170.82,38.04,43.18,6.96,1172.46,7.07,7.02,15.15,67.84,92.62,16.79
964,137.67,172.48,38.24,43.43,7.13,1164.32,7.07,7.02,14.56,65.84,92.01,15.43
967,137.67,172.48,38.24,43.43,7.13,1164.32,7.07,7.02,14.56,65.84,92.01,15.43
970,137.67,172.48,38.24,43.43,7.13,1164.32,7.07,7.02,14.56,65.84,92.01,15.43
973,137.67,172.48,38.24,43.43,7.13,1164.32,7.07,7.02,14.56,65.84,92.01,15.43
975,141.69,177.34,38.84,44.16,7.62,1135.66,7.06,7.02,12.73,59.12,89.83,11.01
978,141.69,177.34,38.84,44.16,7.62,1135.66,7.06,7.02,12.73,59.12,89.83,11.01
981,141.69,177.34,38.84,44.16,7.62,1135.66,7.06,7.02,12.73,59.12,89.83,11.01
984,141.69,177.34,38.84,44.16,7.62,1135.66,7.06,7.02,12.73,59.12,89.83,11.01
987,141.69,177.34,38.84,44.16,7.62,1135.66,7.06,7.02,12.73,59.12,89.83,11.01
989,142.72,178.56,39.0,44.35,7.74,1128.53,7.06,7.02,12.24,57.7,89.29,9.96
992,142.72,178.56,39.0,44.35,7.74,1128.53,7.06,7.02,12.24,57.7,89.29,9.96
995,142.72,178.56,39.0,44.35,7.74,1128.53,7.06,7.02,12.24,57.7,89.29,9.96
998,142.72,178.56,39.0,44.35,7.74,1128.53,7.06,7.02,12.24,57.7,89.29,9.96
1001,142.72,178.56,39.0,44.35,7.74,1128.53,7.06,7.02,12.24,57.7,89.29,9.96
1003,142.72,178.56,39.0,44.35,7.74,1128.53,7.06,7.02,12.24,57.7,89.29,9.96
1006,142.72,178.56,39.0,44.35,7.74,1128.53,7.06,7.02,12.24,57.7,89.29,9.96
1009,142.72,178.56,39.0,44.35,7.74,1128.53,7.06,7.02,12.24,57.7,89.29,9.96
1012,142.72,178.56,39.0,44.35,7.74,1128.53,7.06,7.02,12.24,57.7,89.29,9.96
1015,147.2,183.88,39.67,45.14,8.29,1097.38,7.05,7.01,9.86,53.03,86.87,5.63
1017,147.2,183.88,39.67,45.14,8.29,1097.38,7.05,7.01,9.86,53.03,86.87,5.63
1020,147.2,183.88,39.67,45.14,8.29,1097.38,7.05,7.01,9.86,53.03,86.87,5.63
1023,147.2,183.88,39.67,45.14,8.29,1097.38,7.05,7.01,9.86,53.03,86.87,5.63
1026,147.2,183.88,39.67,45.14,8.29,1097.38,7.05,7.01,9.86,53.03,86.87,5.63
1029,146.35,182.99,39.54,45.01,8.19,1097.68,7.05,7.01,9.86,53.08,86.91,5.63
1031,146.35,182.99,39.54,45.01,8.19,1097.68,7.05,7.01,9.86,53.08,86.91,5.63
1034,146.35,182.99,39.54,45.01,8.19,1097.68,7.05,7.01,9.86,53.08,86.91,5.63
1037,146.35,182.99,39.54,45.01,8.19,1097.68,7.05,7.01,9.86,53.08,86.91,5.63
1040,146.35,182.99,39.54,45.01,8.19,1097.68,7.05,7.01,9.86,53.08,86.91,5.63
1043,146.35,182.99,39.54,45.01,8.19,1097.68,7.05,7.01,9.86,53.08,86.91,5.63
1045,146.35,182.99,39.54,45.01,8.19,1097.68,7.05,7.01,9.86,53.08,86.91,5.63
1048,146.35,182.99,39.54,45.01,8.19,1097.68,7.05,7.01,9.86,53.08,86.91,5.63
1051,146.35,182.99,39.54,45.01,8.19,1097.68,7.05,7.01,9.86,53.08,86.91,5.63
1054,146.35,182.99,39.54,45.01,8.19,1097.68,7.05,7.01,9.86,53.08,86.91,5.63
1057,146.35,182.99,39.54,45.01,8.19,1097.68,7.05,7.01,9.86,53.08,86.91,5.63
1060,146.35,182.99,39.54,45.01,8.19,1097.68,7.05,7.01,9.86,53.08,86.91,5.63
1062,146.35,182.99,39.54,45.01,8.19,1097.68,7.05,7.01,9.86,53.08,86.91,5.63
1065,146.35,182.99,39.54,45.01,8.19,1097.68,7.05,7.01,9.86,53.08,86.91,5.63
1068,146.35,182.99,39.54,45.01,8.19,1097.68,7.05,7.01,9.86,53.08,86.91,5.63
1071,146.35,182.99,39.54,45.01,8.19,1097.68,7.05,7.01,9.86,53.08,86.91,5.63
1074,146.35,182.99,39.54,45.01,8.19,1097.68,7.05,7.01,9.86,53.08,86.91,5.63
1076,146.35,182.99,39.54,45.01,8.19,1097.68,7.05,7.01,9.86,53.08,86.91,5.63
1079,146.35,182.99,39.54,45.01,8.19,1097.68,7.05,7.01,9.86,53.08,86.91,5.63
1082,146.35,182.99,39.54,45.01,8.19,1097.68,7.05,7.01,9.86,53.08,86.91,5.63
1085,146.35,182.99,39.54,45.01,8.19,1097.68,7.05,7.01,9.86,53.08,86.91,5.63
1088,146.35,182.99,39.54,45.01,8.19,1097.68,7.05,7.01,9.86,53.08,86.91,5.63
1090,146.35,182.99,39.54,45.01,8.19,1097.68,7.05,7.01,9.86,53.08,86.91,5.63
1093,146.35,182.99,39.54,45.01,8.19,1097.68,7.05,7.01,9.86,53.08,86.91,5.63
1096,146.35,182.99,39.54,45.01,8.19,1097.68,7.05,7.01,9.86,53.08,86.91,5.63
1099,146.35,182.99,39.54,45.01,8.19,1097.68,7.05,7.01,9.86,53.08,86.91,5.63
1102,146.35,182.99,39.54,45.01,8.19,1097.68,7.05,7.01,9.86,53.08,86.91,5.63
1104,146.35,182.99,39.54,45.01,8.19,1097.68,7.05,7.01,9.86,53.08,86.91,5.63
1107,146.35,182.99,39.54,45.01,8.19,1097.68,7.05,7.01,9.86,53.08,86.91,5.63
1110,146.35,182.99,39.54,45.01,8.19,1097.68,7.05,7.01,9.86,53.08,86.91,5.63
1113,146.35,182.99,39.54,45.01,8.19,1097.68,7.05,7.01,9.86,53.08,86.91,5.63
1116,146.35,182.99,39.54,45.01,8.19,1097.68,7.05,7.01,9.86,53.08,86.91,5.63
1118,146.35,182.99,39.54,45.01,8.19,1097.68,7.05,7.01,9.86,53.08,86.91,5.63
1121,146.35,182.99,39.54,45.01,8.19,1097.68,7.05,7.01,9.86,53.08,86.91,5.63
1124,146.35,182.99,39.54,45.01,8.19,1097.68,7.05,7.01,9.86,53.08,86.91,5.63
1127,146.35,182.99,39.54,45.01,8.19,1097.68,7.05,7.01,9.86,53.08,86.91,5.63
1130,146.35,182.99,39.54,45.01,8.19,1097.68,7.05,7.01,9.86,53.08,86.91,5.63
1132,146.35,182.99,39.54,45.01,8.19,1097.68,7.05,7.01,9.86,53.08,86.91,5.63
1135,146.35,182.99,39.54,45.01,8.19,1097.68,7.05,7.01,9.86,53.08,86.91,5.63
1138,146.35,182.99,39.54,45.01,8.19,1097.68,7.05,7.01,9.86,53.08,86.91,5.63
1141,146.35,182.99,39.54,45.01,8.19,1097.68,7.05,7.01,9.86,53.08,86.91,5.63
1144,146.35,182.99,39.54,45.01,8.19,1097.68,7.05,7.01,9.86,53.08,86.91,5.63
1146,146.35,182.99,39.54,45.01,8.19,1097.68,7.05,7.01,9.86,53.08,86.91,5.63
1149,146.35,182.99,39.54,45.01,8.19,1097.68,7.05,7.01,9.86,53.08,86.91,5.63
1152,146.35,182.99,39.54,45.01,8.19,1097.68,7.05,7.01,9.86,53.08,86.91,5.63
1155,146.35,182.99,39.54,45.01,8.19,1097.68,7.05,7.01,9.86,53.08,86.91,5.63
1158,146.35,182.99,39.54,45.01,8.19,1097.68,7.05,7.01,9.86,53.08,86.91,5.63
1161,146.35,182.99,39.54,45.01,8.19,1097.68,7.05,7.01,9.86,53.08,86.91,5.63
1163,146.35,182.99,39.54,45.01,8.19,1097.68,7.05,7.01,9.86,53.08,86.91,5.63
1166,146.35,182.99,39.54,45.01,8.19,1097.68,7.05,7.01,9.86,53.08,86.91,5.63
1169,146.35,182.99,39.54,45.01,8.19,1097.68,7.05,7.01,9.86,53.08,86.91,5.63
1172,146.35,182.99,39.54,45.01,8.19,1097.68,7.05,7.01,9.86,53.08,86.91,5.63
1175,146.35,182.99,39.54,45.01,8.19,1097.68,7.05,7.01,9.86,53.08,86.91,5.63
1177,146.35,182.99,39.54,45.01,8.19,1097.68,7.05,7.01,9.86,53.08,86.91,5.63
1180,146.35,182.99,39.54,45.01,8.19,1097.68,7.05,7.01,9.86,53.08,86.91,5.63
1183,146.35,182.99,39.54,45.01,8.19,1097.68,7.05,7.01,9.86,53.08,86.91,5.63
1186,146.35,182.99,39.54,45.01,8.19,1097.68,7.05,7.01,9.86,53.08,86.91,5.63
1189,146.35,182.99,39.54,45.01,8.19,1097.68,7.05,7.01,9.86,53.08,86.91,5.63
1191,146.35,182.99,39.54,45.01,8.19,1097.68,7.05,7.01,9.86,53.08,86.91,5.63
1194,146.35,182.99,39.54,45.01,8.19,1097.68,7.05,7.01,9.86,53.08,86.91,5.63
1197,146.35,182.99,39.54,45.01,8.19,1097.68,7.05,7.01,9.86,53.08,86.91,5.63
1200,146.35,182.99,39.54,45.01,8.19,1097.68,7.05,7.01,9.86,53.08,86.91,5.63
1203,146.35,182.99,39.54,45.01,8.19,1097.68,7.05,7.01,9.86,53.08,86.91,5.63
1205,146.35,182.99,39.54,45.01,8.19,1097.68,7.05,7.01,9.86,53.08,86.91,5.63
1208,146.35,182.99,39.54,45.01,8.19,1097.68,7.05,7.01,9.86,53.08,86.91,5.63
1211,146.35,182.99,39.54,45.01,8.19,1097.68,7.05,7.01,9.86,53.08,86.91,5.63
1214,146.35,182.99,39.54,45.01,8.19,1097.68,7.05,7.01,9.86,53.08,86.91,5.63
1217,146.35,182.99,39.54,45.01,8.19,1097.68,7.05,7.01,9.86,53.08,86.91,5.63
1219,146.35,182.99,39.54,45.01,8.19,1097.68,7.05,7.01,9.86,53.08,86.91,5.63
1222,146.35,182.99,39.54,45.01,8.19,1097.68,7.05,7.01,9.86,53.08,86.91,5.63
1225,146.35,182.99,39.54,45.01,8.19,1097.68,7.05,7.01,9.86,53.08,86.91,5.63
1228,146.35,182.99,39.54,45.01,8.19,1097.68,7.05,7.01,9.86,53.08,86.91,5.63
1231,146.35,182.99,39.54,45.01,8.19,1097.68,7.05,7.01,9.86,53.08,86.91,5.63
1233,146.35,182.99,39.54,45.01,8.19,1097.68,7.05,7.01,9.86,53.08,86.91,5.63
1236,146.35,182.99,39.54,45.01,8.19,1097.68,7.05,7.01,9.86,53.08,86.91,5.63
1239,146.35,182.99,39.54,45.01,8.19,1097.68,7.05,7.01,9.86,53.08,86.91,5.63
1242,146.35,182.99,39.54,45.01,8.19,1097.68,7.05,7.01,9.86,53.08,86.91,5.63
1245,146.35,182.99,39.54,45.01,8.19,1097.68,7.05,7.01,9.86,53.08,86.91,5.63
1247,146.35,182.99,39.54,45.01,8.19,1097.68,7.05,7.01,9.86,53.08,86.91,5.63
1250,146.35,182.99,39.54,45.01,8.19,1097.68,7.05,7.01,9.86,53.08,86.91,5.63
1253,146.35,182.99,39.54,45.01,8.19,1097.68,7.05,7.01,9.86,53.08,86.91,5.63
1256,146.35,182.99,39.54,45.01,8.19,1097.68,7.05,7.01,9.86,53.08,86.91,5.63
1259,146.35,182.99,39.54,45.01,8.19,1097.68,7.05,7.01,9.86,53.08,86.91,5.63
1262,146.35,182.99,39.54,45.01,8.19,1097.68,7.05,7.01,9.86,53.08,86.91,5.63
1264,146.35,182.99,39.54,45.01,8.19,1097.68,7.05,7.01,9.86,53.08,86.91,5.63
1267,146.35,182.99,39.54,45.01,8.19,1097.68,7.05,7.01,9.86,53.08,86.91,5.63
1270,146.35,182.99,39.54,45.01,8.19,1097.68,7.05,7.01,9.86,53.08,86.91,5.63
1273,146.35,182.99,39.54,45.01,8.19,1097.68,7.05,7.01,9.86,53.08,86.91,5.63
1276,146.35,182.99,39.54,45.01,8.19,1097.68,7.05,7.01,9.86,53.08,86.91,5.63
1278,146.35,182.99,39.54,45.01,8.19,1097.68,7.05,7.01,9.86,53.08,86.91,5.63
1281,146.35,182.99,39.54,45.01,8.19,1097.68,7.05,7.01,9.86,53.08,86.91,5.63
1284,146.35,182.99,39.54,45.01,8.19,1097.68,7.05,7.01,9.86,53.08,86.91,5.63
1287,146.35,182.99,39.54,45.01,8.19,1097.68,7.05,7.01,9.86,53.08,86.91,5.63
1290,146.35,182.99,39.54,45.01,8.19,1097.68,7.05,7.01,9.86,53.08,86.91,5.63
1292,146.35,182.99,39.54,45.01,8.19,1097.68,7.05,7.01,9.86,53.08,86.91,5.63
1295,146.35,182.99,39.54,45.01,8.19,1097.68,7.05,7.01,9.86,53.08,86.91,5.63
1298,146.35,182.99,39.54,45.01,8.19,1097.68,7.05,7.01,9.86,53.08,86.91,5.63
1301,146.35,182.99,39.54,45.01,8.19,1097.68,7.05,7.01,9.86,53.08,86.91,5.63
1304,146.35,182.99,39.54,45.01,8.19,1097.68,7.05,7.01,9.86,53.08,86.91,5.63
1306,146.35,182.99,39.54,45.01,8.19,1097.68,7.05,7.01,9.86,53.08,86.91,5.63
1309,146.35,182.99,39.54,45.01,8.19,1097.68,7.05,7.01,9.86,53.08,86.91,5.63
1312,146.35,182.99,39.54,45.01,8.19,1097.68,7.05,7.01,9.86,53.08,86.91,5.63
1315,146.35,182.99,39.54,45.01,8.19,1097.68,7.05,7.01,9.86,53.08,86.91,5.63
1318,146.35,182.99,39.54,45.01,8.19,1097.68,7.05,7.01,9.86,53.08,86.91,5.63
1320,146.35,182.99,39.54,45.01,8.19,1097.68,7.05,7.01,9.86,53.08,86.91,5.63
1323,146.35,182.99,39.54,45.01,8.19,1097.68,7.05,7.01,9.86,53.08,86.91,5.63
1326,146.35,182.99,39.54,45.01,8.19,1097.68,7.05,7.01,9.86,53.08,86.91,5.63
1329,146.35,182.99,39.54,45.01,8.19,1097.68,7.05,7.01,9.86,53.08,86.91,5.63
1332,146.35,182.99,39.54,45.01,8.19,1097.68,7.05,7.01,9.86,53.08,86.91,5.63
1334,146.35,182.99,39.54,45.01,8.19,1097.68,7.05,7.01,9.86,53.08,86.91,5.63
1337,146.35,182.99,39.54,45.01,8.19,1097.68,7.05,7.01,9.86,53.08,86.91,5.63
1340,146.35,182.99,39.54,45.01,8.19,1097.68,7.05,7.01,9.86,53.08,86.91,5.63
1343,146.35,182.99,39.54,45.01,8.19,1097.68,7.05,7.01,9.86,53.08,86.91,5.63
1346,146.35,182.99,39.54,45.01,8.19,1097.68,7.05,7.01,9.86,53.08,86.91,5.63
1348,146.35,182.99,39.54,45.01,8.19,1097.68,7.05,7.01,9.86,53.08,86.91,5.63
1351,146.35,182.99,39.54,45.01,8.19,1097.68,7.05,7.01,9.86,53.08,86.91,5.63
1354,146.35,182.99,39.54,45.01,8.19,1097.68,7.05,7.01,9.86,53.08,86.91,5.63
1357,146.35,182.99,39.54,45.01,8.19,1097.68,7.05,7.01,9.86,53.08,86.91,5.63
1360,146.35,182.99,39.54,45.01,8.19,1097.68,7.05,7.01,9.86,53.08,86.91,5.63
1363,146.35,182.99,39.54,45.01,8.19,1097.68,7.05,7.01,9.86,53.08,86.91,5.63
1365,146.35,182.99,39.54,45.01,8.19,1097.68,7.05,7.01,9.86,53.08,86.91,5.63
1368,146.35,182.99,39.54,45.01,8.19,1097.68,7.05,7.01,9.86,53.08,86.91,5.63
1371,146.35,182.99,39.54,45.01,8.19,1097.68,7.05,7.01,9.86,53.08,86.91,5.63
1374,146.35,182.99,39.54,45.01,8.19,1097.68,7.05,7.01,9.86,53.08,86.91,5.63
1377,146.35,182.99,39.54,45.01,8.19,1097.68,7.05,7.01,9.86,53.08,86.91,5.63
1379,146.35,182.99,39.54,45.01,8.19,1097.68,7.05,7.01,9.86,53.08,86.91,5.63
1382,146.35,182.99,39.54,45.01,8.19,1097.68,7.05,7.01,9.86,53.08,86.91,5.63
1385,146.35,182.99,39.54,45.01,8.19,1097.68,7.05,7.01,9.86,53.08,86.91,5.63
1388,146.35,182.99,39.54,45.01,8.19,1097.68,7.05,7.01,9.86,53.08,86.91,5.63
1391,146.35,182.99,39.54,45.01,8.19,1097.68,7.05,7.01,9.86,53.08,86.91,5.63
1393,146.35,182.99,39.54,45.01,8.19,1097.68,7.05,7.01,9.86,53.08,86.91,5.63
1396,146.35,182.99,39.54,45.01,8.19,1097.68,7.05,7.01,9.86,53.08,86.91,5.63
1399,146.35,182.99,39.54,45.01,8.19,1097.68,7.05,7.01,9.86,53.08,86.91,5.63
1402,146.35,182.99,39.54,45.01,8.19,1097.68,7.05,7.01,9.86,53.08,86.91,5.63
1405,146.35,182.99,39.54,45.01,8.19,1097.68,7.05,7.01,9.86,53.08,86.91,5.63
1407,146.35,182.99,39.54,45.01,8.19,1097.68,7.05,7.01,9.86,53.08,86.91,5.63
1410,146.35,182.99,39.54,45.01,8.19,1097.68,7.05,7.01,9.86,53.08,86.91,5.63
1413,146.35,182.99,39.54,45.01,8.19,1097.68,7.05,7.01,9.86,53.08,86.91,5.63
1416,146.35,182.99,39.54,45.01,8.19,1097.68,7.05,7.01,9.86,53.08,86.91,5.63
1419,146.35,182.99,39.54,45.01,8.19,1097.68,7.05,7.01,9.86,53.08,86.91,5.63
1421,146.35,182.99,39.54,45.01,8.19,1097.68,7.05,7.01,9.86,53.08,86.91,5.63
1424,146.35,182.99,39.54,45.01,8.19,1097.68,7.05,7.01,9.86,53.08,86.91,5.63
1427,146.35,182.99,39.54,45.01,8.19,1097.68,7.05,7.01,9.86,53.08,86.91,5.63
1430,146.35,182.99,39.54,45.01,8.19,1097.68,7.05,7.01,9.86,53.08,86.91,5.63
1433,146.35,182.99,39.54,45.01,8.19,1097.68,7.05,7.01,9.86,53.08,86.91,5.63
1435,146.35,182.99,39.54,45.01,8.19,1097.68,7.05,7.01,9.86,53.08,86.91,5.63
1438,146.35,182.99,39.54,45.01,8.19,1097.68,7.05,7.01,9.86,53.08,86.91,5.63
1441,146.35,182.99,39.54,45.01,8.19,1097.68,7.05,7.01,9.86,53.08,86.91,5.63
1444,146.35,182.99,39.54,45.01,8.19,1097.68,7.05,7.01,9.86,53.08,86.91,5.63
1447,146.35,182.99,39.54,45.01,8.19,1097.68,7.05,7.01,9.86,53.08,86.91,5.63
1449,146.35,182.99,39.54,45.01,8.19,1097.68,7.05,7.01,9.86,53.08,86.91,5.63
1452,146.35,182.99,39.54,45.01,8.19,1097.68,7.05,7.01,9.86,53.08,86.91,5.63
1455,146.35,182.99,39.54,45.01,8.19,1097.68,7.05,7.01,9.86,53.08,86.91,5.63
1458,146.35,182.99,39.54,45.01,8.19,1097.68,7.05,7.01,9.86,53.08,86.91,5.63
1461,146.35,182.99,39.54,45.01,8.19,1097.68,7.05,7.01,9.86,53.08,86.91,5.63
1464,146.35,182.99,39.54,45.01,8.19,1097.68,7.05,7.01,9.86,53.08,86.91,5.63
1466,146.35,182.99,39.54,45.01,8.19,1097.68,7.05,7.01,9.86,53.08,86.91,5.63
1469,146.35,182.99,39.54,45.01,8.19,1097.68,7.05,7.01,9.86,53.08,86.91,5.63
1472,146.35,182.99,39.54,45.01,8.19,1097.68,7.05,7.01,9.86,53.08,86.91,5.63
1475,146.35,182.99,39.54,45.01,8.19,1097.68,7.05,7.01,9.86,53.08,86.91,5.63
1478,146.35,182.99,39.54,45.01,8.19,1097.68,7.05,7.01,9.86,53.08,86.91,5.63
1480,146.35,182.99,39.54,45.01,8.19,1097.68,7.05,7.01,9.86,53.08,86.91,5.63
1483,146.35,182.99,39.54,45.01,8.19,1097.68,7.05,7.01,9.86,53.08,86.91,5.63
1486,146.35,182.99,39.54,45.01,8.19,1097.68,7.05,7.01,9.86,53.08,86.91,5.63
1489,146.35,182.99,39.54,45.01,8.19,1097.68,7.05,7.01,9.86,53.08,86.91,5.63
1492,146.35,182.99,39.54,45.01,8.19,1097.68,7.05,7.01,9.86,53.08,86.91,5.63
1494,146.35,182.99,39.54,45.01,8.19,1097.68,7.05,7.01,9.86,53.08,86.91,5.63
1497,146.35,182.99,39.54,45.01,8.19,1097.68,7.05,7.01,9.86,53.08,86.91,5.63
1500,146.35,182.99,39.54,45.01,8.19,1097.68,7.05,7.01,9.86,53.08,86.91,5.63
