caSys_HCO3,caSys_pCO2,cvSys_HCO3,cvSys_pCO2,caSys_pO2,caSys_pH,cvSys_pH,cvSys_O2sat,cvSys_pO2,pcv,cv pvr value
22.39,31.97,23.74,41.22,262.69,7.47,7.38,85.92,51.51,5.0,0.0
22.39,31.97,23.74,41.22,262.69,7.47,7.38,85.92,51.51,5.0,0.1
22.39,31.97,23.74,41.22,262.69,7.47,7.38,85.92,51.51,5.0,0.2
22.39,31.97,23.74,41.22,262.69,7.47,7.38,85.92,51.51,5.0,0.30000000000000004
22.39,31.97,23.74,41.22,262.69,7.47,7.38,85.92,51.51,5.0,0.4
22.39,31.97,23.74,41.22,262.69,7.47,7.38,85.92,51.51,5.0,0.5
22.39,31.97,23.74,41.22,262.69,7.47,7.38,85.92,51.51,5.0,0.6000000000000001
22.39,31.98,23.75,41.23,262.87,7.47,7.38,85.94,51.54,5.0,0.7000000000000001
22.39,31.98,23.75,41.23,262.87,7.47,7.38,85.94,51.54,5.0,0.8
22.38,31.94,23.74,41.22,262.2,7.47,7.38,85.84,51.39,5.01,0.9
22.38,31.92,23.74,41.21,262.37,7.47,7.38,85.84,51.38,5.01,1.0
22.37,31.85,23.73,41.16,262.77,7.47,7.38,85.86,51.41,5.01,1.1
22.35,31.74,23.72,41.08,265.24,7.47,7.38,85.83,51.38,4.99,1.2000000000000002
22.34,31.7,23.72,41.06,266.16,7.47,7.38,85.82,51.35,4.98,1.3
22.34,31.67,23.72,41.06,266.45,7.47,7.38,85.79,51.31,4.97,1.4000000000000001
22.34,31.66,23.72,41.07,266.91,7.47,7.38,85.77,51.28,4.96,1.5
22.34,31.68,23.73,41.12,267.45,7.47,7.38,85.72,51.21,4.94,1.6
22.35,31.73,23.74,41.21,268.43,7.47,7.38,85.64,51.09,4.92,1.7000000000000002
22.35,31.73,23.75,41.23,268.67,7.47,7.38,85.62,51.06,4.91,1.8
22.36,31.77,23.76,41.32,269.52,7.47,7.38,85.55,50.96,4.88,1.9000000000000001
22.36,31.78,23.76,41.34,269.82,7.47,7.38,85.52,50.91,4.87,2.0
22.36,31.79,23.77,41.42,270.94,7.47,7.38,85.44,50.8,4.84,2.1
22.36,31.79,23.78,41.43,271.28,7.47,7.38,85.41,50.75,4.83,2.2
22.36,31.79,23.78,41.44,271.51,7.47,7.38,85.39,50.73,4.82,2.3000000000000003
22.35,31.75,23.78,41.43,271.81,7.47,7.38,85.32,50.63,4.81,2.4000000000000004
22.35,31.73,23.78,41.44,272.56,7.47,7.38,85.28,50.57,4.79,2.5
22.34,31.7,23.78,41.45,274.02,7.47,7.38,85.24,50.51,4.78,2.6
22.34,31.66,23.78,41.44,274.88,7.47,7.38,85.21,50.46,4.76,2.7
22.33,31.62,23.77,41.42,275.35,7.47,7.38,85.17,50.41,4.75,2.8000000000000003
22.33,31.59,23.77,41.41,275.99,7.47,7.38,85.14,50.37,4.74,2.9000000000000004
22.32,31.56,23.77,41.41,277.33,7.47,7.38,85.11,50.32,4.72,3.0
22.32,31.54,23.77,41.41,277.64,7.47,7.38,85.09,50.3,4.71,3.1
22.32,31.51,23.77,41.41,278.64,7.47,7.38,85.04,50.22,4.7,3.2
22.31,31.44,23.77,41.42,280.22,7.47,7.38,84.93,50.07,4.66,3.3000000000000003
22.3,31.42,23.77,41.42,280.68,7.47,7.38,84.89,50.02,4.65,3.4000000000000004
22.3,31.4,23.78,41.43,281.08,7.47,7.38,84.86,49.96,4.64,3.5
22.29,31.36,23.77,41.42,281.51,7.47,7.38,84.81,49.91,4.62,3.6
22.29,31.36,23.78,41.44,281.84,7.47,7.38,84.78,49.86,4.61,3.7
22.3,31.39,23.79,41.51,282.39,7.47,7.38,84.7,49.75,4.59,3.8000000000000003
22.31,31.44,23.8,41.59,283.01,7.47,7.38,84.65,49.69,4.58,3.9000000000000004
22.32,31.51,23.81,41.69,283.67,7.47,7.38,84.63,49.65,4.57,4.0
22.32,31.52,23.82,41.7,283.74,7.47,7.38,84.62,49.64,4.56,4.1000000000000005
22.32,31.54,23.82,41.73,283.9,7.47,7.38,84.6,49.62,4.56,4.2
22.33,31.62,23.84,41.85,284.69,7.47,7.38,84.55,49.54,4.54,4.3
22.36,31.8,23.88,42.1,286.23,7.47,7.38,84.4,49.34,4.5,4.4
22.37,31.89,23.89,42.22,287.23,7.47,7.37,84.35,49.28,4.49,4.5
22.38,31.94,23.9,42.28,287.8,7.47,7.37,84.33,49.25,4.48,4.6000000000000005
22.38,31.94,23.9,42.28,287.8,7.47,7.37,84.33,49.25,4.48,4.7
22.38,31.94,23.9,42.28,287.8,7.47,7.37,84.33,49.25,4.48,4.800000000000001
22.41,32.14,23.94,42.5,290.7,7.46,7.37,84.26,49.16,4.44,4.9
22.41,32.15,23.94,42.52,290.9,7.46,7.37,84.25,49.15,4.44,5.0
22.42,32.18,23.95,42.56,291.43,7.46,7.37,84.22,49.11,4.43,5.1000000000000005
22.42,32.18,23.95,42.56,291.43,7.46,7.37,84.22,49.11,4.43,5.2
22.42,32.18,23.95,42.56,291.43,7.46,7.37,84.22,49.11,4.43,5.300000000000001
22.43,32.29,23.97,42.73,293.51,7.46,7.37,84.14,49.0,4.4,5.4
22.43,32.29,23.97,42.73,293.51,7.46,7.37,84.14,49.0,4.4,5.5
22.45,32.4,24.0,42.93,296.2,7.46,7.37,83.99,48.81,4.35,5.6000000000000005
22.45,32.4,24.0,42.93,296.2,7.46,7.37,83.99,48.81,4.35,5.7
22.45,32.4,24.0,42.93,296.2,7.46,7.37,83.99,48.81,4.35,5.800000000000001
22.45,32.4,24.0,42.93,296.2,7.46,7.37,83.99,48.81,4.35,5.9
22.45,32.4,24.0,42.93,296.2,7.46,7.37,83.99,48.81,4.35,6.0
22.45,32.4,24.0,42.93,296.2,7.46,7.37,83.99,48.81,4.35,6.1000000000000005
22.45,32.4,24.0,42.93,296.2,7.46,7.37,83.99,48.81,4.35,6.2
22.45,32.4,24.0,42.93,296.2,7.46,7.37,83.99,48.81,4.35,6.300000000000001
22.45,32.4,24.0,42.93,296.2,7.46,7.37,83.99,48.81,4.35,6.4
22.45,32.4,24.0,42.93,296.2,7.46,7.37,83.99,48.81,4.35,6.5
22.45,32.4,24.0,42.93,296.2,7.46,7.37,83.99,48.81,4.35,6.6000000000000005
22.45,32.4,24.0,42.93,296.2,7.46,7.37,83.99,48.81,4.35,6.7
22.45,32.43,24.01,42.99,296.67,7.46,7.37,83.96,48.77,4.34,6.800000000000001
22.45,32.43,24.01,42.99,296.67,7.46,7.37,83.96,48.77,4.34,6.9
22.46,32.5,24.02,43.09,297.57,7.46,7.37,83.9,48.7,4.32,7.0
22.48,32.63,24.05,43.29,299.3,7.46,7.37,83.78,48.55,4.29,7.1000000000000005
22.48,32.63,24.05,43.29,299.3,7.46,7.37,83.78,48.55,4.29,7.2
22.48,32.63,24.05,43.29,299.3,7.46,7.37,83.78,48.55,4.29,7.300000000000001
22.51,32.79,24.09,43.55,301.72,7.46,7.36,83.62,48.36,4.25,7.4
22.51,32.79,24.09,43.55,301.72,7.46,7.36,83.62,48.36,4.25,7.5
22.56,33.13,24.18,44.1,306.46,7.45,7.36,83.27,47.94,4.15,7.6000000000000005
22.56,33.13,24.18,44.1,306.46,7.45,7.36,83.27,47.94,4.15,7.7
22.56,33.13,24.18,44.1,306.46,7.45,7.36,83.27,47.94,4.15,7.800000000000001
22.57,33.17,24.19,44.17,307.05,7.45,7.36,83.23,47.89,4.14,7.9
22.57,33.17,24.19,44.17,307.05,7.45,7.36,83.23,47.89,4.14,8.0
22.69,33.98,24.38,45.43,317.04,7.45,7.35,82.42,46.94,3.95,8.1
22.69,33.98,24.38,45.43,317.04,7.45,7.35,82.42,46.94,3.95,8.200000000000001
22.69,33.98,24.38,45.43,317.04,7.45,7.35,82.42,46.94,3.95,8.3
22.7,34.06,24.39,45.56,318.11,7.45,7.35,82.35,46.86,3.93,8.4
22.7,34.06,24.39,45.56,318.11,7.45,7.35,82.35,46.86,3.93,8.5
22.76,34.46,24.49,46.18,323.25,7.44,7.35,81.97,46.42,3.84,8.6
22.76,34.46,24.49,46.18,323.25,7.44,7.35,81.97,46.42,3.84,8.700000000000001
22.76,34.46,24.49,46.18,323.25,7.44,7.35,81.97,46.42,3.84,8.8
22.76,34.46,24.49,46.18,323.25,7.44,7.35,81.97,46.42,3.84,8.9
22.76,34.46,24.49,46.18,323.25,7.44,7.35,81.97,46.42,3.84,9.0
22.8,34.76,24.56,46.64,326.71,7.44,7.34,81.7,46.11,3.77,9.1
22.8,34.76,24.56,46.64,326.71,7.44,7.34,81.7,46.11,3.77,9.200000000000001
22.8,34.76,24.56,46.64,326.71,7.44,7.34,81.7,46.11,3.77,9.3
22.83,34.94,24.59,46.89,328.63,7.44,7.34,81.57,45.96,3.74,9.4
22.83,34.94,24.59,46.89,328.63,7.44,7.34,81.57,45.96,3.74,9.5
22.85,35.1,24.63,47.12,330.37,7.44,7.34,81.44,45.81,3.71,9.600000000000001
22.85,35.1,24.63,47.12,330.37,7.44,7.34,81.44,45.81,3.71,9.700000000000001
22.85,35.1,24.63,47.12,330.37,7.44,7.34,81.44,45.81,3.71,9.8
22.85,35.1,24.63,47.12,330.37,7.44,7.34,81.44,45.81,3.71,9.9
22.85,35.1,24.63,47.12,330.37,7.44,7.34,81.44,45.81,3.71,10.0
22.86,35.15,24.64,47.2,330.86,7.43,7.34,81.41,45.77,3.7,10.100000000000001
22.86,35.15,24.64,47.2,330.86,7.43,7.34,81.41,45.77,3.7,10.200000000000001
22.86,35.15,24.64,47.2,330.86,7.43,7.34,81.41,45.77,3.7,10.3
22.86,35.15,24.64,47.2,330.86,7.43,7.34,81.41,45.77,3.7,10.4
22.86,35.15,24.64,47.2,330.86,7.43,7.34,81.41,45.77,3.7,10.5
22.86,35.15,24.64,47.2,330.86,7.43,7.34,81.41,45.77,3.7,10.600000000000001
22.86,35.15,24.64,47.2,330.86,7.43,7.34,81.41,45.77,3.7,10.700000000000001
22.86,35.15,24.64,47.2,330.86,7.43,7.34,81.41,45.77,3.7,10.8
22.86,35.15,24.64,47.2,330.86,7.43,7.34,81.41,45.77,3.7,10.9
22.86,35.15,24.64,47.2,330.86,7.43,7.34,81.41,45.77,3.7,11.0
22.95,35.72,24.76,47.99,336.53,7.43,7.33,81.0,45.34,3.62,11.100000000000001
22.95,35.72,24.76,47.99,336.53,7.43,7.33,81.0,45.34,3.62,11.200000000000001
22.95,35.72,24.76,47.99,336.53,7.43,7.33,81.0,45.34,3.62,11.3
22.95,35.72,24.76,47.99,336.53,7.43,7.33,81.0,45.34,3.62,11.4
22.95,35.72,24.76,47.99,336.53,7.43,7.33,81.0,45.34,3.62,11.5
22.95,35.72,24.76,47.99,336.53,7.43,7.33,81.0,45.34,3.62,11.600000000000001
22.95,35.72,24.76,47.99,336.53,7.43,7.33,81.0,45.34,3.62,11.700000000000001
22.95,35.72,24.76,47.99,336.53,7.43,7.33,81.0,45.34,3.62,11.8
22.95,35.72,24.76,47.99,336.53,7.43,7.33,81.0,45.34,3.62,11.9
22.95,35.72,24.76,47.99,336.53,7.43,7.33,81.0,45.34,3.62,12.0
23.01,36.1,24.84,48.5,339.63,7.43,7.33,80.78,45.11,3.57,12.100000000000001
23.01,36.1,24.84,48.5,339.63,7.43,7.33,80.78,45.11,3.57,12.200000000000001
23.01,36.1,24.84,48.5,339.63,7.43,7.33,80.78,45.11,3.57,12.3
23.01,36.1,24.84,48.5,339.63,7.43,7.33,80.78,45.11,3.57,12.4
23.01,36.1,24.84,48.5,339.63,7.43,7.33,80.78,45.11,3.57,12.5
23.02,36.2,24.86,48.63,340.49,7.43,7.33,80.72,45.05,3.56,12.600000000000001
23.02,36.2,24.86,48.63,340.49,7.43,7.33,80.72,45.05,3.56,12.700000000000001
23.02,36.2,24.86,48.63,340.49,7.43,7.33,80.72,45.05,3.56,12.8
23.02,36.2,24.86,48.63,340.49,7.43,7.33,80.72,45.05,3.56,12.9
23.02,36.2,24.86,48.63,340.49,7.43,7.33,80.72,45.05,3.56,13.0
23.14,37.02,25.01,49.69,345.96,7.42,7.32,80.33,44.65,3.48,13.100000000000001
23.14,37.02,25.01,49.69,345.96,7.42,7.32,80.33,44.65,3.48,13.200000000000001
23.14,37.02,25.01,49.69,345.96,7.42,7.32,80.33,44.65,3.48,13.3
23.14,37.02,25.01,49.69,345.96,7.42,7.32,80.33,44.65,3.48,13.4
23.14,37.02,25.01,49.69,345.96,7.42,7.32,80.33,44.65,3.48,13.5
23.14,37.02,25.01,49.69,345.96,7.42,7.32,80.33,44.65,3.48,13.600000000000001
23.14,37.02,25.01,49.69,345.96,7.42,7.32,80.33,44.65,3.48,13.700000000000001
23.14,37.02,25.01,49.69,345.96,7.42,7.32,80.33,44.65,3.48,13.8
23.14,37.02,25.01,49.69,345.96,7.42,7.32,80.33,44.65,3.48,13.9
23.14,37.02,25.01,49.69,345.96,7.42,7.32,80.33,44.65,3.48,14.0
23.14,37.02,25.01,49.69,345.96,7.42,7.32,80.33,44.65,3.48,14.100000000000001
23.14,37.02,25.01,49.69,345.96,7.42,7.32,80.33,44.65,3.48,14.200000000000001
23.14,37.02,25.01,49.69,345.96,7.42,7.32,80.33,44.65,3.48,14.3
23.14,37.02,25.01,49.69,345.96,7.42,7.32,80.33,44.65,3.48,14.4
23.14,37.02,25.01,49.69,345.96,7.42,7.32,80.33,44.65,3.48,14.5
23.14,37.02,25.01,49.69,345.96,7.42,7.32,80.33,44.65,3.48,14.600000000000001
23.14,37.02,25.01,49.69,345.96,7.42,7.32,80.33,44.65,3.48,14.700000000000001
23.14,37.02,25.01,49.69,345.96,7.42,7.32,80.33,44.65,3.48,14.8
23.14,37.02,25.01,49.69,345.96,7.42,7.32,80.33,44.65,3.48,14.9
23.14,37.02,25.01,49.69,345.96,7.42,7.32,80.33,44.65,3.48,15.0
23.2,37.39,25.08,50.15,348.55,7.41,7.32,80.15,44.48,3.45,15.100000000000001
23.2,37.39,25.08,50.15,348.55,7.41,7.32,80.15,44.48,3.45,15.200000000000001
23.2,37.39,25.08,50.15,348.55,7.41,7.32,80.15,44.48,3.45,15.3
23.2,37.39,25.08,50.15,348.55,7.41,7.32,80.15,44.48,3.45,15.4
23.2,37.39,25.08,50.15,348.55,7.41,7.32,80.15,44.48,3.45,15.5
23.2,37.39,25.08,50.15,348.55,7.41,7.32,80.15,44.48,3.45,15.600000000000001
23.2,37.39,25.08,50.15,348.55,7.41,7.32,80.15,44.48,3.45,15.700000000000001
23.2,37.39,25.08,50.15,348.55,7.41,7.32,80.15,44.48,3.45,15.8
23.2,37.39,25.08,50.15,348.55,7.41,7.32,80.15,44.48,3.45,15.9
23.2,37.39,25.08,50.15,348.55,7.41,7.32,80.15,44.48,3.45,16.0
23.38,38.59,25.31,51.66,356.35,7.4,7.31,79.62,43.97,3.35,16.1
23.38,38.59,25.31,51.66,356.35,7.4,7.31,79.62,43.97,3.35,16.2
23.38,38.59,25.31,51.66,356.35,7.4,7.31,79.62,43.97,3.35,16.3
23.38,38.59,25.31,51.66,356.35,7.4,7.31,79.62,43.97,3.35,16.400000000000002
23.38,38.59,25.31,51.66,356.35,7.4,7.31,79.62,43.97,3.35,16.5
23.38,38.59,25.31,51.66,356.35,7.4,7.31,79.62,43.97,3.35,16.6
23.38,38.59,25.31,51.66,356.35,7.4,7.31,79.62,43.97,3.35,16.7
23.38,38.59,25.31,51.66,356.35,7.4,7.31,79.62,43.97,3.35,16.8
23.38,38.59,25.31,51.66,356.35,7.4,7.31,79.62,43.97,3.35,16.900000000000002
23.38,38.59,25.31,51.66,356.35,7.4,7.31,79.62,43.97,3.35,17.0
23.66,40.48,25.67,54.03,368.68,7.39,7.3,78.79,43.2,3.2,17.1
23.66,40.48,25.67,54.03,368.68,7.39,7.3,78.79,43.2,3.2,17.2
23.66,40.48,25.67,54.03,368.68,7.39,7.3,78.79,43.2,3.2,17.3
23.66,40.48,25.67,54.03,368.68,7.39,7.3,78.79,43.2,3.2,17.400000000000002
23.66,40.48,25.67,54.03,368.68,7.39,7.3,78.79,43.2,3.2,17.5
23.66,40.48,25.67,54.03,368.68,7.39,7.3,78.79,43.2,3.2,17.6
23.66,40.48,25.67,54.03,368.68,7.39,7.3,78.79,43.2,3.2,17.7
23.66,40.48,25.67,54.03,368.68,7.39,7.3,78.79,43.2,3.2,17.8
23.66,40.48,25.67,54.03,368.68,7.39,7.3,78.79,43.2,3.2,17.900000000000002
23.66,40.48,25.67,54.03,368.68,7.39,7.3,78.79,43.2,3.2,18.0
23.71,40.79,25.72,54.42,370.87,7.39,7.3,78.64,43.04,3.17,18.1
23.71,40.79,25.72,54.42,370.87,7.39,7.3,78.64,43.04,3.17,18.2
23.71,40.79,25.72,54.42,370.87,7.39,7.3,78.64,43.04,3.17,18.3
23.71,40.79,25.72,54.42,370.87,7.39,7.3,78.64,43.04,3.17,18.400000000000002
23.73,40.96,25.76,54.64,372.08,7.39,7.3,78.55,42.95,3.15,18.5
23.73,40.96,25.76,54.64,372.08,7.39,7.3,78.55,42.95,3.15,18.6
23.73,40.96,25.76,54.64,372.08,7.39,7.3,78.55,42.95,3.15,18.7
23.73,40.96,25.76,54.64,372.08,7.39,7.3,78.55,42.95,3.15,18.8
23.73,40.96,25.76,54.64,372.08,7.39,7.3,78.55,42.95,3.15,18.900000000000002
23.73,40.96,25.76,54.64,372.08,7.39,7.3,78.55,42.95,3.15,19.0
23.73,40.96,25.76,54.64,372.08,7.39,7.3,78.55,42.95,3.15,19.1
23.73,40.96,25.76,54.64,372.08,7.39,7.3,78.55,42.95,3.15,19.200000000000003
23.73,40.96,25.76,54.64,372.08,7.39,7.3,78.55,42.95,3.15,19.3
23.73,40.96,25.76,54.64,372.08,7.39,7.3,78.55,42.95,3.15,19.400000000000002
23.73,40.96,25.76,54.64,372.08,7.39,7.3,78.55,42.95,3.15,19.5
23.73,40.96,25.76,54.64,372.08,7.39,7.3,78.55,42.95,3.15,19.6
23.73,40.96,25.76,54.64,372.08,7.39,7.3,78.55,42.95,3.15,19.700000000000003
23.73,40.96,25.76,54.64,372.08,7.39,7.3,78.55,42.95,3.15,19.8
23.73,40.96,25.76,54.64,372.08,7.39,7.3,78.55,42.95,3.15,19.900000000000002
23.73,40.96,25.76,54.64,372.08,7.39,7.3,78.55,42.95,3.15,20.0
23.77,41.22,25.81,54.98,373.76,7.38,7.29,78.43,42.85,3.13,20.1
23.77,41.22,25.81,54.98,373.76,7.38,7.29,78.43,42.85,3.13,20.200000000000003
23.77,41.22,25.81,54.98,373.76,7.38,7.29,78.43,42.85,3.13,20.3
23.77,41.22,25.81,54.98,373.76,7.38,7.29,78.43,42.85,3.13,20.400000000000002
23.77,41.22,25.81,54.98,373.76,7.38,7.29,78.43,42.85,3.13,20.5
23.77,41.22,25.81,54.98,373.76,7.38,7.29,78.43,42.85,3.13,20.6
23.77,41.22,25.81,54.98,373.76,7.38,7.29,78.43,42.85,3.13,20.700000000000003
23.77,41.22,25.81,54.98,373.76,7.38,7.29,78.43,42.85,3.13,20.8
23.77,41.22,25.81,54.98,373.76,7.38,7.29,78.43,42.85,3.13,20.900000000000002
23.77,41.22,25.81,54.98,373.76,7.38,7.29,78.43,42.85,3.13,21.0
23.83,41.59,25.87,55.42,375.89,7.38,7.29,78.29,42.71,3.11,21.1
23.83,41.59,25.87,55.42,375.89,7.38,7.29,78.29,42.71,3.11,21.200000000000003
23.83,41.59,25.87,55.42,375.89,7.38,7.29,78.29,42.71,3.11,21.3
23.85,41.71,25.9,55.58,376.62,7.38,7.29,78.24,42.67,3.1,21.400000000000002
23.85,41.71,25.9,55.58,376.62,7.38,7.29,78.24,42.67,3.1,21.5
23.85,41.71,25.9,55.58,376.62,7.38,7.29,78.24,42.67,3.1,21.6
23.85,41.71,25.9,55.58,376.62,7.38,7.29,78.24,42.67,3.1,21.700000000000003
23.85,41.71,25.9,55.58,376.62,7.38,7.29,78.24,42.67,3.1,21.8
23.85,41.71,25.9,55.58,376.62,7.38,7.29,78.24,42.67,3.1,21.900000000000002
23.87,41.85,25.92,55.74,377.37,7.38,7.29,78.19,42.62,3.09,22.0
24.1,43.41,26.21,57.64,386.38,7.37,7.28,77.57,42.08,2.99,22.1
24.1,43.41,26.21,57.64,386.38,7.37,7.28,77.57,42.08,2.99,22.200000000000003
24.1,43.41,26.21,57.64,386.38,7.37,7.28,77.57,42.08,2.99,22.3
24.12,43.52,26.23,57.77,386.99,7.37,7.28,77.53,42.04,2.98,22.400000000000002
24.12,43.52,26.23,57.77,386.99,7.37,7.28,77.53,42.04,2.98,22.5
24.12,43.52,26.23,57.77,386.99,7.37,7.28,77.53,42.04,2.98,22.6
24.12,43.52,26.23,57.77,386.99,7.37,7.28,77.53,42.04,2.98,22.700000000000003
24.12,43.52,26.23,57.77,386.99,7.37,7.28,77.53,42.04,2.98,22.8
24.12,43.52,26.23,57.77,386.99,7.37,7.28,77.53,42.04,2.98,22.900000000000002
24.15,43.75,26.27,58.05,388.27,7.36,7.28,77.44,41.97,2.97,23.0
24.15,43.75,26.27,58.05,388.27,7.36,7.28,77.44,41.97,2.97,23.1
24.15,43.75,26.27,58.05,388.27,7.36,7.28,77.44,41.97,2.97,23.200000000000003
24.15,43.75,26.27,58.05,388.27,7.36,7.28,77.44,41.97,2.97,23.3
24.15,43.75,26.27,58.05,388.27,7.36,7.28,77.44,41.97,2.97,23.400000000000002
24.15,43.75,26.27,58.05,388.27,7.36,7.28,77.44,41.97,2.97,23.5
24.15,43.75,26.27,58.05,388.27,7.36,7.28,77.44,41.97,2.97,23.6
24.15,43.75,26.27,58.05,388.27,7.36,7.28,77.44,41.97,2.97,23.700000000000003
24.15,43.75,26.27,58.05,388.27,7.36,7.28,77.44,41.97,2.97,23.8
24.17,43.89,26.29,58.21,388.93,7.36,7.28,77.4,41.93,2.96,23.900000000000002
24.17,43.89,26.29,58.21,388.93,7.36,7.28,77.4,41.93,2.96,24.0
24.17,43.89,26.29,58.21,388.93,7.36,7.28,77.4,41.93,2.96,24.1
24.17,43.89,26.29,58.21,388.93,7.36,7.28,77.4,41.93,2.96,24.200000000000003
24.17,43.89,26.29,58.21,388.93,7.36,7.28,77.4,41.93,2.96,24.3
24.17,43.89,26.29,58.21,388.93,7.36,7.28,77.4,41.93,2.96,24.400000000000002
24.17,43.89,26.29,58.21,388.93,7.36,7.28,77.4,41.93,2.96,24.5
24.17,43.89,26.29,58.21,388.93,7.36,7.28,77.4,41.93,2.96,24.6
24.17,43.89,26.29,58.21,388.93,7.36,7.28,77.4,41.93,2.96,24.700000000000003
24.17,43.89,26.29,58.21,388.93,7.36,7.28,77.4,41.93,2.96,24.8
24.17,43.89,26.29,58.21,388.93,7.36,7.28,77.4,41.93,2.96,24.900000000000002
24.17,43.89,26.29,58.21,388.93,7.36,7.28,77.4,41.93,2.96,25.0
24.6,46.76,26.81,61.64,403.99,7.34,7.26,76.35,41.06,2.79,25.1
24.6,46.76,26.81,61.64,403.99,7.34,7.26,76.35,41.06,2.79,25.200000000000003
24.6,46.76,26.81,61.64,403.99,7.34,7.26,76.35,41.06,2.79,25.3
24.77,47.88,27.01,62.97,409.7,7.34,7.25,75.96,40.72,2.73,25.400000000000002
24.77,47.88,27.01,62.97,409.7,7.34,7.25,75.96,40.72,2.73,25.5
24.77,47.88,27.01,62.97,409.7,7.34,7.25,75.96,40.72,2.73,25.6
24.77,47.88,27.01,62.97,409.7,7.34,7.25,75.96,40.72,2.73,25.700000000000003
24.77,47.88,27.01,62.97,409.7,7.34,7.25,75.96,40.72,2.73,25.8
24.77,47.88,27.01,62.97,409.7,7.34,7.25,75.96,40.72,2.73,25.900000000000002
24.79,48.03,27.03,63.14,410.42,7.33,7.25,75.91,40.68,2.72,26.0
24.79,48.03,27.03,63.14,410.42,7.33,7.25,75.91,40.68,2.72,26.1
24.79,48.03,27.03,63.14,410.42,7.33,7.25,75.91,40.68,2.72,26.200000000000003
24.79,48.03,27.03,63.14,410.42,7.33,7.25,75.91,40.68,2.72,26.3
24.79,48.03,27.03,63.14,410.42,7.33,7.25,75.91,40.68,2.72,26.400000000000002
24.79,48.03,27.03,63.14,410.42,7.33,7.25,75.91,40.68,2.72,26.5
24.79,48.03,27.03,63.14,410.42,7.33,7.25,75.91,40.68,2.72,26.6
24.79,48.03,27.03,63.14,410.42,7.33,7.25,75.91,40.68,2.72,26.700000000000003
24.79,48.03,27.03,63.14,410.42,7.33,7.25,75.91,40.68,2.72,26.8
24.85,48.4,27.1,63.57,411.94,7.33,7.25,75.79,40.59,2.7,26.900000000000002
24.85,48.4,27.1,63.57,411.94,7.33,7.25,75.79,40.59,2.7,27.0
24.85,48.4,27.1,63.57,411.94,7.33,7.25,75.79,40.59,2.7,27.1
24.85,48.4,27.1,63.57,411.94,7.33,7.25,75.79,40.59,2.7,27.200000000000003
24.85,48.4,27.1,63.57,411.94,7.33,7.25,75.79,40.59,2.7,27.3
24.85,48.4,27.1,63.57,411.94,7.33,7.25,75.79,40.59,2.7,27.400000000000002
24.85,48.4,27.1,63.57,411.94,7.33,7.25,75.79,40.59,2.7,27.5
24.86,48.49,27.11,63.68,412.34,7.33,7.25,75.76,40.56,2.7,27.6
24.86,48.49,27.11,63.68,412.34,7.33,7.25,75.76,40.56,2.7,27.700000000000003
24.86,48.49,27.11,63.68,412.34,7.33,7.25,75.76,40.56,2.7,27.8
24.86,48.49,27.11,63.68,412.34,7.33,7.25,75.76,40.56,2.7,27.900000000000002
24.86,48.49,27.11,63.68,412.34,7.33,7.25,75.76,40.56,2.7,28.0
24.86,48.49,27.11,63.68,412.34,7.33,7.25,75.76,40.56,2.7,28.1
24.86,48.49,27.11,63.68,412.34,7.33,7.25,75.76,40.56,2.7,28.200000000000003
24.86,48.49,27.11,63.68,412.34,7.33,7.25,75.76,40.56,2.7,28.3
24.86,48.49,27.11,63.68,412.34,7.33,7.25,75.76,40.56,2.7,28.400000000000002
24.86,48.49,27.11,63.68,412.34,7.33,7.25,75.76,40.56,2.7,28.5
24.86,48.49,27.11,63.68,412.34,7.33,7.25,75.76,40.56,2.7,28.6
24.86,48.49,27.11,63.68,412.34,7.33,7.25,75.76,40.56,2.7,28.700000000000003
24.86,48.49,27.11,63.68,412.34,7.33,7.25,75.76,40.56,2.7,28.8
24.86,48.49,27.11,63.68,412.34,7.33,7.25,75.76,40.56,2.7,28.900000000000002
24.86,48.49,27.11,63.68,412.34,7.33,7.25,75.76,40.56,2.7,29.0
24.86,48.49,27.11,63.68,412.34,7.33,7.25,75.76,40.56,2.7,29.1
24.86,48.49,27.11,63.68,412.34,7.33,7.25,75.76,40.56,2.7,29.200000000000003
24.86,48.49,27.11,63.68,412.34,7.33,7.25,75.76,40.56,2.7,29.3
24.86,48.49,27.11,63.68,412.34,7.33,7.25,75.76,40.56,2.7,29.400000000000002
24.86,48.49,27.11,63.68,412.34,7.33,7.25,75.76,40.56,2.7,29.5
24.86,48.49,27.11,63.68,412.34,7.33,7.25,75.76,40.56,2.7,29.6
24.86,48.49,27.11,63.68,412.34,7.33,7.25,75.76,40.56,2.7,29.700000000000003
24.86,48.49,27.11,63.68,412.34,7.33,7.25,75.76,40.56,2.7,29.8
24.86,48.49,27.11,63.68,412.34,7.33,7.25,75.76,40.56,2.7,29.900000000000002
24.86,48.49,27.11,63.68,412.34,7.33,7.25,75.76,40.56,2.7,30.0
24.86,48.49,27.11,63.68,412.34,7.33,7.25,75.76,40.56,2.7,30.1
24.86,48.49,27.11,63.68,412.34,7.33,7.25,75.76,40.56,2.7,30.200000000000003
24.86,48.49,27.11,63.68,412.34,7.33,7.25,75.76,40.56,2.7,30.3
24.9,48.71,27.15,63.91,413.04,7.33,7.25,75.71,40.52,2.69,30.400000000000002
24.9,48.71,27.15,63.91,413.04,7.33,7.25,75.71,40.52,2.69,30.5
24.9,48.71,27.15,63.91,413.04,7.33,7.25,75.71,40.52,2.69,30.6
24.9,48.71,27.15,63.91,413.04,7.33,7.25,75.71,40.52,2.69,30.700000000000003
24.9,48.71,27.15,63.91,413.04,7.33,7.25,75.71,40.52,2.69,30.8
24.9,48.71,27.15,63.91,413.04,7.33,7.25,75.71,40.52,2.69,30.900000000000002
24.93,48.94,27.19,64.17,413.76,7.33,7.25,75.66,40.49,2.68,31.0
24.93,48.94,27.19,64.17,413.76,7.33,7.25,75.66,40.49,2.68,31.1
24.93,48.94,27.19,64.17,413.76,7.33,7.25,75.66,40.49,2.68,31.200000000000003
24.93,48.94,27.19,64.17,413.76,7.33,7.25,75.66,40.49,2.68,31.3
24.98,49.27,27.24,64.55,414.79,7.33,7.25,75.61,40.44,2.67,31.400000000000002
24.98,49.27,27.24,64.55,414.79,7.33,7.25,75.61,40.44,2.67,31.5
24.98,49.27,27.24,64.55,414.79,7.33,7.25,75.61,40.44,2.67,31.6
24.98,49.27,27.24,64.55,414.79,7.33,7.25,75.61,40.44,2.67,31.700000000000003
24.98,49.27,27.24,64.55,414.79,7.33,7.25,75.61,40.44,2.67,31.8
25.0,49.4,27.26,64.69,415.02,7.33,7.25,75.59,40.42,2.66,31.900000000000002
25.0,49.4,27.26,64.69,415.02,7.33,7.25,75.59,40.42,2.66,32.0
25.0,49.4,27.26,64.69,415.02,7.33,7.25,75.59,40.42,2.66,32.1
25.0,49.4,27.26,64.69,415.02,7.33,7.25,75.59,40.42,2.66,32.2
25.06,49.83,27.34,65.17,415.75,7.32,7.24,75.5,40.36,2.65,32.300000000000004
25.06,49.83,27.34,65.17,415.75,7.32,7.24,75.5,40.36,2.65,32.4
25.06,49.83,27.34,65.17,415.75,7.32,7.24,75.5,40.36,2.65,32.5
25.07,49.86,27.34,65.2,415.83,7.32,7.24,75.49,40.35,2.65,32.6
25.07,49.86,27.34,65.2,415.83,7.32,7.24,75.49,40.35,2.65,32.7
25.07,49.86,27.34,65.2,415.83,7.32,7.24,75.49,40.35,2.65,32.800000000000004
25.19,50.66,27.47,66.07,416.79,7.32,7.24,75.32,40.22,2.62,32.9
25.19,50.66,27.47,66.07,416.79,7.32,7.24,75.32,40.22,2.62,33.0
25.19,50.66,27.47,66.07,416.79,7.32,7.24,75.32,40.22,2.62,33.1
25.19,50.66,27.47,66.07,416.79,7.32,7.24,75.32,40.22,2.62,33.2
25.19,50.66,27.47,66.07,416.79,7.32,7.24,75.32,40.22,2.62,33.300000000000004
25.19,50.66,27.47,66.07,416.79,7.32,7.24,75.32,40.22,2.62,33.4
25.24,50.97,27.52,66.43,417.51,7.32,7.24,75.23,40.15,2.61,33.5
25.24,50.97,27.52,66.43,417.51,7.32,7.24,75.23,40.15,2.61,33.6
25.24,50.97,27.52,66.43,417.51,7.32,7.24,75.23,40.15,2.61,33.7
25.24,51.02,27.53,66.48,417.66,7.32,7.24,75.22,40.14,2.61,33.800000000000004
25.24,51.02,27.53,66.48,417.66,7.32,7.24,75.22,40.14,2.61,33.9
25.24,51.02,27.53,66.48,417.66,7.32,7.24,75.22,40.14,2.61,34.0
25.24,51.02,27.53,66.48,417.66,7.32,7.24,75.22,40.14,2.61,34.1
25.25,51.1,27.55,66.57,417.93,7.32,7.24,75.2,40.13,2.6,34.2
25.25,51.1,27.55,66.57,417.93,7.32,7.24,75.2,40.13,2.6,34.300000000000004
25.26,51.14,27.56,66.66,419.08,7.32,7.24,75.14,40.08,2.59,34.4
25.26,51.14,27.56,66.66,419.08,7.32,7.24,75.14,40.08,2.59,34.5
25.26,51.14,27.56,66.66,419.08,7.32,7.24,75.14,40.08,2.59,34.6
25.26,51.14,27.56,66.66,419.08,7.32,7.24,75.14,40.08,2.59,34.7
25.29,51.3,27.59,66.85,419.64,7.31,7.24,75.09,40.04,2.58,34.800000000000004
25.29,51.3,27.59,66.85,419.64,7.31,7.24,75.09,40.04,2.58,34.9
25.29,51.3,27.59,66.85,419.64,7.31,7.24,75.09,40.04,2.58,35.0
25.29,51.3,27.59,66.85,419.64,7.31,7.24,75.09,40.04,2.58,35.1
25.29,51.3,27.59,66.85,419.64,7.31,7.24,75.09,40.04,2.58,35.2
25.29,51.3,27.59,66.85,419.64,7.31,7.24,75.09,40.04,2.58,35.300000000000004
25.29,51.3,27.59,66.85,419.64,7.31,7.24,75.09,40.04,2.58,35.4
25.29,51.3,27.59,66.85,419.64,7.31,7.24,75.09,40.04,2.58,35.5
25.29,51.3,27.59,66.85,419.64,7.31,7.24,75.09,40.04,2.58,35.6
25.32,51.5,27.62,67.09,420.84,7.31,7.24,75.03,39.99,2.57,35.7
25.32,51.5,27.62,67.09,420.84,7.31,7.24,75.03,39.99,2.57,35.800000000000004
25.32,51.5,27.62,67.09,420.84,7.31,7.24,75.03,39.99,2.57,35.9
25.33,51.61,27.64,67.21,421.16,7.31,7.24,75.0,39.97,2.56,36.0
25.33,51.61,27.64,67.21,421.16,7.31,7.24,75.0,39.97,2.56,36.1
25.33,51.61,27.64,67.21,421.16,7.31,7.24,75.0,39.97,2.56,36.2
25.43,52.25,27.75,67.91,424.14,7.31,7.23,74.84,39.85,2.54,36.300000000000004
25.43,52.25,27.75,67.91,424.14,7.31,7.23,74.84,39.85,2.54,36.4
25.43,52.25,27.75,67.91,424.14,7.31,7.23,74.84,39.85,2.54,36.5
25.43,52.25,27.75,67.91,424.14,7.31,7.23,74.84,39.85,2.54,36.6
25.43,52.25,27.75,67.91,424.14,7.31,7.23,74.84,39.85,2.54,36.7
25.43,52.25,27.75,67.91,424.14,7.31,7.23,74.84,39.85,2.54,36.800000000000004
25.45,52.4,27.77,68.08,424.69,7.31,7.23,74.8,39.82,2.53,36.9
25.45,52.4,27.77,68.08,424.69,7.31,7.23,74.8,39.82,2.53,37.0
25.45,52.4,27.77,68.08,424.69,7.31,7.23,74.8,39.82,2.53,37.1
25.45,52.4,27.77,68.08,424.69,7.31,7.23,74.8,39.82,2.53,37.2
25.45,52.4,27.77,68.08,424.69,7.31,7.23,74.8,39.82,2.53,37.300000000000004
25.45,52.4,27.77,68.08,424.69,7.31,7.23,74.8,39.82,2.53,37.4
25.45,52.4,27.77,68.08,424.69,7.31,7.23,74.8,39.82,2.53,37.5
25.54,52.99,27.87,68.73,426.54,7.3,7.23,74.67,39.73,2.52,37.6
25.54,52.99,27.87,68.73,426.54,7.3,7.23,74.67,39.73,2.52,37.7
25.54,52.99,27.87,68.73,426.54,7.3,7.23,74.67,39.73,2.52,37.800000000000004
25.54,52.99,27.87,68.73,426.54,7.3,7.23,74.67,39.73,2.52,37.9
25.55,53.04,27.88,68.78,426.67,7.3,7.23,74.66,39.72,2.52,38.0
25.55,53.04,27.88,68.78,426.67,7.3,7.23,74.66,39.72,2.52,38.1
25.55,53.04,27.88,68.78,426.67,7.3,7.23,74.66,39.72,2.52,38.2
25.55,53.04,27.88,68.78,426.67,7.3,7.23,74.66,39.72,2.52,38.300000000000004
25.55,53.04,27.88,68.78,426.67,7.3,7.23,74.66,39.72,2.52,38.400000000000006
25.55,53.04,27.88,68.78,426.67,7.3,7.23,74.66,39.72,2.52,38.5
25.55,53.04,27.88,68.78,426.67,7.3,7.23,74.66,39.72,2.52,38.6
25.6,53.39,27.94,69.17,427.54,7.3,7.23,74.58,39.66,2.5,38.7
25.74,54.33,28.09,70.2,429.47,7.3,7.22,74.41,39.53,2.48,38.800000000000004
25.74,54.33,28.09,70.2,429.47,7.3,7.22,74.41,39.53,2.48,38.900000000000006
25.74,54.33,28.09,70.2,429.47,7.3,7.22,74.41,39.53,2.48,39.0
25.74,54.33,28.09,70.2,429.47,7.3,7.22,74.41,39.53,2.48,39.1
25.74,54.33,28.09,70.2,429.47,7.3,7.22,74.41,39.53,2.48,39.2
25.74,54.33,28.09,70.2,429.47,7.3,7.22,74.41,39.53,2.48,39.300000000000004
25.74,54.33,28.09,70.2,429.47,7.3,7.22,74.41,39.53,2.48,39.400000000000006
25.75,54.42,28.11,70.3,429.73,7.3,7.22,74.39,39.52,2.48,39.5
25.75,54.42,28.11,70.3,429.73,7.3,7.22,74.39,39.52,2.48,39.6
25.75,54.42,28.11,70.3,429.73,7.3,7.22,74.39,39.52,2.48,39.7
25.75,54.42,28.11,70.3,429.73,7.3,7.22,74.39,39.52,2.48,39.800000000000004
25.79,54.68,28.15,70.59,430.09,7.3,7.22,74.33,39.47,2.47,39.900000000000006
25.79,54.68,28.15,70.59,430.09,7.3,7.22,74.33,39.47,2.47,40.0
25.81,54.8,28.17,70.72,430.46,7.29,7.22,74.31,39.46,2.47,40.1
25.81,54.8,28.17,70.72,430.46,7.29,7.22,74.31,39.46,2.47,40.2
25.81,54.8,28.17,70.72,430.46,7.29,7.22,74.31,39.46,2.47,40.300000000000004
25.81,54.8,28.17,70.72,430.46,7.29,7.22,74.31,39.46,2.47,40.400000000000006
25.81,54.8,28.17,70.72,430.46,7.29,7.22,74.31,39.46,2.47,40.5
25.81,54.8,28.17,70.72,430.46,7.29,7.22,74.31,39.46,2.47,40.6
25.81,54.8,28.17,70.72,430.46,7.29,7.22,74.31,39.46,2.47,40.7
25.81,54.8,28.17,70.72,430.46,7.29,7.22,74.31,39.46,2.47,40.800000000000004
25.81,54.8,28.17,70.72,430.46,7.29,7.22,74.31,39.46,2.47,40.900000000000006
25.83,54.94,28.19,70.87,430.89,7.29,7.22,74.28,39.43,2.46,41.0
25.83,54.94,28.19,70.87,430.89,7.29,7.22,74.28,39.43,2.46,41.1
25.87,55.17,28.23,71.15,430.68,7.29,7.22,74.18,39.36,2.45,41.2
25.91,55.48,28.28,71.48,431.47,7.29,7.22,74.12,39.32,2.44,41.300000000000004
25.91,55.48,28.28,71.48,431.47,7.29,7.22,74.12,39.32,2.44,41.400000000000006
25.91,55.48,28.28,71.48,431.47,7.29,7.22,74.12,39.32,2.44,41.5
25.91,55.48,28.28,71.48,431.47,7.29,7.22,74.12,39.32,2.44,41.6
25.91,55.48,28.28,71.48,431.47,7.29,7.22,74.12,39.32,2.44,41.7
25.91,55.48,28.28,71.48,431.47,7.29,7.22,74.12,39.32,2.44,41.800000000000004
25.91,55.48,28.28,71.48,431.47,7.29,7.22,74.12,39.32,2.44,41.900000000000006
25.91,55.48,28.28,71.48,431.47,7.29,7.22,74.12,39.32,2.44,42.0
25.91,55.48,28.28,71.48,431.47,7.29,7.22,74.12,39.32,2.44,42.1
25.91,55.48,28.28,71.48,431.47,7.29,7.22,74.12,39.32,2.44,42.2
25.95,55.75,28.33,71.79,432.2,7.29,7.22,74.07,39.28,2.43,42.300000000000004
25.95,55.75,28.33,71.79,432.2,7.29,7.22,74.07,39.28,2.43,42.400000000000006
25.95,55.75,28.33,71.79,432.2,7.29,7.22,74.07,39.28,2.43,42.5
26.01,56.14,28.39,72.21,433.41,7.29,7.22,73.97,39.21,2.42,42.6
26.01,56.14,28.39,72.21,433.41,7.29,7.22,73.97,39.21,2.42,42.7
26.01,56.14,28.39,72.21,433.41,7.29,7.22,73.97,39.21,2.42,42.800000000000004
26.01,56.14,28.39,72.21,433.41,7.29,7.22,73.97,39.21,2.42,42.900000000000006
26.01,56.14,28.39,72.21,433.41,7.29,7.22,73.97,39.21,2.42,43.0
26.02,56.21,28.4,72.29,433.58,7.29,7.22,73.96,39.2,2.41,43.1
26.02,56.21,28.4,72.29,433.58,7.29,7.22,73.96,39.2,2.41,43.2
26.02,56.21,28.4,72.29,433.58,7.29,7.22,73.96,39.2,2.41,43.300000000000004
26.02,56.21,28.4,72.29,433.58,7.29,7.22,73.96,39.2,2.41,43.400000000000006
26.05,56.37,28.43,72.47,434.08,7.29,7.22,73.92,39.17,2.41,43.5
26.05,56.37,28.43,72.47,434.08,7.29,7.22,73.92,39.17,2.41,43.6
26.12,56.89,28.52,73.03,436.65,7.28,7.21,73.83,39.1,2.39,43.7
26.12,56.89,28.52,73.03,436.65,7.28,7.21,73.83,39.1,2.39,43.800000000000004
26.12,56.89,28.52,73.03,436.65,7.28,7.21,73.83,39.1,2.39,43.900000000000006
26.12,56.89,28.52,73.03,436.65,7.28,7.21,73.83,39.1,2.39,44.0
26.12,56.89,28.52,73.03,436.65,7.28,7.21,73.83,39.1,2.39,44.1
26.12,56.89,28.52,73.03,436.65,7.28,7.21,73.83,39.1,2.39,44.2
26.12,56.89,28.52,73.03,436.65,7.28,7.21,73.83,39.1,2.39,44.300000000000004
26.15,57.09,28.55,73.25,437.13,7.28,7.21,73.79,39.08,2.39,44.400000000000006
26.15,57.09,28.55,73.25,437.13,7.28,7.21,73.79,39.08,2.39,44.5
26.15,57.09,28.55,73.25,437.13,7.28,7.21,73.79,39.08,2.39,44.6
26.2,57.41,28.6,73.59,438.41,7.28,7.21,73.74,39.04,2.38,44.7
26.2,57.41,28.6,73.59,438.41,7.28,7.21,73.74,39.04,2.38,44.800000000000004
26.2,57.41,28.6,73.59,438.41,7.28,7.21,73.74,39.04,2.38,44.900000000000006
26.2,57.41,28.6,73.59,438.41,7.28,7.21,73.74,39.04,2.38,45.0
26.2,57.41,28.6,73.59,438.41,7.28,7.21,73.74,39.04,2.38,45.1
26.2,57.41,28.6,73.59,438.41,7.28,7.21,73.74,39.04,2.38,45.2
26.2,57.41,28.6,73.59,438.41,7.28,7.21,73.74,39.04,2.38,45.300000000000004
26.2,57.41,28.6,73.59,438.41,7.28,7.21,73.74,39.04,2.38,45.400000000000006
26.24,57.67,28.64,73.87,439.17,7.28,7.21,73.7,39.01,2.37,45.5
26.24,57.67,28.64,73.87,439.17,7.28,7.21,73.7,39.01,2.37,45.6
26.24,57.67,28.64,73.87,439.17,7.28,7.21,73.7,39.01,2.37,45.7
26.24,57.67,28.64,73.87,439.17,7.28,7.21,73.7,39.01,2.37,45.800000000000004
26.24,57.67,28.64,73.87,439.17,7.28,7.21,73.7,39.01,2.37,45.900000000000006
26.25,57.73,28.65,73.93,439.28,7.28,7.21,73.69,39.0,2.37,46.0
26.32,58.23,28.73,74.49,440.75,7.28,7.21,73.63,38.96,2.36,46.1
26.32,58.23,28.73,74.49,440.75,7.28,7.21,73.63,38.96,2.36,46.2
26.32,58.23,28.73,74.49,440.75,7.28,7.21,73.63,38.96,2.36,46.300000000000004
26.32,58.23,28.73,74.49,440.75,7.28,7.21,73.63,38.96,2.36,46.400000000000006
26.32,58.23,28.73,74.49,440.75,7.28,7.21,73.63,38.96,2.36,46.5
26.32,58.23,28.73,74.49,440.75,7.28,7.21,73.63,38.96,2.36,46.6
26.32,58.23,28.73,74.49,440.75,7.28,7.21,73.63,38.96,2.36,46.7
26.32,58.23,28.73,74.49,440.75,7.28,7.21,73.63,38.96,2.36,46.800000000000004
26.36,58.46,28.77,74.73,441.17,7.28,7.21,73.6,38.94,2.36,46.900000000000006
26.36,58.46,28.77,74.73,441.17,7.28,7.21,73.6,38.94,2.36,47.0
26.36,58.46,28.77,74.73,441.17,7.28,7.21,73.6,38.94,2.36,47.1
26.36,58.46,28.77,74.73,441.17,7.28,7.21,73.6,38.94,2.36,47.2
26.36,58.46,28.77,74.73,441.17,7.28,7.21,73.6,38.94,2.36,47.300000000000004
26.36,58.46,28.77,74.73,441.17,7.28,7.21,73.6,38.94,2.36,47.400000000000006
26.36,58.46,28.77,74.73,441.17,7.28,7.21,73.6,38.94,2.36,47.5
26.36,58.46,28.77,74.73,441.17,7.28,7.21,73.6,38.94,2.36,47.6
26.36,58.46,28.77,74.73,441.17,7.28,7.21,73.6,38.94,2.36,47.7
26.36,58.46,28.77,74.73,441.17,7.28,7.21,73.6,38.94,2.36,47.800000000000004
26.48,59.24,28.89,75.52,442.1,7.27,7.2,73.47,38.85,2.35,47.900000000000006
26.48,59.24,28.89,75.52,442.1,7.27,7.2,73.47,38.85,2.35,48.0
26.48,59.24,28.89,75.52,442.1,7.27,7.2,73.47,38.85,2.35,48.1
26.48,59.24,28.89,75.52,442.1,7.27,7.2,73.47,38.85,2.35,48.2
26.48,59.24,28.89,75.52,442.1,7.27,7.2,73.47,38.85,2.35,48.300000000000004
26.48,59.24,28.89,75.52,442.1,7.27,7.2,73.47,38.85,2.35,48.400000000000006
26.48,59.24,28.89,75.52,442.1,7.27,7.2,73.47,38.85,2.35,48.5
26.51,59.47,28.93,75.77,442.37,7.27,7.2,73.43,38.82,2.34,48.6
26.51,59.47,28.93,75.77,442.37,7.27,7.2,73.43,38.82,2.34,48.7
26.51,59.47,28.93,75.77,442.37,7.27,7.2,73.43,38.82,2.34,48.800000000000004
26.51,59.47,28.93,75.77,442.37,7.27,7.2,73.43,38.82,2.34,48.900000000000006
26.51,59.47,28.93,75.77,442.37,7.27,7.2,73.43,38.82,2.34,49.0
26.51,59.47,28.93,75.77,442.37,7.27,7.2,73.43,38.82,2.34,49.1
26.51,59.47,28.93,75.77,442.37,7.27,7.2,73.43,38.82,2.34,49.2
26.51,59.47,28.93,75.77,442.37,7.27,7.2,73.43,38.82,2.34,49.300000000000004
26.51,59.47,28.93,75.77,442.37,7.27,7.2,73.43,38.82,2.34,49.400000000000006
26.59,59.97,29.01,76.32,442.61,7.27,7.2,73.33,38.75,2.33,49.5
26.59,59.97,29.01,76.32,442.61,7.27,7.2,73.33,38.75,2.33,49.6
26.59,59.97,29.01,76.32,442.61,7.27,7.2,73.33,38.75,2.33,49.7
26.59,59.97,29.01,76.32,442.61,7.27,7.2,73.33,38.75,2.33,49.800000000000004
26.59,59.97,29.01,76.32,442.61,7.27,7.2,73.33,38.75,2.33,49.900000000000006
26.6,60.06,29.02,76.41,442.81,7.27,7.2,73.31,38.74,2.33,50.0
26.6,60.06,29.02,76.41,442.81,7.27,7.2,73.31,38.74,2.33,50.1
26.6,60.06,29.02,76.41,442.81,7.27,7.2,73.31,38.74,2.33,50.2
26.6,60.06,29.02,76.41,442.81,7.27,7.2,73.31,38.74,2.33,50.300000000000004
26.68,60.58,29.11,77.02,442.89,7.27,7.2,73.18,38.64,2.31,50.400000000000006
26.68,60.58,29.11,77.02,442.89,7.27,7.2,73.18,38.64,2.31,50.5
26.68,60.58,29.11,77.02,442.89,7.27,7.2,73.18,38.64,2.31,50.6
26.68,60.58,29.11,77.02,442.89,7.27,7.2,73.18,38.64,2.31,50.7
26.68,60.58,29.11,77.02,442.89,7.27,7.2,73.18,38.64,2.31,50.800000000000004
26.68,60.58,29.11,77.02,442.89,7.27,7.2,73.18,38.64,2.31,50.900000000000006
26.68,60.58,29.11,77.02,442.89,7.27,7.2,73.18,38.64,2.31,51.0
26.68,60.58,29.11,77.02,442.89,7.27,7.2,73.18,38.64,2.31,51.1
26.68,60.58,29.11,77.02,442.89,7.27,7.2,73.18,38.64,2.31,51.2
26.68,60.58,29.11,77.02,442.89,7.27,7.2,73.18,38.64,2.31,51.300000000000004
26.69,60.65,29.12,77.09,443.02,7.26,7.2,73.17,38.63,2.31,51.400000000000006
26.69,60.65,29.12,77.09,443.02,7.26,7.2,73.17,38.63,2.31,51.5
26.69,60.65,29.12,77.09,443.02,7.26,7.2,73.17,38.63,2.31,51.6
26.69,60.65,29.12,77.09,443.02,7.26,7.2,73.17,38.63,2.31,51.7
26.69,60.65,29.12,77.09,443.02,7.26,7.2,73.17,38.63,2.31,51.800000000000004
26.69,60.65,29.12,77.09,443.02,7.26,7.2,73.17,38.63,2.31,51.900000000000006
26.71,60.81,29.15,77.26,443.25,7.26,7.2,73.14,38.61,2.3,52.0
26.71,60.81,29.15,77.26,443.25,7.26,7.2,73.14,38.61,2.3,52.1
26.78,61.28,29.23,77.78,444.37,7.26,7.2,73.05,38.55,2.29,52.2
26.78,61.28,29.23,77.78,444.37,7.26,7.2,73.05,38.55,2.29,52.300000000000004
26.79,61.34,29.24,77.84,444.47,7.26,7.2,73.04,38.54,2.29,52.400000000000006
26.79,61.34,29.24,77.84,444.47,7.26,7.2,73.04,38.54,2.29,52.5
26.79,61.34,29.24,77.84,444.47,7.26,7.2,73.04,38.54,2.29,52.6
26.79,61.34,29.24,77.84,444.47,7.26,7.2,73.04,38.54,2.29,52.7
26.82,61.51,29.27,78.03,444.75,7.26,7.2,73.0,38.52,2.28,52.800000000000004
26.83,61.58,29.28,78.1,444.89,7.26,7.2,72.99,38.51,2.28,52.900000000000006
26.83,61.58,29.28,78.1,444.89,7.26,7.2,72.99,38.51,2.28,53.0
26.83,61.58,29.28,78.1,444.89,7.26,7.2,72.99,38.51,2.28,53.1
26.84,61.66,29.29,78.19,445.03,7.26,7.2,72.98,38.5,2.28,53.2
26.84,61.66,29.29,78.19,445.03,7.26,7.2,72.98,38.5,2.28,53.300000000000004
26.84,61.66,29.29,78.19,445.03,7.26,7.2,72.98,38.5,2.28,53.400000000000006
26.84,61.66,29.29,78.19,445.03,7.26,7.2,72.98,38.5,2.28,53.5
26.84,61.66,29.29,78.19,445.03,7.26,7.2,72.98,38.5,2.28,53.6
26.85,61.77,29.31,78.3,445.27,7.26,7.19,72.96,38.49,2.28,53.7
26.97,62.53,29.43,79.12,448.23,7.26,7.19,72.86,38.42,2.26,53.800000000000004
26.97,62.53,29.43,79.12,448.23,7.26,7.19,72.86,38.42,2.26,53.900000000000006
26.97,62.53,29.43,79.12,448.23,7.26,7.19,72.86,38.42,2.26,54.0
26.97,62.53,29.43,79.12,448.23,7.26,7.19,72.86,38.42,2.26,54.1
26.97,62.53,29.43,79.12,448.23,7.26,7.19,72.86,38.42,2.26,54.2
26.97,62.53,29.43,79.12,448.23,7.26,7.19,72.86,38.42,2.26,54.300000000000004
26.98,62.59,29.44,79.18,448.35,7.26,7.19,72.85,38.41,2.26,54.400000000000006
27.04,62.97,29.5,79.59,449.32,7.25,7.19,72.78,38.37,2.26,54.5
27.04,62.97,29.5,79.59,449.32,7.25,7.19,72.78,38.37,2.26,54.6
27.04,62.97,29.5,79.59,449.32,7.25,7.19,72.78,38.37,2.26,54.7
27.04,62.97,29.5,79.59,449.32,7.25,7.19,72.78,38.37,2.26,54.800000000000004
27.07,63.21,29.54,79.84,449.97,7.25,7.19,72.75,38.34,2.25,54.900000000000006
27.07,63.21,29.54,79.84,449.97,7.25,7.19,72.75,38.34,2.25,55.0
27.07,63.21,29.54,79.84,449.97,7.25,7.19,72.75,38.34,2.25,55.1
27.07,63.21,29.54,79.84,449.97,7.25,7.19,72.75,38.34,2.25,55.2
27.07,63.21,29.54,79.84,449.97,7.25,7.19,72.75,38.34,2.25,55.300000000000004
27.08,63.25,29.54,79.89,450.09,7.25,7.19,72.74,38.34,2.25,55.400000000000006
27.08,63.25,29.54,79.89,450.09,7.25,7.19,72.74,38.34,2.25,55.5
27.08,63.25,29.54,79.89,450.09,7.25,7.19,72.74,38.34,2.25,55.6
27.08,63.25,29.54,79.89,450.09,7.25,7.19,72.74,38.34,2.25,55.7
27.08,63.25,29.54,79.89,450.09,7.25,7.19,72.74,38.34,2.25,55.800000000000004
27.08,63.25,29.54,79.89,450.09,7.25,7.19,72.74,38.34,2.25,55.900000000000006
27.09,63.34,29.56,79.98,450.34,7.25,7.19,72.73,38.33,2.25,56.0
27.09,63.34,29.56,79.98,450.34,7.25,7.19,72.73,38.33,2.25,56.1
27.09,63.34,29.56,79.98,450.34,7.25,7.19,72.73,38.33,2.25,56.2
27.12,63.53,29.59,80.19,449.85,7.25,7.19,72.68,38.29,2.24,56.300000000000004
27.12,63.53,29.59,80.19,449.85,7.25,7.19,72.68,38.29,2.24,56.400000000000006
27.12,63.53,29.59,80.19,449.85,7.25,7.19,72.68,38.29,2.24,56.5
27.12,63.53,29.59,80.19,449.85,7.25,7.19,72.68,38.29,2.24,56.6
27.14,63.68,29.61,80.34,449.89,7.25,7.19,72.66,38.28,2.24,56.7
27.14,63.68,29.61,80.34,449.89,7.25,7.19,72.66,38.28,2.24,56.800000000000004
27.14,63.68,29.61,80.34,449.89,7.25,7.19,72.66,38.28,2.24,56.900000000000006
27.14,63.68,29.61,80.34,449.89,7.25,7.19,72.66,38.28,2.24,57.0
27.14,63.68,29.61,80.34,449.89,7.25,7.19,72.66,38.28,2.24,57.1
27.16,63.8,29.63,80.46,450.12,7.25,7.19,72.65,38.27,2.24,57.2
27.18,63.97,29.66,80.63,450.77,7.25,7.19,72.65,38.27,2.24,57.300000000000004
27.18,63.97,29.66,80.63,450.77,7.25,7.19,72.65,38.27,2.24,57.400000000000006
27.18,63.97,29.66,80.63,450.77,7.25,7.19,72.65,38.27,2.24,57.5
27.18,63.97,29.66,80.63,450.77,7.25,7.19,72.65,38.27,2.24,57.6
27.18,63.97,29.66,80.63,450.77,7.25,7.19,72.65,38.27,2.24,57.7
27.23,64.24,29.69,80.89,451.66,7.25,7.19,72.63,38.26,2.23,57.800000000000004
27.23,64.24,29.69,80.89,451.66,7.25,7.19,72.63,38.26,2.23,57.900000000000006
27.23,64.24,29.69,80.89,451.66,7.25,7.19,72.63,38.26,2.23,58.0
27.23,64.24,29.69,80.89,451.66,7.25,7.19,72.63,38.26,2.23,58.1
27.31,64.77,29.77,81.37,453.25,7.25,7.18,72.57,38.22,2.23,58.2
27.31,64.77,29.77,81.37,453.25,7.25,7.18,72.57,38.22,2.23,58.300000000000004
27.31,64.77,29.77,81.37,453.25,7.25,7.18,72.57,38.22,2.23,58.400000000000006
27.32,64.84,29.78,81.44,453.5,7.25,7.18,72.57,38.22,2.23,58.5
27.32,64.84,29.78,81.44,453.5,7.25,7.18,72.57,38.22,2.23,58.6
27.32,64.84,29.78,81.44,453.5,7.25,7.18,72.57,38.22,2.23,58.7
27.32,64.84,29.78,81.44,453.5,7.25,7.18,72.57,38.22,2.23,58.800000000000004
27.35,65.07,29.81,81.69,454.24,7.25,7.18,72.54,38.2,2.23,58.900000000000006
27.35,65.07,29.81,81.69,454.24,7.25,7.18,72.54,38.2,2.23,59.0
27.35,65.07,29.81,81.69,454.24,7.25,7.18,72.54,38.2,2.23,59.1
27.35,65.07,29.81,81.69,454.24,7.25,7.18,72.54,38.2,2.23,59.2
27.36,65.1,29.82,81.72,454.3,7.24,7.18,72.54,38.2,2.23,59.300000000000004
27.35,65.07,29.83,81.78,454.33,7.25,7.18,72.54,38.2,2.22,59.400000000000006
27.35,65.07,29.83,81.78,454.33,7.25,7.18,72.54,38.2,2.22,59.5
27.35,65.07,29.83,81.78,454.33,7.25,7.18,72.54,38.2,2.22,59.6
27.35,65.07,29.83,81.78,454.33,7.25,7.18,72.54,38.2,2.22,59.7
27.35,65.07,29.83,81.78,454.33,7.25,7.18,72.54,38.2,2.22,59.800000000000004
27.35,65.07,29.83,81.78,454.33,7.25,7.18,72.54,38.2,2.22,59.900000000000006
27.35,65.07,29.83,81.78,454.33,7.25,7.18,72.54,38.2,2.22,60.0
27.35,65.07,29.83,81.78,454.33,7.25,7.18,72.54,38.2,2.22,60.1
27.35,65.07,29.83,81.78,454.33,7.25,7.18,72.54,38.2,2.22,60.2
27.35,65.07,29.83,81.78,454.33,7.25,7.18,72.54,38.2,2.22,60.300000000000004
27.38,65.26,29.86,81.97,454.7,7.24,7.18,72.51,38.17,2.22,60.400000000000006
27.38,65.26,29.86,81.97,454.7,7.24,7.18,72.51,38.17,2.22,60.5
27.38,65.26,29.86,81.97,454.7,7.24,7.18,72.51,38.17,2.22,60.6
27.38,65.26,29.86,81.97,454.7,7.24,7.18,72.51,38.17,2.22,60.7
27.38,65.26,29.86,81.97,454.7,7.24,7.18,72.51,38.17,2.22,60.800000000000004
27.42,65.53,29.9,82.29,455.13,7.24,7.18,72.46,38.14,2.21,60.900000000000006
27.42,65.53,29.9,82.29,455.13,7.24,7.18,72.46,38.14,2.21,61.0
27.42,65.53,29.9,82.29,455.13,7.24,7.18,72.46,38.14,2.21,61.1
27.42,65.53,29.9,82.29,455.13,7.24,7.18,72.46,38.14,2.21,61.2
27.42,65.53,29.9,82.29,455.13,7.24,7.18,72.46,38.14,2.21,61.300000000000004
27.45,65.72,29.94,82.5,455.56,7.24,7.18,72.43,38.12,2.21,61.400000000000006
27.52,66.23,30.02,83.04,455.87,7.24,7.18,72.31,38.04,2.2,61.5
27.53,66.27,30.02,83.09,455.96,7.24,7.18,72.31,38.04,2.2,61.6
27.53,66.27,30.02,83.09,455.96,7.24,7.18,72.31,38.04,2.2,61.7
27.53,66.27,30.02,83.09,455.96,7.24,7.18,72.31,38.04,2.2,61.800000000000004
27.55,66.37,30.04,83.2,456.23,7.24,7.18,72.3,38.03,2.2,61.900000000000006
27.59,66.66,30.09,83.5,456.81,7.24,7.18,72.25,38.0,2.19,62.0
27.59,66.66,30.09,83.5,456.81,7.24,7.18,72.25,38.0,2.19,62.1
27.59,66.66,30.09,83.5,456.81,7.24,7.18,72.25,38.0,2.19,62.2
27.59,66.66,30.09,83.5,456.81,7.24,7.18,72.25,38.0,2.19,62.300000000000004
27.59,66.66,30.09,83.5,456.81,7.24,7.18,72.25,38.0,2.19,62.400000000000006
27.59,66.66,30.09,83.5,456.81,7.24,7.18,72.25,38.0,2.19,62.5
27.61,66.81,30.11,83.66,457.2,7.24,7.18,72.24,37.99,2.19,62.6
27.61,66.81,30.11,83.66,457.2,7.24,7.18,72.24,37.99,2.19,62.7
27.61,66.81,30.11,83.66,457.2,7.24,7.18,72.24,37.99,2.19,62.800000000000004
27.61,66.81,30.11,83.66,457.2,7.24,7.18,72.24,37.99,2.19,62.900000000000006
27.61,66.81,30.11,83.66,457.2,7.24,7.18,72.24,37.99,2.19,63.0
27.62,66.84,30.11,83.69,457.23,7.24,7.18,72.23,37.99,2.19,63.1
27.62,66.84,30.11,83.69,457.23,7.24,7.18,72.23,37.99,2.19,63.2
27.62,66.84,30.11,83.69,457.23,7.24,7.18,72.23,37.99,2.19,63.300000000000004
27.62,66.84,30.11,83.69,457.23,7.24,7.18,72.23,37.99,2.19,63.400000000000006
27.66,67.15,30.16,83.98,458.63,7.24,7.18,72.23,37.99,2.18,63.5
27.66,67.15,30.16,83.98,458.63,7.24,7.18,72.23,37.99,2.18,63.6
27.67,67.18,30.16,84.02,458.71,7.24,7.18,72.23,37.98,2.18,63.7
27.67,67.18,30.16,84.02,458.71,7.24,7.18,72.23,37.98,2.18,63.800000000000004
27.67,67.18,30.16,84.02,458.71,7.24,7.18,72.23,37.98,2.18,63.900000000000006
27.67,67.18,30.16,84.02,458.71,7.24,7.18,72.23,37.98,2.18,64.0
27.68,67.29,30.18,84.13,459.22,7.24,7.18,72.23,37.98,2.18,64.10000000000001
27.68,67.29,30.18,84.13,459.22,7.24,7.18,72.23,37.98,2.18,64.2
27.68,67.29,30.18,84.13,459.22,7.24,7.18,72.23,37.98,2.18,64.3
27.68,67.29,30.18,84.13,459.22,7.24,7.18,72.23,37.98,2.18,64.4
27.68,67.29,30.18,84.13,459.22,7.24,7.18,72.23,37.98,2.18,64.5
27.72,67.52,30.22,84.41,460.25,7.23,7.18,72.22,37.98,2.18,64.60000000000001
27.72,67.52,30.22,84.41,460.25,7.23,7.18,72.22,37.98,2.18,64.7
27.72,67.52,30.22,84.41,460.25,7.23,7.18,72.22,37.98,2.18,64.8
27.72,67.52,30.22,84.41,460.25,7.23,7.18,72.22,37.98,2.18,64.9
27.72,67.52,30.22,84.41,460.25,7.23,7.18,72.22,37.98,2.18,65.0
27.75,67.71,30.26,84.63,460.08,7.23,7.17,72.19,37.96,2.18,65.10000000000001
27.76,67.78,30.27,84.7,460.29,7.23,7.17,72.19,37.96,2.17,65.2
27.76,67.78,30.27,84.7,460.29,7.23,7.17,72.19,37.96,2.17,65.3
27.76,67.78,30.27,84.7,460.29,7.23,7.17,72.19,37.96,2.17,65.4
27.76,67.78,30.27,84.7,460.29,7.23,7.17,72.19,37.96,2.17,65.5
27.78,67.96,30.3,84.89,458.92,7.23,7.17,72.13,37.92,2.17,65.60000000000001
27.8,68.05,30.31,84.99,459.16,7.23,7.17,72.12,37.91,2.17,65.7
27.8,68.05,30.31,84.99,459.16,7.23,7.17,72.12,37.91,2.17,65.8
27.8,68.05,30.31,84.99,459.16,7.23,7.17,72.12,37.91,2.17,65.9
27.8,68.05,30.31,84.99,459.16,7.23,7.17,72.12,37.91,2.17,66.0
27.82,68.18,30.33,85.12,459.4,7.23,7.17,72.11,37.9,2.17,66.10000000000001
27.84,68.32,30.35,85.27,459.61,7.23,7.17,72.08,37.89,2.17,66.2
27.84,68.32,30.35,85.27,459.61,7.23,7.17,72.08,37.89,2.17,66.3
27.84,68.32,30.35,85.27,459.61,7.23,7.17,72.08,37.89,2.17,66.4
27.84,68.32,30.35,85.27,459.61,7.23,7.17,72.08,37.89,2.17,66.5
27.85,68.38,30.36,85.33,459.67,7.23,7.17,72.07,37.88,2.16,66.60000000000001
27.85,68.38,30.36,85.33,459.67,7.23,7.17,72.07,37.88,2.16,66.7
27.88,68.59,30.39,85.55,461.57,7.23,7.17,72.07,37.88,2.16,66.8
27.88,68.59,30.39,85.55,461.57,7.23,7.17,72.07,37.88,2.16,66.9
27.88,68.59,30.39,85.55,461.57,7.23,7.17,72.07,37.88,2.16,67.0
27.88,68.59,30.39,85.55,461.57,7.23,7.17,72.07,37.88,2.16,67.10000000000001
27.91,68.77,30.42,85.73,462.35,7.23,7.17,72.05,37.87,2.16,67.2
27.91,68.77,30.42,85.73,462.35,7.23,7.17,72.05,37.87,2.16,67.3
27.91,68.77,30.42,85.73,462.35,7.23,7.17,72.05,37.87,2.16,67.4
27.91,68.77,30.42,85.73,462.35,7.23,7.17,72.05,37.87,2.16,67.5
27.91,68.77,30.42,85.73,462.35,7.23,7.17,72.05,37.87,2.16,67.60000000000001
27.91,68.77,30.42,85.73,462.35,7.23,7.17,72.05,37.87,2.16,67.7
27.94,69.02,30.45,85.95,462.35,7.23,7.17,71.99,37.82,2.16,67.8
27.94,69.02,30.45,85.95,462.35,7.23,7.17,71.99,37.82,2.16,67.9
27.94,69.02,30.45,85.95,462.35,7.23,7.17,71.99,37.82,2.16,68.0
27.96,69.15,30.48,86.1,462.67,7.23,7.17,71.97,37.81,2.16,68.10000000000001
27.96,69.15,30.48,86.1,462.67,7.23,7.17,71.97,37.81,2.16,68.2
27.96,69.15,30.48,86.1,462.67,7.23,7.17,71.97,37.81,2.16,68.3
27.96,69.15,30.48,86.1,462.67,7.23,7.17,71.97,37.81,2.16,68.4
27.96,69.15,30.48,86.1,462.67,7.23,7.17,71.97,37.81,2.16,68.5
27.97,69.2,30.48,86.15,462.84,7.23,7.17,71.96,37.8,2.15,68.60000000000001
27.98,69.3,30.5,86.25,462.82,7.23,7.17,71.94,37.79,2.15,68.7
27.99,69.32,30.5,86.28,462.84,7.23,7.17,71.94,37.79,2.15,68.8
27.99,69.32,30.5,86.28,462.84,7.23,7.17,71.94,37.79,2.15,68.9
27.99,69.32,30.5,86.28,462.84,7.23,7.17,71.94,37.79,2.15,69.0
28.05,69.71,30.57,86.74,462.71,7.23,7.17,71.87,37.74,2.15,69.10000000000001
28.06,69.83,30.59,86.86,462.95,7.23,7.17,71.85,37.73,2.15,69.2
28.06,69.83,30.59,86.86,462.95,7.23,7.17,71.85,37.73,2.15,69.3
28.08,69.94,30.61,86.98,462.85,7.23,7.17,71.83,37.72,2.14,69.4
28.08,69.94,30.61,86.98,462.85,7.23,7.17,71.83,37.72,2.14,69.5
28.11,70.11,30.64,87.17,463.38,7.22,7.17,71.81,37.71,2.14,69.60000000000001
28.11,70.14,30.64,87.2,463.35,7.22,7.17,71.81,37.7,2.14,69.7
28.12,70.22,30.65,87.29,463.21,7.22,7.17,71.8,37.7,2.14,69.8
28.12,70.22,30.65,87.29,463.21,7.22,7.17,71.8,37.7,2.14,69.9
28.12,70.22,30.65,87.29,463.21,7.22,7.17,71.8,37.7,2.14,70.0
28.13,70.26,30.66,87.33,463.14,7.22,7.17,71.79,37.69,2.14,70.10000000000001
28.13,70.26,30.66,87.33,463.14,7.22,7.17,71.79,37.69,2.14,70.2
28.13,70.26,30.66,87.33,463.14,7.22,7.17,71.79,37.69,2.14,70.3
28.13,70.28,30.67,87.36,463.07,7.22,7.17,71.79,37.69,2.14,70.4
28.15,70.39,30.68,87.47,464.48,7.22,7.17,71.79,37.69,2.14,70.5
28.15,70.39,30.68,87.47,464.48,7.22,7.17,71.79,37.69,2.14,70.60000000000001
28.17,70.51,30.7,87.58,464.12,7.22,7.17,71.79,37.69,2.14,70.7
28.17,70.51,30.7,87.58,464.12,7.22,7.17,71.79,37.69,2.14,70.8
28.17,70.51,30.7,87.58,464.12,7.22,7.17,71.79,37.69,2.14,70.9
28.18,70.6,30.71,87.67,463.91,7.22,7.17,71.78,37.68,2.13,71.0
28.18,70.6,30.71,87.67,463.91,7.22,7.17,71.78,37.68,2.13,71.10000000000001
28.2,70.75,30.73,87.82,461.94,7.22,7.17,71.78,37.68,2.13,71.2
28.2,70.76,30.74,87.83,461.87,7.22,7.17,71.77,37.68,2.13,71.3
28.2,70.76,30.74,87.83,461.87,7.22,7.17,71.77,37.68,2.13,71.4
28.24,70.99,30.77,88.05,460.37,7.22,7.16,71.74,37.66,2.13,71.5
28.24,70.99,30.77,88.05,460.37,7.22,7.16,71.74,37.66,2.13,71.60000000000001
28.27,71.19,30.8,88.26,460.19,7.22,7.16,71.69,37.62,2.13,71.7
28.27,71.19,30.8,88.27,459.76,7.22,7.16,71.68,37.62,2.13,71.8
28.27,71.19,30.8,88.27,459.63,7.22,7.16,71.68,37.62,2.13,71.9
28.26,71.15,30.8,88.24,459.55,7.22,7.16,71.66,37.61,2.13,72.0
28.26,71.11,30.79,88.21,459.5,7.22,7.16,71.65,37.6,2.13,72.10000000000001
28.26,71.11,30.79,88.21,459.5,7.22,7.16,71.65,37.6,2.13,72.2
28.17,70.52,30.71,87.68,459.33,7.22,7.17,71.65,37.6,2.13,72.3
28.15,70.42,30.7,87.59,459.36,7.22,7.17,71.65,37.6,2.13,72.4
28.15,70.41,30.7,87.58,459.37,7.22,7.17,71.65,37.6,2.13,72.5
28.15,70.42,30.7,87.59,459.48,7.22,7.17,71.65,37.6,2.13,72.60000000000001
28.15,70.42,30.7,87.59,459.65,7.22,7.17,71.65,37.6,2.12,72.7
28.15,70.42,30.7,87.59,460.01,7.22,7.17,71.65,37.6,2.12,72.8
28.16,70.5,30.71,87.65,460.35,7.22,7.17,71.65,37.6,2.12,72.9
28.24,70.99,30.77,88.04,460.62,7.22,7.16,71.65,37.6,2.12,73.0
28.36,71.79,30.88,88.8,461.0,7.22,7.16,71.65,37.6,2.12,73.10000000000001
28.43,72.26,30.95,89.29,461.25,7.22,7.16,71.65,37.6,2.12,73.2
28.45,72.41,31.0,89.58,461.66,7.22,7.16,71.65,37.6,2.12,73.3
28.4,72.1,30.96,89.32,461.96,7.22,7.16,71.65,37.6,2.12,73.4
28.36,71.82,30.92,89.04,462.21,7.22,7.16,71.65,37.6,2.12,73.5
28.34,71.69,30.9,88.9,462.44,7.22,7.16,71.65,37.6,2.12,73.60000000000001
28.32,71.51,30.87,88.7,463.04,7.22,7.16,71.65,37.6,2.12,73.7
28.3,71.43,30.85,88.62,463.39,7.22,7.16,71.65,37.6,2.12,73.8
28.3,71.41,30.85,88.6,463.75,7.22,7.16,71.65,37.6,2.12,73.9
28.3,71.43,30.85,88.63,464.23,7.22,7.16,71.65,37.6,2.12,74.0
28.32,71.56,30.87,88.74,464.49,7.22,7.16,71.65,37.6,2.12,74.10000000000001
28.4,72.06,30.93,89.14,464.83,7.22,7.16,71.65,37.6,2.12,74.2
28.5,72.77,31.04,89.83,465.16,7.21,7.16,71.65,37.6,2.12,74.3
28.56,73.15,31.11,90.3,465.6,7.21,7.16,71.65,37.6,2.11,74.4
28.52,72.87,31.07,90.09,465.87,7.21,7.16,71.65,37.6,2.11,74.5
28.47,72.52,31.02,89.76,466.21,7.22,7.16,71.65,37.6,2.11,74.60000000000001
28.43,72.29,30.99,89.52,466.62,7.22,7.16,71.65,37.6,2.11,74.7
28.42,72.21,30.98,89.43,466.91,7.22,7.16,71.65,37.6,2.11,74.8
28.41,72.17,30.97,89.38,467.42,7.22,7.16,71.65,37.6,2.11,74.9
28.42,72.19,30.97,89.4,467.71,7.22,7.16,71.65,37.6,2.11,75.0
28.43,72.24,30.98,89.43,468.09,7.22,7.16,71.65,37.6,2.11,75.10000000000001
28.5,72.73,31.03,89.81,468.38,7.21,7.16,71.65,37.6,2.11,75.2
28.5,72.75,31.04,89.83,468.37,7.21,7.16,71.65,37.6,2.11,75.3
28.58,73.27,31.11,90.32,468.07,7.21,7.16,71.65,37.6,2.11,75.4
28.68,73.93,31.21,91.01,467.29,7.21,7.16,71.65,37.6,2.11,75.5
28.68,73.93,31.21,91.01,467.29,7.21,7.16,71.65,37.6,2.11,75.60000000000001
28.68,73.96,31.22,91.03,467.24,7.21,7.16,71.65,37.6,2.11,75.7
28.7,74.08,31.24,91.16,466.95,7.21,7.16,71.64,37.59,2.11,75.8
28.75,74.38,31.29,91.51,465.84,7.21,7.16,71.61,37.57,2.11,75.9
28.75,74.4,31.29,91.54,465.81,7.21,7.16,71.61,37.57,2.11,76.0
28.77,74.51,31.32,91.74,463.83,7.21,7.15,71.54,37.53,2.11,76.10000000000001
28.77,74.51,31.32,91.74,463.83,7.21,7.15,71.54,37.53,2.11,76.2
28.77,74.5,31.32,91.75,463.56,7.21,7.15,71.52,37.51,2.1,76.3
28.77,74.5,31.32,91.75,463.56,7.21,7.15,71.52,37.51,2.1,76.4
28.77,74.5,31.32,91.75,463.56,7.21,7.15,71.52,37.51,2.1,76.5
28.77,74.5,31.32,91.75,463.56,7.21,7.15,71.52,37.51,2.1,76.60000000000001
28.77,74.57,31.32,91.76,464.46,7.21,7.15,71.52,37.51,2.1,76.7
28.79,74.66,31.34,91.86,464.44,7.21,7.15,71.51,37.51,2.1,76.80000000000001
28.79,74.66,31.34,91.86,464.44,7.21,7.15,71.51,37.51,2.1,76.9
28.79,74.66,31.34,91.86,464.52,7.21,7.15,71.51,37.5,2.1,77.0
28.79,74.67,31.34,91.88,464.54,7.21,7.15,71.5,37.5,2.1,77.10000000000001
28.79,74.67,31.34,91.88,464.54,7.21,7.15,71.5,37.5,2.1,77.2
28.79,74.67,31.34,91.88,464.54,7.21,7.15,71.5,37.5,2.1,77.30000000000001
28.8,74.71,31.35,91.9,465.32,7.21,7.15,71.5,37.5,2.1,77.4
28.8,74.71,31.35,91.9,465.32,7.21,7.15,71.5,37.5,2.1,77.5
28.8,74.73,31.35,91.93,467.25,7.21,7.15,71.5,37.5,2.1,77.60000000000001
28.8,74.73,31.35,91.93,467.41,7.21,7.15,71.5,37.5,2.1,77.7
28.8,74.73,31.35,91.93,467.41,7.21,7.15,71.5,37.5,2.1,77.80000000000001
28.8,74.73,31.35,91.93,467.41,7.21,7.15,71.5,37.5,2.1,77.9
28.8,74.74,31.35,91.95,468.47,7.21,7.15,71.5,37.5,2.09,78.0
28.8,74.74,31.35,91.95,468.47,7.21,7.15,71.5,37.5,2.09,78.10000000000001
28.8,74.74,31.35,91.95,468.62,7.21,7.15,71.5,37.5,2.09,78.2
28.8,74.74,31.35,91.95,468.62,7.21,7.15,71.5,37.5,2.09,78.30000000000001
28.8,74.74,31.35,91.95,468.62,7.21,7.15,71.5,37.5,2.09,78.4
28.8,74.74,31.35,91.95,468.62,7.21,7.15,71.5,37.5,2.09,78.5
28.8,74.74,31.35,91.96,469.65,7.21,7.15,71.5,37.5,2.09,78.60000000000001
28.8,74.74,31.35,91.96,469.65,7.21,7.15,71.5,37.5,2.09,78.7
28.8,74.74,31.35,91.96,469.65,7.21,7.15,71.5,37.5,2.09,78.80000000000001
28.8,74.74,31.36,91.97,470.18,7.21,7.15,71.5,37.5,2.09,78.9
28.8,74.73,31.36,91.98,469.86,7.21,7.15,71.49,37.49,2.09,79.0
28.8,74.73,31.36,91.98,469.86,7.21,7.15,71.49,37.49,2.09,79.10000000000001
28.8,74.73,31.36,92.03,470.38,7.21,7.15,71.49,37.49,2.09,79.2
28.8,74.73,31.36,92.03,470.38,7.21,7.15,71.49,37.49,2.09,79.30000000000001
28.8,74.73,31.36,92.03,469.88,7.21,7.15,71.48,37.48,2.09,79.4
28.8,74.73,31.36,92.03,469.88,7.21,7.15,71.48,37.48,2.09,79.5
28.79,74.69,31.36,92.0,467.25,7.21,7.15,71.42,37.45,2.09,79.60000000000001
28.79,74.69,31.36,92.0,467.25,7.21,7.15,71.42,37.45,2.09,79.7
28.79,74.69,31.36,92.0,467.25,7.21,7.15,71.42,37.45,2.09,79.80000000000001
28.79,74.69,31.36,92.0,467.25,7.21,7.15,71.42,37.45,2.09,79.9
28.79,74.69,31.36,92.0,467.25,7.21,7.15,71.42,37.45,2.09,80.0
