caSys_pO2,cvSys_HCO3,cvSys_pCO2,ecmop1,caSys_O2sat,cvSys_O2sat,cvSys_pH,cvSys_pO2,caSys_pH,left flow,cv sysvr value
242.43,23.3,38.25,-22.7,99.79,89.03,7.41,57.02,7.48,3.11,1.0
242.43,23.3,38.25,-22.7,99.79,89.03,7.41,57.02,7.48,3.11,1.1
242.43,23.3,38.25,-22.7,99.79,89.03,7.41,57.02,7.48,3.11,1.2000000000000002
242.43,23.3,38.25,-22.7,99.79,89.03,7.41,57.02,7.48,3.11,1.3000000000000003
242.43,23.3,38.25,-22.7,99.79,89.03,7.41,57.02,7.48,3.11,1.4000000000000004
242.43,23.3,38.25,-22.7,99.79,89.03,7.41,57.02,7.48,3.11,1.5000000000000004
242.43,23.3,38.25,-22.7,99.79,89.03,7.41,57.02,7.48,3.11,1.6000000000000005
242.43,23.3,38.25,-22.7,99.79,89.03,7.41,57.02,7.48,3.11,1.7000000000000006
242.43,23.3,38.25,-22.7,99.79,89.03,7.41,57.02,7.48,3.11,1.8000000000000007
242.43,23.3,38.25,-22.7,99.79,89.03,7.41,57.02,7.48,3.11,1.9000000000000008
242.43,23.3,38.25,-22.7,99.79,89.03,7.41,57.02,7.48,3.11,2.000000000000001
242.43,23.3,38.25,-22.7,99.79,89.03,7.41,57.02,7.48,3.11,2.100000000000001
242.43,23.3,38.25,-22.7,99.79,89.03,7.41,57.02,7.48,3.11,2.200000000000001
242.43,23.3,38.25,-22.7,99.79,89.03,7.41,57.02,7.48,3.11,2.300000000000001
242.43,23.3,38.25,-22.7,99.79,89.03,7.41,57.02,7.48,3.11,2.4000000000000012
242.43,23.3,38.25,-22.7,99.79,89.03,7.41,57.02,7.48,3.11,2.5000000000000013
242.43,23.3,38.25,-22.7,99.79,89.03,7.41,57.02,7.48,3.11,2.6000000000000014
242.43,23.3,38.25,-22.7,99.79,89.03,7.41,57.02,7.48,3.11,2.7000000000000015
242.43,23.3,38.25,-22.7,99.79,89.03,7.41,57.02,7.48,3.11,2.8000000000000016
242.03,23.3,38.26,-22.7,99.79,89.03,7.41,57.02,7.48,3.11,2.9000000000000017
242.86,23.31,38.3,-22.7,99.79,88.99,7.41,56.96,7.48,3.1,3.0000000000000018
243.12,23.31,38.31,-22.68,99.79,88.97,7.41,56.92,7.48,3.1,3.100000000000002
243.15,23.31,38.34,-22.63,99.79,88.94,7.41,56.85,7.48,3.1,3.200000000000002
243.22,23.31,38.35,-22.61,99.79,88.92,7.41,56.81,7.48,3.1,3.300000000000002
243.54,23.32,38.38,-22.61,99.79,88.87,7.41,56.7,7.48,3.09,3.400000000000002
243.76,23.32,38.4,-22.59,99.79,88.84,7.4,56.65,7.48,3.09,3.500000000000002
244.02,23.32,38.42,-22.59,99.79,88.84,7.4,56.64,7.48,3.08,3.6000000000000023
244.29,23.33,38.46,-22.57,99.79,88.81,7.4,56.58,7.48,3.08,3.7000000000000024
244.58,23.34,38.53,-22.52,99.79,88.76,7.4,56.48,7.48,3.08,3.8000000000000025
244.76,23.34,38.56,-22.5,99.79,88.74,7.4,56.44,7.48,3.08,3.9000000000000026
245.04,23.35,38.59,-22.5,99.79,88.74,7.4,56.44,7.48,3.07,4.000000000000003
245.04,23.35,38.61,-22.48,99.79,88.72,7.4,56.41,7.48,3.07,4.100000000000003
244.87,23.36,38.65,-22.43,99.79,88.67,7.4,56.31,7.48,3.06,4.200000000000003
245.02,23.36,38.68,-22.41,99.79,88.64,7.4,56.24,7.48,3.06,4.3000000000000025
245.55,23.36,38.69,-22.41,99.79,88.61,7.4,56.18,7.48,3.06,4.400000000000003
245.79,23.37,38.7,-22.4,99.79,88.59,7.4,56.14,7.48,3.06,4.5000000000000036
245.75,23.37,38.73,-22.4,99.79,88.56,7.4,56.07,7.48,3.06,4.600000000000003
245.78,23.37,38.73,-22.39,99.79,88.55,7.4,56.06,7.48,3.06,4.700000000000003
245.71,23.37,38.76,-22.37,99.79,88.52,7.4,56.01,7.48,3.06,4.800000000000003
245.51,23.38,38.81,-22.31,99.79,88.46,7.4,55.89,7.48,3.05,4.900000000000004
245.41,23.38,38.83,-22.29,99.79,88.44,7.4,55.85,7.48,3.05,5.0000000000000036
245.4,23.39,38.83,-22.28,99.79,88.44,7.4,55.83,7.48,3.05,5.100000000000003
245.07,23.39,38.85,-22.23,99.79,88.41,7.4,55.79,7.48,3.04,5.200000000000004
245.08,23.39,38.86,-22.21,99.79,88.39,7.4,55.74,7.48,3.04,5.300000000000004
245.46,23.39,38.89,-22.19,99.79,88.35,7.4,55.68,7.48,3.03,5.400000000000004
245.66,23.4,38.9,-22.18,99.79,88.34,7.4,55.65,7.48,3.03,5.5000000000000036
246.11,23.4,38.93,-22.13,99.79,88.31,7.4,55.6,7.48,3.03,5.600000000000004
246.22,23.4,38.93,-22.12,99.8,88.31,7.4,55.58,7.48,3.03,5.700000000000005
246.53,23.4,38.96,-22.09,99.8,88.28,7.4,55.54,7.48,3.03,5.800000000000004
247.1,23.41,39.01,-22.04,99.8,88.23,7.4,55.45,7.48,3.02,5.900000000000004
247.35,23.41,39.02,-22.03,99.8,88.22,7.4,55.42,7.48,3.02,6.000000000000004
247.96,23.42,39.06,-22.01,99.8,88.19,7.4,55.36,7.48,3.02,6.100000000000005
248.01,23.42,39.07,-22.0,99.8,88.19,7.4,55.35,7.48,3.02,6.200000000000005
248.78,23.43,39.1,-22.0,99.8,88.16,7.4,55.31,7.48,3.01,6.300000000000004
249.13,23.43,39.14,-21.97,99.8,88.13,7.4,55.25,7.48,3.01,6.400000000000005
249.27,23.43,39.15,-21.96,99.8,88.11,7.4,55.22,7.48,3.01,6.500000000000005
249.02,23.44,39.19,-21.91,99.8,88.09,7.4,55.16,7.48,3.0,6.600000000000005
248.95,23.44,39.2,-21.9,99.8,88.07,7.4,55.14,7.48,3.0,6.700000000000005
248.98,23.44,39.21,-21.89,99.8,88.05,7.4,55.1,7.48,3.0,6.800000000000005
249.07,23.45,39.23,-21.88,99.8,88.04,7.4,55.07,7.48,3.0,6.900000000000006
249.3,23.45,39.25,-21.83,99.8,88.01,7.4,55.02,7.48,2.99,7.000000000000005
249.36,23.45,39.27,-21.81,99.8,87.98,7.4,54.97,7.48,2.99,7.100000000000005
249.41,23.46,39.3,-21.78,99.8,87.95,7.4,54.91,7.48,2.99,7.2000000000000055
249.31,23.46,39.35,-21.72,99.8,87.88,7.4,54.78,7.47,2.98,7.300000000000006
249.3,23.47,39.37,-21.71,99.8,87.86,7.4,54.75,7.47,2.98,7.400000000000006
249.35,23.47,39.38,-21.7,99.8,87.85,7.4,54.73,7.47,2.98,7.500000000000005
249.28,23.47,39.41,-21.69,99.8,87.83,7.4,54.69,7.47,2.98,7.600000000000006
249.3,23.47,39.41,-21.69,99.8,87.82,7.4,54.68,7.47,2.98,7.700000000000006
249.6,23.48,39.44,-21.67,99.8,87.8,7.4,54.65,7.47,2.98,7.800000000000006
250.5,23.49,39.54,-21.61,99.8,87.74,7.4,54.52,7.47,2.97,7.900000000000006
250.91,23.5,39.6,-21.57,99.81,87.69,7.39,54.43,7.47,2.97,8.000000000000007
251.03,23.5,39.61,-21.56,99.81,87.68,7.39,54.42,7.47,2.97,8.100000000000007
250.91,23.51,39.64,-21.53,99.81,87.64,7.39,54.35,7.47,2.96,8.200000000000006
251.06,23.51,39.65,-21.51,99.81,87.62,7.39,54.32,7.47,2.96,8.300000000000006
251.62,23.51,39.66,-21.5,99.81,87.61,7.39,54.3,7.47,2.96,8.400000000000006
251.58,23.51,39.68,-21.5,99.81,87.6,7.39,54.27,7.47,2.96,8.500000000000007
250.91,23.52,39.71,-21.49,99.81,87.56,7.39,54.2,7.47,2.96,8.600000000000007
250.95,23.52,39.72,-21.47,99.81,87.54,7.39,54.18,7.47,2.96,8.700000000000006
251.95,23.52,39.74,-21.42,99.81,87.51,7.39,54.12,7.47,2.95,8.800000000000008
252.04,23.52,39.76,-21.41,99.81,87.49,7.39,54.09,7.47,2.95,8.900000000000007
251.36,23.53,39.77,-21.4,99.81,87.46,7.39,54.02,7.47,2.95,9.000000000000007
251.4,23.53,39.79,-21.4,99.81,87.43,7.39,53.98,7.47,2.95,9.100000000000007
252.11,23.53,39.82,-21.39,99.81,87.41,7.39,53.93,7.47,2.94,9.200000000000006
252.13,23.54,39.84,-21.38,99.81,87.38,7.39,53.89,7.47,2.94,9.300000000000008
251.51,23.54,39.87,-21.32,99.81,87.34,7.39,53.82,7.47,2.94,9.400000000000007
251.4,23.54,39.87,-21.31,99.81,87.33,7.39,53.8,7.47,2.94,9.500000000000007
251.45,23.54,39.89,-21.3,99.81,87.31,7.39,53.76,7.47,2.93,9.600000000000009
251.53,23.55,39.9,-21.29,99.81,87.3,7.39,53.74,7.47,2.93,9.700000000000008
252.05,23.55,39.94,-21.27,99.81,87.26,7.39,53.69,7.47,2.93,9.800000000000008
253.0,23.56,40.0,-21.22,99.81,87.23,7.39,53.62,7.47,2.92,9.900000000000007
253.39,23.56,40.02,-21.21,99.81,87.21,7.39,53.59,7.47,2.92,10.000000000000007
253.54,23.57,40.03,-21.2,99.81,87.2,7.39,53.58,7.47,2.92,10.100000000000009
254.17,23.57,40.06,-21.19,99.81,87.16,7.39,53.52,7.47,2.92,10.200000000000008
254.36,23.57,40.07,-21.18,99.81,87.15,7.39,53.49,7.47,2.92,10.300000000000008
254.7,23.58,40.1,-21.13,99.81,87.12,7.39,53.43,7.47,2.91,10.40000000000001
255.21,23.58,40.12,-21.1,99.81,87.09,7.39,53.39,7.47,2.91,10.500000000000009
256.03,23.58,40.15,-21.1,99.82,87.06,7.39,53.33,7.47,2.91,10.600000000000009
256.23,23.58,40.16,-21.09,99.82,87.05,7.39,53.32,7.47,2.91,10.700000000000008
256.86,23.59,40.18,-21.03,99.82,87.05,7.39,53.31,7.47,2.9,10.800000000000008
256.97,23.59,40.19,-21.02,99.82,87.02,7.39,53.28,7.47,2.9,10.90000000000001
256.86,23.59,40.21,-21.02,99.82,86.98,7.39,53.21,7.47,2.9,11.000000000000009
256.94,23.6,40.23,-20.99,99.82,86.95,7.39,53.16,7.47,2.9,11.100000000000009
256.9,23.6,40.26,-20.97,99.82,86.91,7.39,53.08,7.47,2.9,11.20000000000001
256.79,23.61,40.33,-20.92,99.82,86.84,7.39,52.97,7.47,2.89,11.30000000000001
256.77,23.62,40.36,-20.91,99.82,86.81,7.39,52.92,7.47,2.89,11.40000000000001
256.69,23.62,40.37,-20.9,99.82,86.8,7.39,52.9,7.47,2.89,11.500000000000009
256.73,23.62,40.39,-20.9,99.82,86.77,7.39,52.86,7.47,2.89,11.600000000000009
256.56,23.62,40.4,-20.88,99.82,86.76,7.39,52.83,7.47,2.89,11.70000000000001
255.93,23.63,40.43,-20.84,99.82,86.72,7.39,52.78,7.47,2.88,11.80000000000001
255.93,23.63,40.44,-20.82,99.82,86.71,7.39,52.76,7.47,2.88,11.90000000000001
256.58,23.63,40.48,-20.79,99.82,86.69,7.39,52.73,7.47,2.88,12.00000000000001
256.99,23.64,40.5,-20.77,99.82,86.68,7.39,52.7,7.47,2.88,12.10000000000001
257.38,23.64,40.51,-20.73,99.82,86.65,7.39,52.65,7.47,2.88,12.20000000000001
257.39,23.64,40.52,-20.72,99.82,86.64,7.39,52.65,7.47,2.88,12.30000000000001
257.41,23.64,40.52,-20.72,99.82,86.64,7.39,52.64,7.47,2.88,12.40000000000001
257.5,23.64,40.54,-20.71,99.82,86.63,7.39,52.62,7.47,2.88,12.50000000000001
257.64,23.65,40.57,-20.69,99.82,86.6,7.39,52.57,7.47,2.88,12.60000000000001
257.86,23.66,40.69,-20.63,99.82,86.48,7.39,52.38,7.47,2.87,12.70000000000001
258.07,23.68,40.77,-20.58,99.82,86.4,7.39,52.26,7.47,2.86,12.800000000000011
258.14,23.68,40.79,-20.57,99.82,86.38,7.39,52.22,7.47,2.86,12.900000000000011
258.2,23.68,40.81,-20.55,99.82,86.36,7.39,52.19,7.47,2.86,13.00000000000001
258.2,23.68,40.81,-20.55,99.82,86.36,7.39,52.19,7.47,2.86,13.10000000000001
258.45,23.69,40.83,-20.52,99.82,86.33,7.38,52.15,7.47,2.86,13.20000000000001
258.59,23.69,40.85,-20.5,99.82,86.31,7.38,52.12,7.47,2.86,13.300000000000011
258.71,23.69,40.88,-20.5,99.82,86.28,7.38,52.07,7.47,2.85,13.400000000000011
258.66,23.7,40.91,-20.5,99.82,86.26,7.38,52.04,7.47,2.85,13.50000000000001
258.4,23.7,40.94,-20.49,99.82,86.23,7.38,51.98,7.47,2.85,13.600000000000012
258.58,23.71,40.97,-20.47,99.82,86.21,7.38,51.96,7.47,2.85,13.700000000000012
259.25,23.71,40.99,-20.43,99.82,86.21,7.38,51.96,7.47,2.84,13.800000000000011
259.51,23.71,41.02,-20.42,99.82,86.19,7.38,51.93,7.47,2.84,13.900000000000011
260.36,23.72,41.06,-20.38,99.82,86.17,7.38,51.89,7.47,2.84,14.00000000000001
261.83,23.73,41.14,-20.33,99.83,86.1,7.38,51.79,7.47,2.83,14.100000000000012
262.52,23.74,41.2,-20.3,99.83,86.07,7.38,51.74,7.47,2.83,14.200000000000012
262.6,23.74,41.21,-20.3,99.83,86.06,7.38,51.73,7.47,2.83,14.300000000000011
262.81,23.75,41.28,-20.29,99.83,86.03,7.38,51.68,7.47,2.83,14.400000000000013
263.06,23.76,41.33,-20.27,99.83,86.02,7.38,51.66,7.46,2.83,14.500000000000012
263.39,23.76,41.34,-20.23,99.83,86.02,7.38,51.66,7.46,2.83,14.600000000000012
263.32,23.75,41.26,-20.21,99.83,86.0,7.38,51.63,7.47,2.83,14.700000000000012
262.59,23.69,40.86,-20.2,99.83,85.93,7.38,51.52,7.47,2.82,14.800000000000011
262.36,23.68,40.79,-20.19,99.83,85.91,7.39,51.5,7.47,2.82,14.900000000000013
261.93,23.68,40.78,-20.14,99.83,85.91,7.39,51.5,7.47,2.82,15.000000000000012
261.92,23.68,40.76,-20.13,99.83,85.9,7.39,51.48,7.47,2.82,15.100000000000012
261.89,23.67,40.72,-20.11,99.83,85.87,7.39,51.43,7.47,2.82,15.200000000000014
261.91,23.67,40.73,-20.08,99.83,85.84,7.39,51.39,7.47,2.82,15.300000000000013
262.37,23.68,40.77,-20.02,99.83,85.74,7.39,51.23,7.47,2.8,15.400000000000013
262.42,23.68,40.78,-20.01,99.83,85.72,7.39,51.21,7.47,2.8,15.500000000000012
262.72,23.68,40.82,-19.98,99.83,85.68,7.39,51.15,7.47,2.8,15.600000000000012
262.91,23.69,40.84,-19.96,99.83,85.65,7.38,51.11,7.47,2.8,15.700000000000014
262.95,23.69,40.84,-19.96,99.83,85.65,7.38,51.1,7.47,2.8,15.800000000000013
263.48,23.69,40.89,-19.91,99.83,85.59,7.38,51.02,7.47,2.79,15.900000000000013
263.8,23.7,40.92,-19.88,99.83,85.56,7.38,50.97,7.47,2.79,16.000000000000014
264.02,23.7,40.94,-19.86,99.83,85.54,7.38,50.95,7.47,2.79,16.100000000000016
264.7,23.71,41.03,-19.78,99.83,85.5,7.38,50.89,7.47,2.79,16.200000000000014
264.7,23.71,41.03,-19.78,99.83,85.5,7.38,50.89,7.47,2.79,16.30000000000001
265.13,23.72,41.06,-19.72,99.83,85.49,7.38,50.87,7.47,2.78,16.400000000000013
265.28,23.72,41.07,-19.71,99.83,85.48,7.38,50.85,7.47,2.78,16.500000000000014
265.59,23.73,41.11,-19.69,99.83,85.42,7.38,50.77,7.47,2.78,16.600000000000016
265.57,23.74,41.19,-19.64,99.83,85.39,7.38,50.72,7.47,2.77,16.700000000000014
265.57,23.74,41.19,-19.64,99.83,85.39,7.38,50.72,7.47,2.77,16.800000000000015
265.25,23.75,41.25,-19.61,99.83,85.35,7.38,50.67,7.47,2.77,16.900000000000013
264.77,23.75,41.28,-19.61,99.83,85.33,7.38,50.63,7.47,2.77,17.000000000000014
264.76,23.75,41.29,-19.6,99.83,85.32,7.38,50.62,7.47,2.77,17.100000000000016
264.57,23.76,41.34,-19.56,99.83,85.26,7.38,50.54,7.47,2.77,17.200000000000014
264.57,23.76,41.34,-19.56,99.83,85.26,7.38,50.54,7.47,2.77,17.300000000000015
264.69,23.77,41.4,-19.48,99.83,85.18,7.38,50.42,7.47,2.76,17.400000000000013
264.67,23.78,41.43,-19.44,99.83,85.14,7.38,50.36,7.47,2.76,17.500000000000014
264.88,23.78,41.49,-19.36,99.83,85.07,7.38,50.27,7.47,2.75,17.600000000000016
264.88,23.78,41.49,-19.36,99.83,85.07,7.38,50.27,7.47,2.75,17.700000000000014
264.99,23.79,41.51,-19.34,99.83,85.05,7.38,50.23,7.47,2.75,17.800000000000015
265.27,23.8,41.57,-19.26,99.83,85.0,7.38,50.16,7.47,2.74,17.900000000000016
265.29,23.8,41.57,-19.26,99.83,84.99,7.38,50.15,7.47,2.74,18.000000000000014
265.64,23.8,41.62,-19.19,99.83,84.93,7.38,50.07,7.47,2.74,18.100000000000016
265.67,23.8,41.62,-19.18,99.83,84.92,7.38,50.06,7.47,2.74,18.200000000000017
266.09,23.81,41.64,-19.14,99.84,84.87,7.38,49.98,7.47,2.73,18.300000000000015
266.26,23.81,41.66,-19.11,99.84,84.84,7.38,49.95,7.47,2.73,18.400000000000016
266.26,23.81,41.66,-19.11,99.84,84.84,7.38,49.95,7.47,2.73,18.500000000000014
266.67,23.81,41.68,-19.05,99.84,84.79,7.38,49.87,7.47,2.73,18.600000000000016
266.67,23.81,41.68,-19.05,99.84,84.79,7.38,49.87,7.47,2.73,18.700000000000017
267.43,23.82,41.73,-18.92,99.84,84.68,7.38,49.73,7.47,2.72,18.800000000000015
267.48,23.82,41.73,-18.91,99.84,84.68,7.38,49.72,7.47,2.72,18.900000000000016
267.48,23.82,41.73,-18.91,99.84,84.68,7.38,49.72,7.47,2.72,19.000000000000014
267.84,23.82,41.75,-18.85,99.84,84.63,7.38,49.66,7.47,2.71,19.100000000000016
267.84,23.82,41.75,-18.85,99.84,84.63,7.38,49.66,7.47,2.71,19.200000000000017
268.45,23.83,41.79,-18.76,99.84,84.56,7.38,49.56,7.47,2.71,19.300000000000015
268.45,23.83,41.79,-18.76,99.84,84.56,7.38,49.56,7.47,2.71,19.400000000000016
268.45,23.83,41.79,-18.76,99.84,84.56,7.38,49.56,7.47,2.71,19.500000000000018
268.98,23.84,41.83,-18.69,99.84,84.49,7.38,49.47,7.47,2.7,19.600000000000016
268.98,23.84,41.83,-18.69,99.84,84.49,7.38,49.47,7.47,2.7,19.700000000000017
269.44,23.84,41.88,-18.62,99.84,84.42,7.38,49.37,7.47,2.69,19.80000000000002
269.44,23.84,41.88,-18.62,99.84,84.42,7.38,49.37,7.47,2.69,19.900000000000016
269.44,23.84,41.88,-18.62,99.84,84.42,7.38,49.37,7.47,2.69,20.000000000000018
269.74,23.85,41.91,-18.56,99.84,84.36,7.38,49.29,7.47,2.69,20.100000000000016
269.74,23.85,41.91,-18.56,99.84,84.36,7.38,49.29,7.47,2.69,20.200000000000017
270.04,23.85,41.94,-18.47,99.84,84.29,7.38,49.2,7.47,2.68,20.30000000000002
270.04,23.85,41.94,-18.47,99.84,84.29,7.38,49.2,7.47,2.68,20.400000000000016
270.04,23.85,41.94,-18.47,99.84,84.29,7.38,49.2,7.47,2.68,20.500000000000018
270.02,23.85,41.96,-18.41,99.84,84.24,7.38,49.13,7.47,2.68,20.600000000000016
270.02,23.85,41.96,-18.41,99.84,84.24,7.38,49.13,7.47,2.68,20.700000000000017
269.7,23.86,41.99,-18.33,99.84,84.14,7.38,49.01,7.47,2.67,20.80000000000002
269.7,23.86,41.99,-18.33,99.84,84.14,7.38,49.01,7.47,2.67,20.900000000000016
269.7,23.86,41.99,-18.33,99.84,84.14,7.38,49.01,7.47,2.67,21.000000000000018
269.7,23.86,41.99,-18.33,99.84,84.14,7.38,49.01,7.47,2.67,21.10000000000002
269.7,23.86,41.99,-18.33,99.84,84.14,7.38,49.01,7.47,2.67,21.200000000000017
269.7,23.86,41.99,-18.33,99.84,84.14,7.38,49.01,7.47,2.67,21.30000000000002
269.7,23.86,41.99,-18.33,99.84,84.14,7.38,49.01,7.47,2.67,21.40000000000002
269.7,23.86,41.99,-18.33,99.84,84.14,7.38,49.01,7.47,2.67,21.500000000000018
269.7,23.86,41.99,-18.33,99.84,84.14,7.38,49.01,7.47,2.67,21.60000000000002
269.7,23.86,41.99,-18.33,99.84,84.14,7.38,49.01,7.47,2.67,21.700000000000017
269.7,23.86,41.99,-18.33,99.84,84.14,7.38,49.01,7.47,2.67,21.80000000000002
269.7,23.86,41.99,-18.33,99.84,84.14,7.38,49.01,7.47,2.67,21.90000000000002
269.7,23.86,41.99,-18.33,99.84,84.14,7.38,49.01,7.47,2.67,22.000000000000018
269.79,23.86,42.0,-18.31,99.84,84.13,7.38,48.98,7.47,2.67,22.10000000000002
269.79,23.86,42.0,-18.31,99.84,84.13,7.38,48.98,7.47,2.67,22.200000000000017
270.16,23.87,42.04,-18.23,99.84,84.04,7.38,48.88,7.47,2.66,22.30000000000002
270.16,23.87,42.04,-18.23,99.84,84.04,7.38,48.88,7.47,2.66,22.40000000000002
270.16,23.87,42.04,-18.23,99.84,84.04,7.38,48.88,7.47,2.66,22.500000000000018
270.56,23.88,42.09,-18.13,99.84,83.95,7.38,48.76,7.47,2.66,22.60000000000002
270.56,23.88,42.09,-18.13,99.84,83.95,7.38,48.76,7.47,2.66,22.70000000000002
271.61,23.9,42.23,-17.88,99.84,83.7,7.37,48.44,7.47,2.63,22.80000000000002
271.61,23.9,42.23,-17.88,99.84,83.7,7.37,48.44,7.47,2.63,22.90000000000002
271.61,23.9,42.23,-17.88,99.84,83.7,7.37,48.44,7.47,2.63,23.00000000000002
273.74,23.93,42.45,-17.5,99.85,83.32,7.37,47.97,7.47,2.6,23.10000000000002
273.74,23.93,42.45,-17.5,99.85,83.32,7.37,47.97,7.47,2.6,23.20000000000002
273.74,23.93,42.45,-17.5,99.85,83.32,7.37,47.97,7.47,2.6,23.30000000000002
273.74,23.93,42.45,-17.5,99.85,83.32,7.37,47.97,7.47,2.6,23.40000000000002
273.74,23.93,42.45,-17.5,99.85,83.32,7.37,47.97,7.47,2.6,23.50000000000002
273.74,23.93,42.45,-17.5,99.85,83.32,7.37,47.97,7.47,2.6,23.60000000000002
273.74,23.93,42.45,-17.5,99.85,83.32,7.37,47.97,7.47,2.6,23.70000000000002
273.98,23.93,42.49,-17.44,99.85,83.26,7.37,47.9,7.47,2.6,23.80000000000002
273.98,23.93,42.49,-17.44,99.85,83.26,7.37,47.9,7.47,2.6,23.90000000000002
273.98,23.93,42.49,-17.44,99.85,83.26,7.37,47.9,7.47,2.6,24.00000000000002
273.98,23.93,42.49,-17.44,99.85,83.26,7.37,47.9,7.47,2.6,24.10000000000002
273.98,23.93,42.49,-17.44,99.85,83.26,7.37,47.9,7.47,2.6,24.20000000000002
273.98,23.93,42.49,-17.44,99.85,83.26,7.37,47.9,7.47,2.6,24.300000000000022
273.98,23.93,42.49,-17.44,99.85,83.26,7.37,47.9,7.47,2.6,24.40000000000002
273.98,23.93,42.49,-17.44,99.85,83.26,7.37,47.9,7.47,2.6,24.50000000000002
274.26,23.94,42.55,-17.37,99.85,83.18,7.37,47.81,7.47,2.59,24.600000000000023
274.26,23.94,42.55,-17.37,99.85,83.18,7.37,47.81,7.47,2.59,24.70000000000002
276.23,24.0,42.9,-16.95,99.85,82.71,7.37,47.24,7.47,2.56,24.800000000000022
276.23,24.0,42.9,-16.95,99.85,82.71,7.37,47.24,7.47,2.56,24.90000000000002
276.23,24.0,42.9,-16.95,99.85,82.71,7.37,47.24,7.47,2.56,25.00000000000002
276.34,24.0,42.93,-16.92,99.85,82.68,7.37,47.21,7.47,2.56,25.100000000000023
276.34,24.0,42.93,-16.92,99.85,82.68,7.37,47.21,7.47,2.56,25.20000000000002
276.45,24.0,42.96,-16.9,99.85,82.65,7.37,47.17,7.47,2.55,25.300000000000022
276.45,24.0,42.96,-16.9,99.85,82.65,7.37,47.17,7.47,2.55,25.40000000000002
276.45,24.0,42.96,-16.9,99.85,82.65,7.37,47.17,7.47,2.55,25.50000000000002
277.24,24.03,43.13,-16.72,99.85,82.45,7.37,46.94,7.47,2.54,25.600000000000023
277.24,24.03,43.13,-16.72,99.85,82.45,7.37,46.94,7.47,2.54,25.70000000000002
277.24,24.03,43.13,-16.72,99.85,82.45,7.37,46.94,7.47,2.54,25.800000000000022
277.24,24.03,43.13,-16.72,99.85,82.45,7.37,46.94,7.47,2.54,25.900000000000023
277.24,24.03,43.13,-16.72,99.85,82.45,7.37,46.94,7.47,2.54,26.00000000000002
277.24,24.03,43.13,-16.72,99.85,82.45,7.37,46.94,7.47,2.54,26.100000000000023
277.24,24.03,43.13,-16.72,99.85,82.45,7.37,46.94,7.47,2.54,26.200000000000024
277.24,24.03,43.13,-16.72,99.85,82.45,7.37,46.94,7.47,2.54,26.300000000000022
277.24,24.03,43.13,-16.72,99.85,82.45,7.37,46.94,7.47,2.54,26.400000000000023
277.24,24.03,43.13,-16.72,99.85,82.45,7.37,46.94,7.47,2.54,26.50000000000002
277.24,24.03,43.13,-16.72,99.85,82.45,7.37,46.94,7.47,2.54,26.600000000000023
277.24,24.03,43.13,-16.72,99.85,82.45,7.37,46.94,7.47,2.54,26.700000000000024
278.58,24.09,43.54,-16.38,99.85,81.99,7.36,46.42,7.46,2.51,26.800000000000022
278.58,24.09,43.54,-16.38,99.85,81.99,7.36,46.42,7.46,2.51,26.900000000000023
278.58,24.09,43.54,-16.38,99.85,81.99,7.36,46.42,7.46,2.51,27.00000000000002
278.58,24.09,43.54,-16.38,99.85,81.99,7.36,46.42,7.46,2.51,27.100000000000023
278.58,24.09,43.54,-16.38,99.85,81.99,7.36,46.42,7.46,2.51,27.200000000000024
278.58,24.09,43.54,-16.38,99.85,81.99,7.36,46.42,7.46,2.51,27.300000000000022
278.58,24.09,43.54,-16.38,99.85,81.99,7.36,46.42,7.46,2.51,27.400000000000023
278.58,24.09,43.54,-16.38,99.85,81.99,7.36,46.42,7.46,2.51,27.500000000000025
279.33,24.14,43.84,-16.17,99.86,81.73,7.36,46.12,7.46,2.5,27.600000000000023
279.33,24.14,43.84,-16.17,99.86,81.73,7.36,46.12,7.46,2.5,27.700000000000024
279.5,24.14,43.88,-16.13,99.86,81.68,7.36,46.07,7.46,2.49,27.800000000000026
279.5,24.14,43.88,-16.13,99.86,81.68,7.36,46.07,7.46,2.49,27.900000000000023
279.5,24.14,43.88,-16.13,99.86,81.68,7.36,46.07,7.46,2.49,28.000000000000025
280.03,24.16,43.99,-16.03,99.86,81.55,7.36,45.92,7.46,2.48,28.100000000000023
280.03,24.16,43.99,-16.03,99.86,81.55,7.36,45.92,7.46,2.48,28.200000000000024
280.03,24.16,43.99,-16.03,99.86,81.55,7.36,45.92,7.46,2.48,28.300000000000026
280.03,24.16,43.99,-16.03,99.86,81.55,7.36,45.92,7.46,2.48,28.400000000000023
280.03,24.16,43.99,-16.03,99.86,81.55,7.36,45.92,7.46,2.48,28.500000000000025
280.03,24.16,43.99,-16.03,99.86,81.55,7.36,45.92,7.46,2.48,28.600000000000023
280.03,24.16,43.99,-16.03,99.86,81.55,7.36,45.92,7.46,2.48,28.700000000000024
280.03,24.16,43.99,-16.03,99.86,81.55,7.36,45.92,7.46,2.48,28.800000000000026
280.03,24.16,43.99,-16.03,99.86,81.55,7.36,45.92,7.46,2.48,28.900000000000023
280.03,24.16,43.99,-16.03,99.86,81.55,7.36,45.92,7.46,2.48,29.000000000000025
280.03,24.16,43.99,-16.03,99.86,81.55,7.36,45.92,7.46,2.48,29.100000000000026
280.03,24.16,43.99,-16.03,99.86,81.55,7.36,45.92,7.46,2.48,29.200000000000024
280.43,24.2,44.26,-15.89,99.86,81.39,7.36,45.75,7.46,2.47,29.300000000000026
280.43,24.2,44.26,-15.89,99.86,81.39,7.36,45.75,7.46,2.47,29.400000000000027
280.43,24.2,44.26,-15.89,99.86,81.39,7.36,45.75,7.46,2.47,29.500000000000025
280.43,24.2,44.26,-15.89,99.86,81.39,7.36,45.75,7.46,2.47,29.600000000000026
280.43,24.2,44.26,-15.89,99.86,81.39,7.36,45.75,7.46,2.47,29.700000000000024
280.43,24.2,44.26,-15.89,99.86,81.39,7.36,45.75,7.46,2.47,29.800000000000026
280.43,24.2,44.26,-15.89,99.86,81.39,7.36,45.75,7.46,2.47,29.900000000000027
280.43,24.2,44.26,-15.89,99.86,81.39,7.36,45.75,7.46,2.47,30.000000000000025
280.76,24.21,44.35,-15.82,99.86,81.3,7.36,45.65,7.46,2.47,30.100000000000026
280.76,24.21,44.35,-15.82,99.86,81.3,7.36,45.65,7.46,2.47,30.200000000000024
280.99,24.22,44.41,-15.77,99.86,81.23,7.36,45.58,7.46,2.46,30.300000000000026
280.99,24.22,44.41,-15.77,99.86,81.23,7.36,45.58,7.46,2.46,30.400000000000027
280.99,24.22,44.41,-15.77,99.86,81.23,7.36,45.58,7.46,2.46,30.500000000000025
280.99,24.22,44.41,-15.77,99.86,81.23,7.36,45.58,7.46,2.46,30.600000000000026
280.99,24.22,44.41,-15.77,99.86,81.23,7.36,45.58,7.46,2.46,30.700000000000028
280.99,24.22,44.41,-15.77,99.86,81.23,7.36,45.58,7.46,2.46,30.800000000000026
280.99,24.22,44.41,-15.77,99.86,81.23,7.36,45.58,7.46,2.46,30.900000000000027
280.99,24.22,44.41,-15.77,99.86,81.23,7.36,45.58,7.46,2.46,31.00000000000003
280.99,24.22,44.41,-15.77,99.86,81.23,7.36,45.58,7.46,2.46,31.100000000000026
280.99,24.22,44.41,-15.77,99.86,81.23,7.36,45.58,7.46,2.46,31.200000000000028
280.99,24.22,44.41,-15.77,99.86,81.23,7.36,45.58,7.46,2.46,31.300000000000026
280.99,24.22,44.41,-15.77,99.86,81.23,7.36,45.58,7.46,2.46,31.400000000000027
280.99,24.22,44.41,-15.77,99.86,81.23,7.36,45.58,7.46,2.46,31.50000000000003
280.99,24.22,44.41,-15.77,99.86,81.23,7.36,45.58,7.46,2.46,31.600000000000026
280.99,24.22,44.41,-15.77,99.86,81.23,7.36,45.58,7.46,2.46,31.700000000000028
281.96,24.26,44.69,-15.58,99.86,80.96,7.36,45.3,7.46,2.45,31.800000000000026
281.96,24.26,44.69,-15.58,99.86,80.96,7.36,45.3,7.46,2.45,31.900000000000027
281.96,24.26,44.69,-15.58,99.86,80.96,7.36,45.3,7.46,2.45,32.00000000000003
281.96,24.26,44.69,-15.58,99.86,80.96,7.36,45.3,7.46,2.45,32.10000000000002
281.96,24.26,44.69,-15.58,99.86,80.96,7.36,45.3,7.46,2.45,32.20000000000003
281.96,24.26,44.69,-15.58,99.86,80.96,7.36,45.3,7.46,2.45,32.300000000000026
281.96,24.26,44.69,-15.58,99.86,80.96,7.36,45.3,7.46,2.45,32.40000000000003
281.96,24.26,44.69,-15.58,99.86,80.96,7.36,45.3,7.46,2.45,32.50000000000003
285.39,24.38,45.47,-14.97,99.86,80.06,7.35,44.39,7.45,2.4,32.60000000000003
285.39,24.38,45.47,-14.97,99.86,80.06,7.35,44.39,7.45,2.4,32.70000000000003
285.39,24.38,45.47,-14.97,99.86,80.06,7.35,44.39,7.45,2.4,32.800000000000026
285.39,24.38,45.47,-14.97,99.86,80.06,7.35,44.39,7.45,2.4,32.90000000000003
285.39,24.38,45.47,-14.97,99.86,80.06,7.35,44.39,7.45,2.4,33.00000000000003
285.39,24.38,45.47,-14.97,99.86,80.06,7.35,44.39,7.45,2.4,33.10000000000003
285.39,24.38,45.47,-14.97,99.86,80.06,7.35,44.39,7.45,2.4,33.20000000000003
285.39,24.38,45.47,-14.97,99.86,80.06,7.35,44.39,7.45,2.4,33.300000000000026
285.39,24.38,45.47,-14.97,99.86,80.06,7.35,44.39,7.45,2.4,33.40000000000003
285.39,24.38,45.47,-14.97,99.86,80.06,7.35,44.39,7.45,2.4,33.50000000000003
285.39,24.38,45.47,-14.97,99.86,80.06,7.35,44.39,7.45,2.4,33.60000000000003
285.39,24.38,45.47,-14.97,99.86,80.06,7.35,44.39,7.45,2.4,33.70000000000003
285.39,24.38,45.47,-14.97,99.86,80.06,7.35,44.39,7.45,2.4,33.800000000000026
285.39,24.38,45.47,-14.97,99.86,80.06,7.35,44.39,7.45,2.4,33.90000000000003
285.39,24.38,45.47,-14.97,99.86,80.06,7.35,44.39,7.45,2.4,34.00000000000003
285.39,24.38,45.47,-14.97,99.86,80.06,7.35,44.39,7.45,2.4,34.10000000000003
285.39,24.38,45.47,-14.97,99.86,80.06,7.35,44.39,7.45,2.4,34.20000000000003
287.01,24.45,45.93,-14.68,99.87,79.62,7.35,43.95,7.45,2.38,34.30000000000003
287.01,24.45,45.93,-14.68,99.87,79.62,7.35,43.95,7.45,2.38,34.40000000000003
287.01,24.45,45.93,-14.68,99.87,79.62,7.35,43.95,7.45,2.38,34.50000000000003
287.01,24.45,45.93,-14.68,99.87,79.62,7.35,43.95,7.45,2.38,34.60000000000003
287.01,24.45,45.93,-14.68,99.87,79.62,7.35,43.95,7.45,2.38,34.70000000000003
287.01,24.45,45.93,-14.68,99.87,79.62,7.35,43.95,7.45,2.38,34.80000000000003
287.01,24.45,45.93,-14.68,99.87,79.62,7.35,43.95,7.45,2.38,34.90000000000003
287.01,24.45,45.93,-14.68,99.87,79.62,7.35,43.95,7.45,2.38,35.00000000000003
288.7,24.52,46.37,-14.4,99.87,79.16,7.34,43.51,7.45,2.35,35.10000000000003
288.7,24.52,46.37,-14.4,99.87,79.16,7.34,43.51,7.45,2.35,35.20000000000003
288.7,24.52,46.37,-14.4,99.87,79.16,7.34,43.51,7.45,2.35,35.30000000000003
288.7,24.52,46.37,-14.4,99.87,79.16,7.34,43.51,7.45,2.35,35.400000000000034
288.7,24.52,46.37,-14.4,99.87,79.16,7.34,43.51,7.45,2.35,35.50000000000003
288.7,24.52,46.37,-14.4,99.87,79.16,7.34,43.51,7.45,2.35,35.60000000000003
288.7,24.52,46.37,-14.4,99.87,79.16,7.34,43.51,7.45,2.35,35.70000000000003
288.7,24.52,46.37,-14.4,99.87,79.16,7.34,43.51,7.45,2.35,35.80000000000003
288.7,24.52,46.37,-14.4,99.87,79.16,7.34,43.51,7.45,2.35,35.900000000000034
288.7,24.52,46.37,-14.4,99.87,79.16,7.34,43.51,7.45,2.35,36.00000000000003
288.7,24.52,46.37,-14.4,99.87,79.16,7.34,43.51,7.45,2.35,36.10000000000003
288.7,24.52,46.37,-14.4,99.87,79.16,7.34,43.51,7.45,2.35,36.20000000000003
288.7,24.52,46.37,-14.4,99.87,79.16,7.34,43.51,7.45,2.35,36.30000000000003
288.7,24.52,46.37,-14.4,99.87,79.16,7.34,43.51,7.45,2.35,36.400000000000034
288.7,24.52,46.37,-14.4,99.87,79.16,7.34,43.51,7.45,2.35,36.50000000000003
288.7,24.52,46.37,-14.4,99.87,79.16,7.34,43.51,7.45,2.35,36.60000000000003
288.7,24.52,46.37,-14.4,99.87,79.16,7.34,43.51,7.45,2.35,36.70000000000003
288.9,24.52,46.42,-14.37,99.87,79.11,7.34,43.46,7.45,2.35,36.80000000000003
288.9,24.52,46.42,-14.37,99.87,79.11,7.34,43.46,7.45,2.35,36.900000000000034
288.9,24.52,46.42,-14.37,99.87,79.11,7.34,43.46,7.45,2.35,37.00000000000003
288.9,24.52,46.42,-14.37,99.87,79.11,7.34,43.46,7.45,2.35,37.10000000000003
288.9,24.52,46.42,-14.37,99.87,79.11,7.34,43.46,7.45,2.35,37.20000000000003
288.9,24.52,46.42,-14.37,99.87,79.11,7.34,43.46,7.45,2.35,37.30000000000003
288.9,24.52,46.42,-14.37,99.87,79.11,7.34,43.46,7.45,2.35,37.400000000000034
288.9,24.52,46.42,-14.37,99.87,79.11,7.34,43.46,7.45,2.35,37.500000000000036
291.71,24.64,47.21,-13.95,99.87,78.35,7.34,42.77,7.45,2.31,37.60000000000003
291.71,24.64,47.21,-13.95,99.87,78.35,7.34,42.77,7.45,2.31,37.70000000000003
291.71,24.64,47.21,-13.95,99.87,78.35,7.34,42.77,7.45,2.31,37.80000000000003
291.71,24.64,47.21,-13.95,99.87,78.35,7.34,42.77,7.45,2.31,37.900000000000034
291.71,24.64,47.21,-13.95,99.87,78.35,7.34,42.77,7.45,2.31,38.000000000000036
291.71,24.64,47.21,-13.95,99.87,78.35,7.34,42.77,7.45,2.31,38.10000000000003
291.71,24.64,47.21,-13.95,99.87,78.35,7.34,42.77,7.45,2.31,38.20000000000003
291.71,24.64,47.21,-13.95,99.87,78.35,7.34,42.77,7.45,2.31,38.30000000000003
291.71,24.64,47.21,-13.95,99.87,78.35,7.34,42.77,7.45,2.31,38.400000000000034
291.71,24.64,47.21,-13.95,99.87,78.35,7.34,42.77,7.45,2.31,38.500000000000036
291.71,24.64,47.21,-13.95,99.87,78.35,7.34,42.77,7.45,2.31,38.60000000000004
291.71,24.64,47.21,-13.95,99.87,78.35,7.34,42.77,7.45,2.31,38.70000000000003
291.71,24.64,47.21,-13.95,99.87,78.35,7.34,42.77,7.45,2.31,38.80000000000003
291.71,24.64,47.21,-13.95,99.87,78.35,7.34,42.77,7.45,2.31,38.900000000000034
291.71,24.64,47.21,-13.95,99.87,78.35,7.34,42.77,7.45,2.31,39.000000000000036
291.71,24.64,47.21,-13.95,99.87,78.35,7.34,42.77,7.45,2.31,39.10000000000004
291.71,24.64,47.21,-13.95,99.87,78.35,7.34,42.77,7.45,2.31,39.20000000000003
291.71,24.64,47.21,-13.95,99.87,78.35,7.34,42.77,7.45,2.31,39.30000000000003
291.71,24.64,47.21,-13.95,99.87,78.35,7.34,42.77,7.45,2.31,39.400000000000034
291.71,24.64,47.21,-13.95,99.87,78.35,7.34,42.77,7.45,2.31,39.500000000000036
291.71,24.64,47.21,-13.95,99.87,78.35,7.34,42.77,7.45,2.31,39.60000000000004
291.71,24.64,47.21,-13.95,99.87,78.35,7.34,42.77,7.45,2.31,39.70000000000003
291.71,24.64,47.21,-13.95,99.87,78.35,7.34,42.77,7.45,2.31,39.80000000000003
291.71,24.64,47.21,-13.95,99.87,78.35,7.34,42.77,7.45,2.31,39.900000000000034
291.71,24.64,47.21,-13.95,99.87,78.35,7.34,42.77,7.45,2.31,40.000000000000036
293.75,24.72,47.73,-13.66,99.87,77.79,7.34,42.27,7.44,2.29,40.10000000000004
293.75,24.72,47.73,-13.66,99.87,77.79,7.34,42.27,7.44,2.29,40.20000000000003
293.75,24.72,47.73,-13.66,99.87,77.79,7.34,42.27,7.44,2.29,40.30000000000003
293.75,24.72,47.73,-13.66,99.87,77.79,7.34,42.27,7.44,2.29,40.400000000000034
293.75,24.72,47.73,-13.66,99.87,77.79,7.34,42.27,7.44,2.29,40.500000000000036
293.75,24.72,47.73,-13.66,99.87,77.79,7.34,42.27,7.44,2.29,40.60000000000004
293.75,24.72,47.73,-13.66,99.87,77.79,7.34,42.27,7.44,2.29,40.70000000000004
293.75,24.72,47.73,-13.66,99.87,77.79,7.34,42.27,7.44,2.29,40.80000000000003
293.75,24.72,47.73,-13.66,99.87,77.79,7.34,42.27,7.44,2.29,40.900000000000034
293.75,24.72,47.73,-13.66,99.87,77.79,7.34,42.27,7.44,2.29,41.000000000000036
293.75,24.72,47.73,-13.66,99.87,77.79,7.34,42.27,7.44,2.29,41.10000000000004
293.75,24.72,47.73,-13.66,99.87,77.79,7.34,42.27,7.44,2.29,41.20000000000004
293.75,24.72,47.73,-13.66,99.87,77.79,7.34,42.27,7.44,2.29,41.30000000000003
293.75,24.72,47.73,-13.66,99.87,77.79,7.34,42.27,7.44,2.29,41.400000000000034
293.75,24.72,47.73,-13.66,99.87,77.79,7.34,42.27,7.44,2.29,41.500000000000036
293.75,24.72,47.73,-13.66,99.87,77.79,7.34,42.27,7.44,2.29,41.60000000000004
293.75,24.72,47.73,-13.66,99.87,77.79,7.34,42.27,7.44,2.29,41.70000000000004
293.75,24.72,47.73,-13.66,99.87,77.79,7.34,42.27,7.44,2.29,41.80000000000004
293.75,24.72,47.73,-13.66,99.87,77.79,7.34,42.27,7.44,2.29,41.900000000000034
293.75,24.72,47.73,-13.66,99.87,77.79,7.34,42.27,7.44,2.29,42.000000000000036
293.75,24.72,47.73,-13.66,99.87,77.79,7.34,42.27,7.44,2.29,42.10000000000004
293.75,24.72,47.73,-13.66,99.87,77.79,7.34,42.27,7.44,2.29,42.20000000000004
293.75,24.72,47.73,-13.66,99.87,77.79,7.34,42.27,7.44,2.29,42.30000000000004
293.75,24.72,47.73,-13.66,99.87,77.79,7.34,42.27,7.44,2.29,42.400000000000034
293.75,24.72,47.73,-13.66,99.87,77.79,7.34,42.27,7.44,2.29,42.500000000000036
296.42,24.81,48.33,-13.3,99.88,77.03,7.33,41.63,7.44,2.26,42.60000000000004
296.42,24.81,48.33,-13.3,99.88,77.03,7.33,41.63,7.44,2.26,42.70000000000004
296.42,24.81,48.33,-13.3,99.88,77.03,7.33,41.63,7.44,2.26,42.80000000000004
296.42,24.81,48.33,-13.3,99.88,77.03,7.33,41.63,7.44,2.26,42.900000000000034
296.42,24.81,48.33,-13.3,99.88,77.03,7.33,41.63,7.44,2.26,43.000000000000036
296.42,24.81,48.33,-13.3,99.88,77.03,7.33,41.63,7.44,2.26,43.10000000000004
296.42,24.81,48.33,-13.3,99.88,77.03,7.33,41.63,7.44,2.26,43.20000000000004
296.42,24.81,48.33,-13.3,99.88,77.03,7.33,41.63,7.44,2.26,43.30000000000004
296.42,24.81,48.33,-13.3,99.88,77.03,7.33,41.63,7.44,2.26,43.400000000000034
296.42,24.81,48.33,-13.3,99.88,77.03,7.33,41.63,7.44,2.26,43.500000000000036
296.42,24.81,48.33,-13.3,99.88,77.03,7.33,41.63,7.44,2.26,43.60000000000004
296.42,24.81,48.33,-13.3,99.88,77.03,7.33,41.63,7.44,2.26,43.70000000000004
296.42,24.81,48.33,-13.3,99.88,77.03,7.33,41.63,7.44,2.26,43.80000000000004
296.42,24.81,48.33,-13.3,99.88,77.03,7.33,41.63,7.44,2.26,43.90000000000004
296.42,24.81,48.33,-13.3,99.88,77.03,7.33,41.63,7.44,2.26,44.000000000000036
296.42,24.81,48.33,-13.3,99.88,77.03,7.33,41.63,7.44,2.26,44.10000000000004
296.42,24.81,48.33,-13.3,99.88,77.03,7.33,41.63,7.44,2.26,44.20000000000004
296.42,24.81,48.33,-13.3,99.88,77.03,7.33,41.63,7.44,2.26,44.30000000000004
296.42,24.81,48.33,-13.3,99.88,77.03,7.33,41.63,7.44,2.26,44.40000000000004
296.42,24.81,48.33,-13.3,99.88,77.03,7.33,41.63,7.44,2.26,44.500000000000036
296.42,24.81,48.33,-13.3,99.88,77.03,7.33,41.63,7.44,2.26,44.60000000000004
296.42,24.81,48.33,-13.3,99.88,77.03,7.33,41.63,7.44,2.26,44.70000000000004
296.42,24.81,48.33,-13.3,99.88,77.03,7.33,41.63,7.44,2.26,44.80000000000004
296.42,24.81,48.33,-13.3,99.88,77.03,7.33,41.63,7.44,2.26,44.90000000000004
296.42,24.81,48.33,-13.3,99.88,77.03,7.33,41.63,7.44,2.26,45.00000000000004
298.41,24.89,48.86,-13.07,99.88,76.5,7.33,41.2,7.44,2.23,45.10000000000004
298.41,24.89,48.86,-13.07,99.88,76.5,7.33,41.2,7.44,2.23,45.20000000000004
298.41,24.89,48.86,-13.07,99.88,76.5,7.33,41.2,7.44,2.23,45.30000000000004
298.41,24.89,48.86,-13.07,99.88,76.5,7.33,41.2,7.44,2.23,45.40000000000004
298.41,24.89,48.86,-13.07,99.88,76.5,7.33,41.2,7.44,2.23,45.50000000000004
298.41,24.89,48.86,-13.07,99.88,76.5,7.33,41.2,7.44,2.23,45.60000000000004
298.41,24.89,48.86,-13.07,99.88,76.5,7.33,41.2,7.44,2.23,45.70000000000004
298.41,24.89,48.86,-13.07,99.88,76.5,7.33,41.2,7.44,2.23,45.80000000000004
298.41,24.89,48.86,-13.07,99.88,76.5,7.33,41.2,7.44,2.23,45.90000000000004
298.41,24.89,48.86,-13.07,99.88,76.5,7.33,41.2,7.44,2.23,46.00000000000004
298.41,24.89,48.86,-13.07,99.88,76.5,7.33,41.2,7.44,2.23,46.10000000000004
298.41,24.89,48.86,-13.07,99.88,76.5,7.33,41.2,7.44,2.23,46.20000000000004
298.41,24.89,48.86,-13.07,99.88,76.5,7.33,41.2,7.44,2.23,46.30000000000004
298.41,24.89,48.86,-13.07,99.88,76.5,7.33,41.2,7.44,2.23,46.40000000000004
298.41,24.89,48.86,-13.07,99.88,76.5,7.33,41.2,7.44,2.23,46.50000000000004
298.41,24.89,48.86,-13.07,99.88,76.5,7.33,41.2,7.44,2.23,46.60000000000004
298.41,24.89,48.86,-13.07,99.88,76.5,7.33,41.2,7.44,2.23,46.70000000000004
298.41,24.89,48.86,-13.07,99.88,76.5,7.33,41.2,7.44,2.23,46.80000000000004
298.41,24.89,48.86,-13.07,99.88,76.5,7.33,41.2,7.44,2.23,46.90000000000004
298.41,24.89,48.86,-13.07,99.88,76.5,7.33,41.2,7.44,2.23,47.00000000000004
298.41,24.89,48.86,-13.07,99.88,76.5,7.33,41.2,7.44,2.23,47.100000000000044
298.41,24.89,48.86,-13.07,99.88,76.5,7.33,41.2,7.44,2.23,47.20000000000004
298.41,24.89,48.86,-13.07,99.88,76.5,7.33,41.2,7.44,2.23,47.30000000000004
298.41,24.89,48.86,-13.07,99.88,76.5,7.33,41.2,7.44,2.23,47.40000000000004
298.41,24.89,48.86,-13.07,99.88,76.5,7.33,41.2,7.44,2.23,47.50000000000004
301.84,25.03,49.77,-12.7,99.88,75.58,7.32,40.48,7.44,2.2,47.600000000000044
301.84,25.03,49.77,-12.7,99.88,75.58,7.32,40.48,7.44,2.2,47.70000000000004
301.84,25.03,49.77,-12.7,99.88,75.58,7.32,40.48,7.44,2.2,47.80000000000004
301.84,25.03,49.77,-12.7,99.88,75.58,7.32,40.48,7.44,2.2,47.90000000000004
301.84,25.03,49.77,-12.7,99.88,75.58,7.32,40.48,7.44,2.2,48.00000000000004
301.84,25.03,49.77,-12.7,99.88,75.58,7.32,40.48,7.44,2.2,48.100000000000044
301.84,25.03,49.77,-12.7,99.88,75.58,7.32,40.48,7.44,2.2,48.200000000000045
301.84,25.03,49.77,-12.7,99.88,75.58,7.32,40.48,7.44,2.2,48.30000000000004
301.84,25.03,49.77,-12.7,99.88,75.58,7.32,40.48,7.44,2.2,48.40000000000004
301.84,25.03,49.77,-12.7,99.88,75.58,7.32,40.48,7.44,2.2,48.50000000000004
301.84,25.03,49.77,-12.7,99.88,75.58,7.32,40.48,7.44,2.2,48.600000000000044
301.84,25.03,49.77,-12.7,99.88,75.58,7.32,40.48,7.44,2.2,48.700000000000045
302.2,25.04,49.87,-12.66,99.88,75.49,7.32,40.41,7.43,2.2,48.80000000000004
302.2,25.04,49.87,-12.66,99.88,75.49,7.32,40.41,7.43,2.2,48.90000000000004
302.2,25.04,49.87,-12.66,99.88,75.49,7.32,40.41,7.43,2.2,49.00000000000004
302.2,25.04,49.87,-12.66,99.88,75.49,7.32,40.41,7.43,2.2,49.100000000000044
302.2,25.04,49.87,-12.66,99.88,75.49,7.32,40.41,7.43,2.2,49.200000000000045
302.2,25.04,49.87,-12.66,99.88,75.49,7.32,40.41,7.43,2.2,49.30000000000004
302.2,25.04,49.87,-12.66,99.88,75.49,7.32,40.41,7.43,2.2,49.40000000000004
302.2,25.04,49.87,-12.66,99.88,75.49,7.32,40.41,7.43,2.2,49.50000000000004
302.2,25.04,49.87,-12.66,99.88,75.49,7.32,40.41,7.43,2.2,49.600000000000044
302.2,25.04,49.87,-12.66,99.88,75.49,7.32,40.41,7.43,2.2,49.700000000000045
302.2,25.04,49.87,-12.66,99.88,75.49,7.32,40.41,7.43,2.2,49.80000000000004
302.2,25.04,49.87,-12.66,99.88,75.49,7.32,40.41,7.43,2.2,49.90000000000004
302.2,25.04,49.87,-12.66,99.88,75.49,7.32,40.41,7.43,2.2,50.00000000000004
310.06,25.37,52.05,-11.91,99.89,73.45,7.31,38.88,7.42,2.12,50.100000000000044
310.06,25.37,52.05,-11.91,99.89,73.45,7.31,38.88,7.42,2.12,50.200000000000045
310.06,25.37,52.05,-11.91,99.89,73.45,7.31,38.88,7.42,2.12,50.30000000000005
310.06,25.37,52.05,-11.91,99.89,73.45,7.31,38.88,7.42,2.12,50.40000000000004
310.06,25.37,52.05,-11.91,99.89,73.45,7.31,38.88,7.42,2.12,50.50000000000004
310.06,25.37,52.05,-11.91,99.89,73.45,7.31,38.88,7.42,2.12,50.600000000000044
310.06,25.37,52.05,-11.91,99.89,73.45,7.31,38.88,7.42,2.12,50.700000000000045
310.06,25.37,52.05,-11.91,99.89,73.45,7.31,38.88,7.42,2.12,50.80000000000005
310.06,25.37,52.05,-11.91,99.89,73.45,7.31,38.88,7.42,2.12,50.90000000000004
310.06,25.37,52.05,-11.91,99.89,73.45,7.31,38.88,7.42,2.12,51.00000000000004
310.06,25.37,52.05,-11.91,99.89,73.45,7.31,38.88,7.42,2.12,51.100000000000044
310.06,25.37,52.05,-11.91,99.89,73.45,7.31,38.88,7.42,2.12,51.200000000000045
310.35,25.38,52.13,-11.88,99.89,73.37,7.31,38.82,7.42,2.12,51.30000000000005
310.35,25.38,52.13,-11.88,99.89,73.37,7.31,38.82,7.42,2.12,51.40000000000005
310.35,25.38,52.13,-11.88,99.89,73.37,7.31,38.82,7.42,2.12,51.50000000000004
310.35,25.38,52.13,-11.88,99.89,73.37,7.31,38.82,7.42,2.12,51.600000000000044
310.35,25.38,52.13,-11.88,99.89,73.37,7.31,38.82,7.42,2.12,51.700000000000045
310.35,25.38,52.13,-11.88,99.89,73.37,7.31,38.82,7.42,2.12,51.80000000000005
310.35,25.38,52.13,-11.88,99.89,73.37,7.31,38.82,7.42,2.12,51.90000000000005
310.35,25.38,52.13,-11.88,99.89,73.37,7.31,38.82,7.42,2.12,52.00000000000004
310.35,25.38,52.13,-11.88,99.89,73.37,7.31,38.82,7.42,2.12,52.100000000000044
310.35,25.38,52.13,-11.88,99.89,73.37,7.31,38.82,7.42,2.12,52.200000000000045
310.35,25.38,52.13,-11.88,99.89,73.37,7.31,38.82,7.42,2.12,52.30000000000005
310.35,25.38,52.13,-11.88,99.89,73.37,7.31,38.82,7.42,2.12,52.40000000000005
310.35,25.38,52.13,-11.88,99.89,73.37,7.31,38.82,7.42,2.12,52.50000000000004
312.21,25.46,52.64,-11.72,99.89,72.89,7.31,38.47,7.42,2.1,52.600000000000044
312.21,25.46,52.64,-11.72,99.89,72.89,7.31,38.47,7.42,2.1,52.700000000000045
312.21,25.46,52.64,-11.72,99.89,72.89,7.31,38.47,7.42,2.1,52.80000000000005
312.21,25.46,52.64,-11.72,99.89,72.89,7.31,38.47,7.42,2.1,52.90000000000005
312.21,25.46,52.64,-11.72,99.89,72.89,7.31,38.47,7.42,2.1,53.00000000000004
312.21,25.46,52.64,-11.72,99.89,72.89,7.31,38.47,7.42,2.1,53.100000000000044
312.21,25.46,52.64,-11.72,99.89,72.89,7.31,38.47,7.42,2.1,53.200000000000045
312.21,25.46,52.64,-11.72,99.89,72.89,7.31,38.47,7.42,2.1,53.30000000000005
312.21,25.46,52.64,-11.72,99.89,72.89,7.31,38.47,7.42,2.1,53.40000000000005
312.21,25.46,52.64,-11.72,99.89,72.89,7.31,38.47,7.42,2.1,53.50000000000005
312.21,25.46,52.64,-11.72,99.89,72.89,7.31,38.47,7.42,2.1,53.600000000000044
312.21,25.46,52.64,-11.72,99.89,72.89,7.31,38.47,7.42,2.1,53.700000000000045
313.84,25.52,53.08,-11.58,99.9,72.48,7.3,38.18,7.42,2.09,53.80000000000005
313.84,25.52,53.08,-11.58,99.9,72.48,7.3,38.18,7.42,2.09,53.90000000000005
313.84,25.52,53.08,-11.58,99.9,72.48,7.3,38.18,7.42,2.09,54.00000000000005
313.84,25.52,53.08,-11.58,99.9,72.48,7.3,38.18,7.42,2.09,54.100000000000044
313.84,25.52,53.08,-11.58,99.9,72.48,7.3,38.18,7.42,2.09,54.200000000000045
313.84,25.52,53.08,-11.58,99.9,72.48,7.3,38.18,7.42,2.09,54.30000000000005
313.84,25.52,53.08,-11.58,99.9,72.48,7.3,38.18,7.42,2.09,54.40000000000005
313.84,25.52,53.08,-11.58,99.9,72.48,7.3,38.18,7.42,2.09,54.50000000000005
313.84,25.52,53.08,-11.58,99.9,72.48,7.3,38.18,7.42,2.09,54.60000000000005
313.84,25.52,53.08,-11.58,99.9,72.48,7.3,38.18,7.42,2.09,54.700000000000045
313.84,25.52,53.08,-11.58,99.9,72.48,7.3,38.18,7.42,2.09,54.80000000000005
313.84,25.52,53.08,-11.58,99.9,72.48,7.3,38.18,7.42,2.09,54.90000000000005
313.84,25.52,53.08,-11.58,99.9,72.48,7.3,38.18,7.42,2.09,55.00000000000005
314.63,25.56,53.31,-11.51,99.9,72.29,7.3,38.05,7.42,2.08,55.10000000000005
314.63,25.56,53.31,-11.51,99.9,72.29,7.3,38.05,7.42,2.08,55.200000000000045
314.63,25.56,53.31,-11.51,99.9,72.29,7.3,38.05,7.42,2.08,55.30000000000005
314.63,25.56,53.31,-11.51,99.9,72.29,7.3,38.05,7.42,2.08,55.40000000000005
314.63,25.56,53.31,-11.51,99.9,72.29,7.3,38.05,7.42,2.08,55.50000000000005
314.63,25.56,53.31,-11.51,99.9,72.29,7.3,38.05,7.42,2.08,55.60000000000005
314.63,25.56,53.31,-11.51,99.9,72.29,7.3,38.05,7.42,2.08,55.700000000000045
314.63,25.56,53.31,-11.51,99.9,72.29,7.3,38.05,7.42,2.08,55.80000000000005
314.63,25.56,53.31,-11.51,99.9,72.29,7.3,38.05,7.42,2.08,55.90000000000005
314.63,25.56,53.31,-11.51,99.9,72.29,7.3,38.05,7.42,2.08,56.00000000000005
314.63,25.56,53.31,-11.51,99.9,72.29,7.3,38.05,7.42,2.08,56.10000000000005
314.63,25.56,53.31,-11.51,99.9,72.29,7.3,38.05,7.42,2.08,56.200000000000045
314.63,25.56,53.31,-11.51,99.9,72.29,7.3,38.05,7.42,2.08,56.30000000000005
314.63,25.56,53.31,-11.51,99.9,72.29,7.3,38.05,7.42,2.08,56.40000000000005
314.63,25.56,53.31,-11.51,99.9,72.29,7.3,38.05,7.42,2.08,56.50000000000005
314.63,25.56,53.31,-11.51,99.9,72.29,7.3,38.05,7.42,2.08,56.60000000000005
314.63,25.56,53.31,-11.51,99.9,72.29,7.3,38.05,7.42,2.08,56.70000000000005
314.63,25.56,53.31,-11.51,99.9,72.29,7.3,38.05,7.42,2.08,56.80000000000005
314.63,25.56,53.31,-11.51,99.9,72.29,7.3,38.05,7.42,2.08,56.90000000000005
314.63,25.56,53.31,-11.51,99.9,72.29,7.3,38.05,7.42,2.08,57.00000000000005
314.63,25.56,53.31,-11.51,99.9,72.29,7.3,38.05,7.42,2.08,57.10000000000005
314.63,25.56,53.31,-11.51,99.9,72.29,7.3,38.05,7.42,2.08,57.20000000000005
314.63,25.56,53.31,-11.51,99.9,72.29,7.3,38.05,7.42,2.08,57.30000000000005
314.63,25.56,53.31,-11.51,99.9,72.29,7.3,38.05,7.42,2.08,57.40000000000005
314.63,25.56,53.31,-11.51,99.9,72.29,7.3,38.05,7.42,2.08,57.50000000000005
317.25,25.66,54.0,-11.31,99.9,71.59,7.3,37.58,7.41,2.06,57.60000000000005
317.25,25.66,54.0,-11.31,99.9,71.59,7.3,37.58,7.41,2.06,57.70000000000005
317.25,25.66,54.0,-11.31,99.9,71.59,7.3,37.58,7.41,2.06,57.800000000000054
317.25,25.66,54.0,-11.31,99.9,71.59,7.3,37.58,7.41,2.06,57.90000000000005
317.25,25.66,54.0,-11.31,99.9,71.59,7.3,37.58,7.41,2.06,58.00000000000005
317.25,25.66,54.0,-11.31,99.9,71.59,7.3,37.58,7.41,2.06,58.10000000000005
317.25,25.66,54.0,-11.31,99.9,71.59,7.3,37.58,7.41,2.06,58.20000000000005
317.25,25.66,54.0,-11.31,99.9,71.59,7.3,37.58,7.41,2.06,58.300000000000054
317.25,25.66,54.0,-11.31,99.9,71.59,7.3,37.58,7.41,2.06,58.40000000000005
317.25,25.66,54.0,-11.31,99.9,71.59,7.3,37.58,7.41,2.06,58.50000000000005
317.25,25.66,54.0,-11.31,99.9,71.59,7.3,37.58,7.41,2.06,58.60000000000005
317.25,25.66,54.0,-11.31,99.9,71.59,7.3,37.58,7.41,2.06,58.70000000000005
319.04,25.73,54.46,-11.17,99.9,71.17,7.3,37.3,7.41,2.05,58.800000000000054
319.04,25.73,54.46,-11.17,99.9,71.17,7.3,37.3,7.41,2.05,58.90000000000005
319.04,25.73,54.46,-11.17,99.9,71.17,7.3,37.3,7.41,2.05,59.00000000000005
319.04,25.73,54.46,-11.17,99.9,71.17,7.3,37.3,7.41,2.05,59.10000000000005
319.04,25.73,54.46,-11.17,99.9,71.17,7.3,37.3,7.41,2.05,59.20000000000005
319.04,25.73,54.46,-11.17,99.9,71.17,7.3,37.3,7.41,2.05,59.300000000000054
319.04,25.73,54.46,-11.17,99.9,71.17,7.3,37.3,7.41,2.05,59.40000000000005
319.04,25.73,54.46,-11.17,99.9,71.17,7.3,37.3,7.41,2.05,59.50000000000005
319.04,25.73,54.46,-11.17,99.9,71.17,7.3,37.3,7.41,2.05,59.60000000000005
319.04,25.73,54.46,-11.17,99.9,71.17,7.3,37.3,7.41,2.05,59.70000000000005
319.04,25.73,54.46,-11.17,99.9,71.17,7.3,37.3,7.41,2.05,59.800000000000054
319.04,25.73,54.46,-11.17,99.9,71.17,7.3,37.3,7.41,2.05,59.900000000000055
319.04,25.73,54.46,-11.17,99.9,71.17,7.3,37.3,7.41,2.05,60.00000000000005
320.65,25.8,54.94,-11.05,99.9,70.77,7.29,37.04,7.41,2.04,60.10000000000005
320.65,25.8,54.94,-11.05,99.9,70.77,7.29,37.04,7.41,2.04,60.20000000000005
320.65,25.8,54.94,-11.05,99.9,70.77,7.29,37.04,7.41,2.04,60.300000000000054
320.65,25.8,54.94,-11.05,99.9,70.77,7.29,37.04,7.41,2.04,60.400000000000055
320.65,25.8,54.94,-11.05,99.9,70.77,7.29,37.04,7.41,2.04,60.50000000000005
320.65,25.8,54.94,-11.05,99.9,70.77,7.29,37.04,7.41,2.04,60.60000000000005
320.65,25.8,54.94,-11.05,99.9,70.77,7.29,37.04,7.41,2.04,60.70000000000005
320.65,25.8,54.94,-11.05,99.9,70.77,7.29,37.04,7.41,2.04,60.800000000000054
320.65,25.8,54.94,-11.05,99.9,70.77,7.29,37.04,7.41,2.04,60.900000000000055
320.65,25.8,54.94,-11.05,99.9,70.77,7.29,37.04,7.41,2.04,61.00000000000006
320.65,25.8,54.94,-11.05,99.9,70.77,7.29,37.04,7.41,2.04,61.10000000000005
320.65,25.8,54.94,-11.05,99.9,70.77,7.29,37.04,7.41,2.04,61.20000000000005
322.09,25.86,55.33,-10.94,99.9,70.5,7.29,36.86,7.41,2.03,61.300000000000054
322.09,25.86,55.33,-10.94,99.9,70.5,7.29,36.86,7.41,2.03,61.400000000000055
322.09,25.86,55.33,-10.94,99.9,70.5,7.29,36.86,7.41,2.03,61.50000000000006
322.09,25.86,55.33,-10.94,99.9,70.5,7.29,36.86,7.41,2.03,61.60000000000005
322.09,25.86,55.33,-10.94,99.9,70.5,7.29,36.86,7.41,2.03,61.70000000000005
322.09,25.86,55.33,-10.94,99.9,70.5,7.29,36.86,7.41,2.03,61.800000000000054
322.09,25.86,55.33,-10.94,99.9,70.5,7.29,36.86,7.41,2.03,61.900000000000055
322.09,25.86,55.33,-10.94,99.9,70.5,7.29,36.86,7.41,2.03,62.00000000000006
322.09,25.86,55.33,-10.94,99.9,70.5,7.29,36.86,7.41,2.03,62.10000000000005
322.09,25.86,55.33,-10.94,99.9,70.5,7.29,36.86,7.41,2.03,62.20000000000005
322.09,25.86,55.33,-10.94,99.9,70.5,7.29,36.86,7.41,2.03,62.300000000000054
322.09,25.86,55.33,-10.94,99.9,70.5,7.29,36.86,7.41,2.03,62.400000000000055
322.09,25.86,55.33,-10.94,99.9,70.5,7.29,36.86,7.41,2.03,62.50000000000006
323.68,25.94,55.85,-10.83,99.9,70.14,7.29,36.63,7.41,2.02,62.60000000000005
323.68,25.94,55.85,-10.83,99.9,70.14,7.29,36.63,7.41,2.02,62.70000000000005
323.68,25.94,55.85,-10.83,99.9,70.14,7.29,36.63,7.41,2.02,62.800000000000054
323.68,25.94,55.85,-10.83,99.9,70.14,7.29,36.63,7.41,2.02,62.900000000000055
323.68,25.94,55.85,-10.83,99.9,70.14,7.29,36.63,7.41,2.02,63.00000000000006
323.68,25.94,55.85,-10.83,99.9,70.14,7.29,36.63,7.41,2.02,63.10000000000006
323.68,25.94,55.85,-10.83,99.9,70.14,7.29,36.63,7.41,2.02,63.20000000000005
323.68,25.94,55.85,-10.83,99.9,70.14,7.29,36.63,7.41,2.02,63.300000000000054
323.68,25.94,55.85,-10.83,99.9,70.14,7.29,36.63,7.41,2.02,63.400000000000055
323.68,25.94,55.85,-10.83,99.9,70.14,7.29,36.63,7.41,2.02,63.50000000000006
323.68,25.94,55.85,-10.83,99.9,70.14,7.29,36.63,7.41,2.02,63.60000000000006
323.68,25.94,55.85,-10.83,99.9,70.14,7.29,36.63,7.41,2.02,63.70000000000005
324.85,26.01,56.34,-10.75,99.91,69.82,7.29,36.44,7.4,2.01,63.800000000000054
324.85,26.01,56.34,-10.75,99.91,69.82,7.29,36.44,7.4,2.01,63.900000000000055
324.85,26.01,56.34,-10.75,99.91,69.82,7.29,36.44,7.4,2.01,64.00000000000006
324.85,26.01,56.34,-10.75,99.91,69.82,7.29,36.44,7.4,2.01,64.10000000000005
324.85,26.01,56.34,-10.75,99.91,69.82,7.29,36.44,7.4,2.01,64.20000000000006
324.85,26.01,56.34,-10.75,99.91,69.82,7.29,36.44,7.4,2.01,64.30000000000005
324.85,26.01,56.34,-10.75,99.91,69.82,7.29,36.44,7.4,2.01,64.40000000000006
324.85,26.01,56.34,-10.75,99.91,69.82,7.29,36.44,7.4,2.01,64.50000000000006
324.85,26.01,56.34,-10.75,99.91,69.82,7.29,36.44,7.4,2.01,64.60000000000005
324.85,26.01,56.34,-10.75,99.91,69.82,7.29,36.44,7.4,2.01,64.70000000000006
324.85,26.01,56.34,-10.75,99.91,69.82,7.29,36.44,7.4,2.01,64.80000000000005
324.85,26.01,56.34,-10.75,99.91,69.82,7.29,36.44,7.4,2.01,64.90000000000006
324.85,26.01,56.34,-10.75,99.91,69.82,7.29,36.44,7.4,2.01,65.00000000000006
325.26,26.03,56.48,-10.72,99.91,69.73,7.29,36.38,7.4,2.01,65.10000000000005
325.26,26.03,56.48,-10.72,99.91,69.73,7.29,36.38,7.4,2.01,65.20000000000006
325.26,26.03,56.48,-10.72,99.91,69.73,7.29,36.38,7.4,2.01,65.30000000000005
325.26,26.03,56.48,-10.72,99.91,69.73,7.29,36.38,7.4,2.01,65.40000000000006
325.26,26.03,56.48,-10.72,99.91,69.73,7.29,36.38,7.4,2.01,65.50000000000006
325.26,26.03,56.48,-10.72,99.91,69.73,7.29,36.38,7.4,2.01,65.60000000000005
325.26,26.03,56.48,-10.72,99.91,69.73,7.29,36.38,7.4,2.01,65.70000000000006
325.26,26.03,56.48,-10.72,99.91,69.73,7.29,36.38,7.4,2.01,65.80000000000005
325.26,26.03,56.48,-10.72,99.91,69.73,7.29,36.38,7.4,2.01,65.90000000000006
325.26,26.03,56.48,-10.72,99.91,69.73,7.29,36.38,7.4,2.01,66.00000000000006
325.26,26.03,56.48,-10.72,99.91,69.73,7.29,36.38,7.4,2.01,66.10000000000005
325.26,26.03,56.48,-10.72,99.91,69.73,7.29,36.38,7.4,2.01,66.20000000000006
326.43,26.1,56.9,-10.65,99.91,69.44,7.28,36.2,7.4,2.0,66.30000000000005
326.43,26.1,56.9,-10.65,99.91,69.44,7.28,36.2,7.4,2.0,66.40000000000006
326.43,26.1,56.9,-10.65,99.91,69.44,7.28,36.2,7.4,2.0,66.50000000000006
326.43,26.1,56.9,-10.65,99.91,69.44,7.28,36.2,7.4,2.0,66.60000000000005
326.43,26.1,56.9,-10.65,99.91,69.44,7.28,36.2,7.4,2.0,66.70000000000006
326.43,26.1,56.9,-10.65,99.91,69.44,7.28,36.2,7.4,2.0,66.80000000000005
326.43,26.1,56.9,-10.65,99.91,69.44,7.28,36.2,7.4,2.0,66.90000000000006
326.43,26.1,56.9,-10.65,99.91,69.44,7.28,36.2,7.4,2.0,67.00000000000006
326.43,26.1,56.9,-10.65,99.91,69.44,7.28,36.2,7.4,2.0,67.10000000000007
326.43,26.1,56.9,-10.65,99.91,69.44,7.28,36.2,7.4,2.0,67.20000000000006
326.43,26.1,56.9,-10.65,99.91,69.44,7.28,36.2,7.4,2.0,67.30000000000005
326.43,26.1,56.9,-10.65,99.91,69.44,7.28,36.2,7.4,2.0,67.40000000000006
326.43,26.1,56.9,-10.65,99.91,69.44,7.28,36.2,7.4,2.0,67.50000000000006
329.58,26.25,57.92,-10.47,99.91,68.68,7.28,35.75,7.39,1.98,67.60000000000007
329.58,26.25,57.92,-10.47,99.91,68.68,7.28,35.75,7.39,1.98,67.70000000000006
329.58,26.25,57.92,-10.47,99.91,68.68,7.28,35.75,7.39,1.98,67.80000000000005
329.58,26.25,57.92,-10.47,99.91,68.68,7.28,35.75,7.39,1.98,67.90000000000006
329.58,26.25,57.92,-10.47,99.91,68.68,7.28,35.75,7.39,1.98,68.00000000000006
329.58,26.25,57.92,-10.47,99.91,68.68,7.28,35.75,7.39,1.98,68.10000000000007
329.58,26.25,57.92,-10.47,99.91,68.68,7.28,35.75,7.39,1.98,68.20000000000006
329.58,26.25,57.92,-10.47,99.91,68.68,7.28,35.75,7.39,1.98,68.30000000000005
329.58,26.25,57.92,-10.47,99.91,68.68,7.28,35.75,7.39,1.98,68.40000000000006
329.58,26.25,57.92,-10.47,99.91,68.68,7.28,35.75,7.39,1.98,68.50000000000006
329.58,26.25,57.92,-10.47,99.91,68.68,7.28,35.75,7.39,1.98,68.60000000000007
329.58,26.25,57.92,-10.47,99.91,68.68,7.28,35.75,7.39,1.98,68.70000000000006
329.58,26.25,57.92,-10.47,99.91,68.68,7.28,35.75,7.39,1.98,68.80000000000005
329.58,26.25,57.92,-10.47,99.91,68.68,7.28,35.75,7.39,1.98,68.90000000000006
329.58,26.25,57.92,-10.47,99.91,68.68,7.28,35.75,7.39,1.98,69.00000000000006
329.58,26.25,57.92,-10.47,99.91,68.68,7.28,35.75,7.39,1.98,69.10000000000007
329.58,26.25,57.92,-10.47,99.91,68.68,7.28,35.75,7.39,1.98,69.20000000000006
329.58,26.25,57.92,-10.47,99.91,68.68,7.28,35.75,7.39,1.98,69.30000000000005
329.58,26.25,57.92,-10.47,99.91,68.68,7.28,35.75,7.39,1.98,69.40000000000006
329.58,26.25,57.92,-10.47,99.91,68.68,7.28,35.75,7.39,1.98,69.50000000000006
329.58,26.25,57.92,-10.47,99.91,68.68,7.28,35.75,7.39,1.98,69.60000000000007
329.58,26.25,57.92,-10.47,99.91,68.68,7.28,35.75,7.39,1.98,69.70000000000006
329.58,26.25,57.92,-10.47,99.91,68.68,7.28,35.75,7.39,1.98,69.80000000000007
329.58,26.25,57.92,-10.47,99.91,68.68,7.28,35.75,7.39,1.98,69.90000000000006
329.58,26.25,57.92,-10.47,99.91,68.68,7.28,35.75,7.39,1.98,70.00000000000006
329.86,26.26,58.0,-10.45,99.91,68.62,7.28,35.72,7.39,1.98,70.10000000000007
329.86,26.26,58.0,-10.45,99.91,68.62,7.28,35.72,7.39,1.98,70.20000000000006
329.86,26.26,58.0,-10.45,99.91,68.62,7.28,35.72,7.39,1.98,70.30000000000007
329.86,26.26,58.0,-10.45,99.91,68.62,7.28,35.72,7.39,1.98,70.40000000000006
329.86,26.26,58.0,-10.45,99.91,68.62,7.28,35.72,7.39,1.98,70.50000000000006
329.86,26.26,58.0,-10.45,99.91,68.62,7.28,35.72,7.39,1.98,70.60000000000007
329.86,26.26,58.0,-10.45,99.91,68.62,7.28,35.72,7.39,1.98,70.70000000000006
329.86,26.26,58.0,-10.45,99.91,68.62,7.28,35.72,7.39,1.98,70.80000000000007
329.86,26.26,58.0,-10.45,99.91,68.62,7.28,35.72,7.39,1.98,70.90000000000006
329.86,26.26,58.0,-10.45,99.91,68.62,7.28,35.72,7.39,1.98,71.00000000000006
329.86,26.26,58.0,-10.45,99.91,68.62,7.28,35.72,7.39,1.98,71.10000000000007
329.86,26.26,58.0,-10.45,99.91,68.62,7.28,35.72,7.39,1.98,71.20000000000006
331.78,26.35,58.61,-10.35,99.91,68.15,7.27,35.45,7.39,1.97,71.30000000000007
331.78,26.35,58.61,-10.35,99.91,68.15,7.27,35.45,7.39,1.97,71.40000000000006
331.78,26.35,58.61,-10.35,99.91,68.15,7.27,35.45,7.39,1.97,71.50000000000006
331.78,26.35,58.61,-10.35,99.91,68.15,7.27,35.45,7.39,1.97,71.60000000000007
331.78,26.35,58.61,-10.35,99.91,68.15,7.27,35.45,7.39,1.97,71.70000000000006
331.78,26.35,58.61,-10.35,99.91,68.15,7.27,35.45,7.39,1.97,71.80000000000007
331.78,26.35,58.61,-10.35,99.91,68.15,7.27,35.45,7.39,1.97,71.90000000000006
331.78,26.35,58.61,-10.35,99.91,68.15,7.27,35.45,7.39,1.97,72.00000000000006
331.78,26.35,58.61,-10.35,99.91,68.15,7.27,35.45,7.39,1.97,72.10000000000007
331.78,26.35,58.61,-10.35,99.91,68.15,7.27,35.45,7.39,1.97,72.20000000000006
331.78,26.35,58.61,-10.35,99.91,68.15,7.27,35.45,7.39,1.97,72.30000000000007
331.78,26.35,58.61,-10.35,99.91,68.15,7.27,35.45,7.39,1.97,72.40000000000006
331.78,26.35,58.61,-10.35,99.91,68.15,7.27,35.45,7.39,1.97,72.50000000000006
335.58,26.52,59.74,-10.15,99.91,67.25,7.27,34.94,7.39,1.95,72.60000000000007
335.58,26.52,59.74,-10.15,99.91,67.25,7.27,34.94,7.39,1.95,72.70000000000006
335.58,26.52,59.74,-10.15,99.91,67.25,7.27,34.94,7.39,1.95,72.80000000000007
335.58,26.52,59.74,-10.15,99.91,67.25,7.27,34.94,7.39,1.95,72.90000000000006
335.58,26.52,59.74,-10.15,99.91,67.25,7.27,34.94,7.39,1.95,73.00000000000006
335.58,26.52,59.74,-10.15,99.91,67.25,7.27,34.94,7.39,1.95,73.10000000000007
335.58,26.52,59.74,-10.15,99.91,67.25,7.27,34.94,7.39,1.95,73.20000000000006
335.58,26.52,59.74,-10.15,99.91,67.25,7.27,34.94,7.39,1.95,73.30000000000007
335.58,26.52,59.74,-10.15,99.91,67.25,7.27,34.94,7.39,1.95,73.40000000000006
335.58,26.52,59.74,-10.15,99.91,67.25,7.27,34.94,7.39,1.95,73.50000000000007
335.58,26.52,59.74,-10.15,99.91,67.25,7.27,34.94,7.39,1.95,73.60000000000007
335.58,26.52,59.74,-10.15,99.91,67.25,7.27,34.94,7.39,1.95,73.70000000000006
335.88,26.54,59.84,-10.13,99.91,67.18,7.27,34.9,7.38,1.95,73.80000000000007
335.88,26.54,59.84,-10.13,99.91,67.18,7.27,34.9,7.38,1.95,73.90000000000006
335.88,26.54,59.84,-10.13,99.91,67.18,7.27,34.9,7.38,1.95,74.00000000000007
335.88,26.54,59.84,-10.13,99.91,67.18,7.27,34.9,7.38,1.95,74.10000000000007
335.88,26.54,59.84,-10.13,99.91,67.18,7.27,34.9,7.38,1.95,74.20000000000006
335.88,26.54,59.84,-10.13,99.91,67.18,7.27,34.9,7.38,1.95,74.30000000000007
335.88,26.54,59.84,-10.13,99.91,67.18,7.27,34.9,7.38,1.95,74.40000000000006
335.88,26.54,59.84,-10.13,99.91,67.18,7.27,34.9,7.38,1.95,74.50000000000007
335.88,26.54,59.84,-10.13,99.91,67.18,7.27,34.9,7.38,1.95,74.60000000000007
335.88,26.54,59.84,-10.13,99.91,67.18,7.27,34.9,7.38,1.95,74.70000000000006
335.88,26.54,59.84,-10.13,99.91,67.18,7.27,34.9,7.38,1.95,74.80000000000007
335.88,26.54,59.84,-10.13,99.91,67.18,7.27,34.9,7.38,1.95,74.90000000000006
335.88,26.54,59.84,-10.13,99.91,67.18,7.27,34.9,7.38,1.95,75.00000000000007
342.68,26.84,61.84,-9.8,99.92,65.56,7.26,34.01,7.38,1.92,75.10000000000007
342.68,26.84,61.84,-9.8,99.92,65.56,7.26,34.01,7.38,1.92,75.20000000000006
342.68,26.84,61.84,-9.8,99.92,65.56,7.26,34.01,7.38,1.92,75.30000000000007
342.68,26.84,61.84,-9.8,99.92,65.56,7.26,34.01,7.38,1.92,75.40000000000006
342.68,26.84,61.84,-9.8,99.92,65.56,7.26,34.01,7.38,1.92,75.50000000000007
342.68,26.84,61.84,-9.8,99.92,65.56,7.26,34.01,7.38,1.92,75.60000000000007
342.68,26.84,61.84,-9.8,99.92,65.56,7.26,34.01,7.38,1.92,75.70000000000006
342.68,26.84,61.84,-9.8,99.92,65.56,7.26,34.01,7.38,1.92,75.80000000000007
342.68,26.84,61.84,-9.8,99.92,65.56,7.26,34.01,7.38,1.92,75.90000000000006
342.68,26.84,61.84,-9.8,99.92,65.56,7.26,34.01,7.38,1.92,76.00000000000007
342.68,26.84,61.84,-9.8,99.92,65.56,7.26,34.01,7.38,1.92,76.10000000000007
342.68,26.84,61.84,-9.8,99.92,65.56,7.26,34.01,7.38,1.92,76.20000000000007
343.07,26.86,61.97,-9.78,99.92,65.47,7.26,33.96,7.38,1.92,76.30000000000007
343.07,26.86,61.97,-9.78,99.92,65.47,7.26,33.96,7.38,1.92,76.40000000000006
343.07,26.86,61.97,-9.78,99.92,65.47,7.26,33.96,7.38,1.92,76.50000000000007
343.07,26.86,61.97,-9.78,99.92,65.47,7.26,33.96,7.38,1.92,76.60000000000007
343.07,26.86,61.97,-9.78,99.92,65.47,7.26,33.96,7.38,1.92,76.70000000000007
343.07,26.86,61.97,-9.78,99.92,65.47,7.26,33.96,7.38,1.92,76.80000000000007
343.07,26.86,61.97,-9.78,99.92,65.47,7.26,33.96,7.38,1.92,76.90000000000006
343.07,26.86,61.97,-9.78,99.92,65.47,7.26,33.96,7.38,1.92,77.00000000000007
343.07,26.86,61.97,-9.78,99.92,65.47,7.26,33.96,7.38,1.92,77.10000000000007
343.07,26.86,61.97,-9.78,99.92,65.47,7.26,33.96,7.38,1.92,77.20000000000007
343.07,26.86,61.97,-9.78,99.92,65.47,7.26,33.96,7.38,1.92,77.30000000000007
343.07,26.86,61.97,-9.78,99.92,65.47,7.26,33.96,7.38,1.92,77.40000000000006
343.07,26.86,61.97,-9.78,99.92,65.47,7.26,33.96,7.38,1.92,77.50000000000007
347.57,27.07,63.39,-9.57,99.92,64.39,7.25,33.38,7.37,1.89,77.60000000000007
347.57,27.07,63.39,-9.57,99.92,64.39,7.25,33.38,7.37,1.89,77.70000000000007
347.57,27.07,63.39,-9.57,99.92,64.39,7.25,33.38,7.37,1.89,77.80000000000007
347.57,27.07,63.39,-9.57,99.92,64.39,7.25,33.38,7.37,1.89,77.90000000000006
347.57,27.07,63.39,-9.57,99.92,64.39,7.25,33.38,7.37,1.89,78.00000000000007
347.57,27.07,63.39,-9.57,99.92,64.39,7.25,33.38,7.37,1.89,78.10000000000007
347.57,27.07,63.39,-9.57,99.92,64.39,7.25,33.38,7.37,1.89,78.20000000000007
347.57,27.07,63.39,-9.57,99.92,64.39,7.25,33.38,7.37,1.89,78.30000000000007
347.57,27.07,63.39,-9.57,99.92,64.39,7.25,33.38,7.37,1.89,78.40000000000006
347.57,27.07,63.39,-9.57,99.92,64.39,7.25,33.38,7.37,1.89,78.50000000000007
347.57,27.07,63.39,-9.57,99.92,64.39,7.25,33.38,7.37,1.89,78.60000000000007
347.57,27.07,63.39,-9.57,99.92,64.39,7.25,33.38,7.37,1.89,78.70000000000007
347.57,27.07,63.39,-9.57,99.92,64.39,7.25,33.38,7.37,1.89,78.80000000000007
347.57,27.07,63.39,-9.57,99.92,64.39,7.25,33.38,7.37,1.89,78.90000000000006
347.57,27.07,63.39,-9.57,99.92,64.39,7.25,33.38,7.37,1.89,79.00000000000007
347.57,27.07,63.39,-9.57,99.92,64.39,7.25,33.38,7.37,1.89,79.10000000000007
347.57,27.07,63.39,-9.57,99.92,64.39,7.25,33.38,7.37,1.89,79.20000000000007
347.57,27.07,63.39,-9.57,99.92,64.39,7.25,33.38,7.37,1.89,79.30000000000007
347.57,27.07,63.39,-9.57,99.92,64.39,7.25,33.38,7.37,1.89,79.40000000000006
347.57,27.07,63.39,-9.57,99.92,64.39,7.25,33.38,7.37,1.89,79.50000000000007
347.57,27.07,63.39,-9.57,99.92,64.39,7.25,33.38,7.37,1.89,79.60000000000007
347.57,27.07,63.39,-9.57,99.92,64.39,7.25,33.38,7.37,1.89,79.70000000000007
347.57,27.07,63.39,-9.57,99.92,64.39,7.25,33.38,7.37,1.89,79.80000000000007
347.57,27.07,63.39,-9.57,99.92,64.39,7.25,33.38,7.37,1.89,79.90000000000008
347.57,27.07,63.39,-9.57,99.92,64.39,7.25,33.38,7.37,1.89,80.00000000000007
348.75,27.12,63.74,-9.52,99.92,64.13,7.25,33.24,7.37,1.89,80.10000000000007
348.75,27.12,63.74,-9.52,99.92,64.13,7.25,33.24,7.37,1.89,80.20000000000007
348.75,27.12,63.74,-9.52,99.92,64.13,7.25,33.24,7.37,1.89,80.30000000000007
348.75,27.12,63.74,-9.52,99.92,64.13,7.25,33.24,7.37,1.89,80.40000000000008
348.75,27.12,63.74,-9.52,99.92,64.13,7.25,33.24,7.37,1.89,80.50000000000007
348.75,27.12,63.74,-9.52,99.92,64.13,7.25,33.24,7.37,1.89,80.60000000000007
348.75,27.12,63.74,-9.52,99.92,64.13,7.25,33.24,7.37,1.89,80.70000000000007
348.75,27.12,63.74,-9.52,99.92,64.13,7.25,33.24,7.37,1.89,80.80000000000007
348.75,27.12,63.74,-9.52,99.92,64.13,7.25,33.24,7.37,1.89,80.90000000000008
348.75,27.12,63.74,-9.52,99.92,64.13,7.25,33.24,7.37,1.89,81.00000000000007
348.75,27.12,63.74,-9.52,99.92,64.13,7.25,33.24,7.37,1.89,81.10000000000007
348.75,27.12,63.74,-9.52,99.92,64.13,7.25,33.24,7.37,1.89,81.20000000000007
348.75,27.12,63.74,-9.52,99.92,64.13,7.25,33.24,7.37,1.89,81.30000000000007
348.75,27.12,63.74,-9.52,99.92,64.13,7.25,33.24,7.37,1.89,81.40000000000008
348.75,27.12,63.74,-9.52,99.92,64.13,7.25,33.24,7.37,1.89,81.50000000000007
348.75,27.12,63.74,-9.52,99.92,64.13,7.25,33.24,7.37,1.89,81.60000000000007
348.75,27.12,63.74,-9.52,99.92,64.13,7.25,33.24,7.37,1.89,81.70000000000007
348.75,27.12,63.74,-9.52,99.92,64.13,7.25,33.24,7.37,1.89,81.80000000000007
348.75,27.12,63.74,-9.52,99.92,64.13,7.25,33.24,7.37,1.89,81.90000000000008
348.75,27.12,63.74,-9.52,99.92,64.13,7.25,33.24,7.37,1.89,82.00000000000007
348.75,27.12,63.74,-9.52,99.92,64.13,7.25,33.24,7.37,1.89,82.10000000000007
348.75,27.12,63.74,-9.52,99.92,64.13,7.25,33.24,7.37,1.89,82.20000000000007
348.75,27.12,63.74,-9.52,99.92,64.13,7.25,33.24,7.37,1.89,82.30000000000007
348.75,27.12,63.74,-9.52,99.92,64.13,7.25,33.24,7.37,1.89,82.40000000000008
348.75,27.12,63.74,-9.52,99.92,64.13,7.25,33.24,7.37,1.89,82.50000000000007
352.35,27.33,65.15,-9.36,99.92,63.19,7.24,32.76,7.36,1.87,82.60000000000008
352.35,27.33,65.15,-9.36,99.92,63.19,7.24,32.76,7.36,1.87,82.70000000000007
352.71,27.35,65.27,-9.34,99.92,63.1,7.24,32.71,7.36,1.87,82.80000000000007
352.71,27.35,65.27,-9.34,99.92,63.1,7.24,32.71,7.36,1.87,82.90000000000008
352.71,27.35,65.27,-9.34,99.92,63.1,7.24,32.71,7.36,1.87,83.00000000000007
352.71,27.35,65.27,-9.34,99.92,63.1,7.24,32.71,7.36,1.87,83.10000000000008
352.71,27.35,65.27,-9.34,99.92,63.1,7.24,32.71,7.36,1.87,83.20000000000007
352.71,27.35,65.27,-9.34,99.92,63.1,7.24,32.71,7.36,1.87,83.30000000000007
352.71,27.35,65.27,-9.34,99.92,63.1,7.24,32.71,7.36,1.87,83.40000000000008
352.71,27.35,65.27,-9.34,99.92,63.1,7.24,32.71,7.36,1.87,83.50000000000007
352.71,27.35,65.27,-9.34,99.92,63.1,7.24,32.71,7.36,1.87,83.60000000000008
352.71,27.35,65.27,-9.34,99.92,63.1,7.24,32.71,7.36,1.87,83.70000000000007
352.71,27.35,65.27,-9.34,99.92,63.1,7.24,32.71,7.36,1.87,83.80000000000007
352.71,27.35,65.27,-9.34,99.92,63.1,7.24,32.71,7.36,1.87,83.90000000000008
352.71,27.35,65.27,-9.34,99.92,63.1,7.24,32.71,7.36,1.87,84.00000000000007
352.71,27.35,65.27,-9.34,99.92,63.1,7.24,32.71,7.36,1.87,84.10000000000008
352.71,27.35,65.27,-9.34,99.92,63.1,7.24,32.71,7.36,1.87,84.20000000000007
352.71,27.35,65.27,-9.34,99.92,63.1,7.24,32.71,7.36,1.87,84.30000000000007
352.71,27.35,65.27,-9.34,99.92,63.1,7.24,32.71,7.36,1.87,84.40000000000008
352.71,27.35,65.27,-9.34,99.92,63.1,7.24,32.71,7.36,1.87,84.50000000000007
352.71,27.35,65.27,-9.34,99.92,63.1,7.24,32.71,7.36,1.87,84.60000000000008
352.71,27.35,65.27,-9.34,99.92,63.1,7.24,32.71,7.36,1.87,84.70000000000007
352.71,27.35,65.27,-9.34,99.92,63.1,7.24,32.71,7.36,1.87,84.80000000000007
352.71,27.35,65.27,-9.34,99.92,63.1,7.24,32.71,7.36,1.87,84.90000000000008
352.71,27.35,65.27,-9.34,99.92,63.1,7.24,32.71,7.36,1.87,85.00000000000007
355.43,27.48,66.12,-9.25,99.93,62.5,7.24,32.41,7.35,1.86,85.10000000000008
355.43,27.48,66.12,-9.25,99.93,62.5,7.24,32.41,7.35,1.86,85.20000000000007
355.43,27.48,66.12,-9.25,99.93,62.5,7.24,32.41,7.35,1.86,85.30000000000007
355.43,27.48,66.12,-9.25,99.93,62.5,7.24,32.41,7.35,1.86,85.40000000000008
355.43,27.48,66.12,-9.25,99.93,62.5,7.24,32.41,7.35,1.86,85.50000000000007
355.43,27.48,66.12,-9.25,99.93,62.5,7.24,32.41,7.35,1.86,85.60000000000008
355.43,27.48,66.12,-9.25,99.93,62.5,7.24,32.41,7.35,1.86,85.70000000000007
355.43,27.48,66.12,-9.25,99.93,62.5,7.24,32.41,7.35,1.86,85.80000000000007
355.43,27.48,66.12,-9.25,99.93,62.5,7.24,32.41,7.35,1.86,85.90000000000008
355.43,27.48,66.12,-9.25,99.93,62.5,7.24,32.41,7.35,1.86,86.00000000000007
355.43,27.48,66.12,-9.25,99.93,62.5,7.24,32.41,7.35,1.86,86.10000000000008
355.43,27.48,66.12,-9.25,99.93,62.5,7.24,32.41,7.35,1.86,86.20000000000007
355.43,27.48,66.12,-9.25,99.93,62.5,7.24,32.41,7.35,1.86,86.30000000000008
355.43,27.48,66.12,-9.25,99.93,62.5,7.24,32.41,7.35,1.86,86.40000000000008
355.43,27.48,66.12,-9.25,99.93,62.5,7.24,32.41,7.35,1.86,86.50000000000007
355.43,27.48,66.12,-9.25,99.93,62.5,7.24,32.41,7.35,1.86,86.60000000000008
355.43,27.48,66.12,-9.25,99.93,62.5,7.24,32.41,7.35,1.86,86.70000000000007
355.43,27.48,66.12,-9.25,99.93,62.5,7.24,32.41,7.35,1.86,86.80000000000008
355.43,27.48,66.12,-9.25,99.93,62.5,7.24,32.41,7.35,1.86,86.90000000000008
355.43,27.48,66.12,-9.25,99.93,62.5,7.24,32.41,7.35,1.86,87.00000000000007
355.43,27.48,66.12,-9.25,99.93,62.5,7.24,32.41,7.35,1.86,87.10000000000008
355.43,27.48,66.12,-9.25,99.93,62.5,7.24,32.41,7.35,1.86,87.20000000000007
355.43,27.48,66.12,-9.25,99.93,62.5,7.24,32.41,7.35,1.86,87.30000000000008
355.43,27.48,66.12,-9.25,99.93,62.5,7.24,32.41,7.35,1.86,87.40000000000008
355.43,27.48,66.12,-9.25,99.93,62.5,7.24,32.41,7.35,1.86,87.50000000000007
359.27,27.63,67.16,-9.15,99.93,61.75,7.24,32.04,7.35,1.85,87.60000000000008
359.27,27.63,67.16,-9.15,99.93,61.75,7.24,32.04,7.35,1.85,87.70000000000007
359.27,27.63,67.16,-9.15,99.93,61.75,7.24,32.04,7.35,1.85,87.80000000000008
359.27,27.63,67.16,-9.15,99.93,61.75,7.24,32.04,7.35,1.85,87.90000000000008
359.27,27.63,67.16,-9.15,99.93,61.75,7.24,32.04,7.35,1.85,88.00000000000007
359.94,27.67,67.41,-9.13,99.93,61.58,7.23,31.96,7.35,1.84,88.10000000000008
359.94,27.67,67.41,-9.13,99.93,61.58,7.23,31.96,7.35,1.84,88.20000000000007
359.94,27.67,67.41,-9.13,99.93,61.58,7.23,31.96,7.35,1.84,88.30000000000008
359.94,27.67,67.41,-9.13,99.93,61.58,7.23,31.96,7.35,1.84,88.40000000000008
359.94,27.67,67.41,-9.13,99.93,61.58,7.23,31.96,7.35,1.84,88.50000000000007
359.94,27.67,67.41,-9.13,99.93,61.58,7.23,31.96,7.35,1.84,88.60000000000008
359.94,27.67,67.41,-9.13,99.93,61.58,7.23,31.96,7.35,1.84,88.70000000000007
359.94,27.67,67.41,-9.13,99.93,61.58,7.23,31.96,7.35,1.84,88.80000000000008
359.94,27.67,67.41,-9.13,99.93,61.58,7.23,31.96,7.35,1.84,88.90000000000008
359.94,27.67,67.41,-9.13,99.93,61.58,7.23,31.96,7.35,1.84,89.00000000000009
359.94,27.67,67.41,-9.13,99.93,61.58,7.23,31.96,7.35,1.84,89.10000000000008
359.94,27.67,67.41,-9.13,99.93,61.58,7.23,31.96,7.35,1.84,89.20000000000007
359.94,27.67,67.41,-9.13,99.93,61.58,7.23,31.96,7.35,1.84,89.30000000000008
359.94,27.67,67.41,-9.13,99.93,61.58,7.23,31.96,7.35,1.84,89.40000000000008
359.94,27.67,67.41,-9.13,99.93,61.58,7.23,31.96,7.35,1.84,89.50000000000009
359.94,27.67,67.41,-9.13,99.93,61.58,7.23,31.96,7.35,1.84,89.60000000000008
359.94,27.67,67.41,-9.13,99.93,61.58,7.23,31.96,7.35,1.84,89.70000000000007
359.94,27.67,67.41,-9.13,99.93,61.58,7.23,31.96,7.35,1.84,89.80000000000008
359.94,27.67,67.41,-9.13,99.93,61.58,7.23,31.96,7.35,1.84,89.90000000000008
359.94,27.67,67.41,-9.13,99.93,61.58,7.23,31.96,7.35,1.84,90.00000000000009
363.06,27.85,68.61,-9.01,99.93,60.83,7.23,31.6,7.34,1.83,90.10000000000008
363.06,27.85,68.61,-9.01,99.93,60.83,7.23,31.6,7.34,1.83,90.20000000000007
363.5,27.88,68.78,-9.0,99.93,60.73,7.23,31.55,7.34,1.83,90.30000000000008
363.5,27.88,68.78,-9.0,99.93,60.73,7.23,31.55,7.34,1.83,90.40000000000008
363.5,27.88,68.78,-9.0,99.93,60.73,7.23,31.55,7.34,1.83,90.50000000000009
363.82,27.89,68.89,-8.99,99.93,60.65,7.23,31.52,7.34,1.83,90.60000000000008
363.82,27.89,68.89,-8.99,99.93,60.65,7.23,31.52,7.34,1.83,90.70000000000007
363.82,27.89,68.89,-8.99,99.93,60.65,7.23,31.52,7.34,1.83,90.80000000000008
363.82,27.89,68.89,-8.99,99.93,60.65,7.23,31.52,7.34,1.83,90.90000000000008
363.82,27.89,68.89,-8.99,99.93,60.65,7.23,31.52,7.34,1.83,91.00000000000009
363.82,27.89,68.89,-8.99,99.93,60.65,7.23,31.52,7.34,1.83,91.10000000000008
363.82,27.89,68.89,-8.99,99.93,60.65,7.23,31.52,7.34,1.83,91.20000000000007
363.82,27.89,68.89,-8.99,99.93,60.65,7.23,31.52,7.34,1.83,91.30000000000008
363.82,27.89,68.89,-8.99,99.93,60.65,7.23,31.52,7.34,1.83,91.40000000000008
363.82,27.89,68.89,-8.99,99.93,60.65,7.23,31.52,7.34,1.83,91.50000000000009
363.82,27.89,68.89,-8.99,99.93,60.65,7.23,31.52,7.34,1.83,91.60000000000008
363.82,27.89,68.89,-8.99,99.93,60.65,7.23,31.52,7.34,1.83,91.70000000000007
363.82,27.89,68.89,-8.99,99.93,60.65,7.23,31.52,7.34,1.83,91.80000000000008
363.82,27.89,68.89,-8.99,99.93,60.65,7.23,31.52,7.34,1.83,91.90000000000008
363.82,27.89,68.89,-8.99,99.93,60.65,7.23,31.52,7.34,1.83,92.00000000000009
363.82,27.89,68.89,-8.99,99.93,60.65,7.23,31.52,7.34,1.83,92.10000000000008
363.82,27.89,68.89,-8.99,99.93,60.65,7.23,31.52,7.34,1.83,92.20000000000007
363.82,27.89,68.89,-8.99,99.93,60.65,7.23,31.52,7.34,1.83,92.30000000000008
363.82,27.89,68.89,-8.99,99.93,60.65,7.23,31.52,7.34,1.83,92.40000000000008
363.82,27.89,68.89,-8.99,99.93,60.65,7.23,31.52,7.34,1.83,92.50000000000009
365.54,28.06,70.02,-8.88,99.93,60.06,7.22,31.24,7.34,1.82,92.60000000000008
365.54,28.06,70.02,-8.88,99.93,60.06,7.22,31.24,7.34,1.82,92.70000000000009
366.44,28.15,70.56,-8.83,99.93,59.77,7.22,31.1,7.33,1.81,92.80000000000008
366.44,28.15,70.56,-8.83,99.93,59.77,7.22,31.1,7.33,1.81,92.90000000000008
366.44,28.15,70.56,-8.83,99.93,59.77,7.22,31.1,7.33,1.81,93.00000000000009
366.93,28.18,70.82,-8.81,99.93,59.63,7.22,31.04,7.33,1.81,93.10000000000008
366.93,28.18,70.82,-8.81,99.93,59.63,7.22,31.04,7.33,1.81,93.20000000000009
366.93,28.18,70.82,-8.81,99.93,59.63,7.22,31.04,7.33,1.81,93.30000000000008
366.93,28.18,70.82,-8.81,99.93,59.63,7.22,31.04,7.33,1.81,93.40000000000008
366.93,28.18,70.82,-8.81,99.93,59.63,7.22,31.04,7.33,1.81,93.50000000000009
366.93,28.18,70.82,-8.81,99.93,59.63,7.22,31.04,7.33,1.81,93.60000000000008
366.93,28.18,70.82,-8.81,99.93,59.63,7.22,31.04,7.33,1.81,93.70000000000009
366.93,28.18,70.82,-8.81,99.93,59.63,7.22,31.04,7.33,1.81,93.80000000000008
366.93,28.18,70.82,-8.81,99.93,59.63,7.22,31.04,7.33,1.81,93.90000000000008
366.93,28.18,70.82,-8.81,99.93,59.63,7.22,31.04,7.33,1.81,94.00000000000009
366.93,28.18,70.82,-8.81,99.93,59.63,7.22,31.04,7.33,1.81,94.10000000000008
366.93,28.18,70.82,-8.81,99.93,59.63,7.22,31.04,7.33,1.81,94.20000000000009
366.93,28.18,70.82,-8.81,99.93,59.63,7.22,31.04,7.33,1.81,94.30000000000008
366.93,28.18,70.82,-8.81,99.93,59.63,7.22,31.04,7.33,1.81,94.40000000000008
366.93,28.18,70.82,-8.81,99.93,59.63,7.22,31.04,7.33,1.81,94.50000000000009
366.93,28.18,70.82,-8.81,99.93,59.63,7.22,31.04,7.33,1.81,94.60000000000008
366.93,28.18,70.82,-8.81,99.93,59.63,7.22,31.04,7.33,1.81,94.70000000000009
366.93,28.18,70.82,-8.81,99.93,59.63,7.22,31.04,7.33,1.81,94.80000000000008
366.93,28.18,70.82,-8.81,99.93,59.63,7.22,31.04,7.33,1.81,94.90000000000008
366.93,28.18,70.82,-8.81,99.93,59.63,7.22,31.04,7.33,1.81,95.00000000000009
367.2,28.2,70.93,-8.8,99.93,59.56,7.22,31.0,7.33,1.81,95.10000000000008
367.2,28.2,70.93,-8.8,99.93,59.56,7.22,31.0,7.33,1.81,95.20000000000009
367.64,28.23,71.13,-8.8,99.93,59.48,7.22,30.97,7.33,1.81,95.30000000000008
367.64,28.23,71.13,-8.8,99.93,59.48,7.22,30.97,7.33,1.81,95.40000000000009
367.64,28.23,71.13,-8.8,99.93,59.48,7.22,30.97,7.33,1.81,95.50000000000009
368.02,28.24,71.2,-8.8,99.93,59.41,7.22,30.94,7.33,1.81,95.60000000000008
368.02,28.24,71.2,-8.8,99.93,59.41,7.22,30.94,7.33,1.81,95.70000000000009
368.49,28.24,71.19,-8.8,99.93,59.33,7.22,30.9,7.33,1.8,95.80000000000008
368.49,28.24,71.19,-8.8,99.93,59.33,7.22,30.9,7.33,1.8,95.90000000000009
368.49,28.24,71.19,-8.8,99.93,59.33,7.22,30.9,7.33,1.8,96.00000000000009
368.49,28.24,71.19,-8.8,99.93,59.33,7.22,30.9,7.33,1.8,96.10000000000008
368.49,28.24,71.19,-8.8,99.93,59.33,7.22,30.9,7.33,1.8,96.20000000000009
368.49,28.24,71.19,-8.8,99.93,59.33,7.22,30.9,7.33,1.8,96.30000000000008
368.49,28.24,71.19,-8.8,99.93,59.33,7.22,30.9,7.33,1.8,96.40000000000009
368.49,28.24,71.19,-8.8,99.93,59.33,7.22,30.9,7.33,1.8,96.50000000000009
368.49,28.24,71.19,-8.8,99.93,59.33,7.22,30.9,7.33,1.8,96.60000000000008
368.49,28.24,71.19,-8.8,99.93,59.33,7.22,30.9,7.33,1.8,96.70000000000009
368.49,28.24,71.19,-8.8,99.93,59.33,7.22,30.9,7.33,1.8,96.80000000000008
368.49,28.24,71.19,-8.8,99.93,59.33,7.22,30.9,7.33,1.8,96.90000000000009
368.49,28.24,71.19,-8.8,99.93,59.33,7.22,30.9,7.33,1.8,97.00000000000009
368.49,28.24,71.19,-8.8,99.93,59.33,7.22,30.9,7.33,1.8,97.10000000000008
368.49,28.24,71.19,-8.8,99.93,59.33,7.22,30.9,7.33,1.8,97.20000000000009
368.49,28.24,71.19,-8.8,99.93,59.33,7.22,30.9,7.33,1.8,97.30000000000008
368.49,28.24,71.19,-8.8,99.93,59.33,7.22,30.9,7.33,1.8,97.40000000000009
368.49,28.24,71.19,-8.8,99.93,59.33,7.22,30.9,7.33,1.8,97.50000000000009
368.9,28.26,71.32,-8.79,99.93,59.24,7.22,30.86,7.33,1.8,97.60000000000008
368.9,28.26,71.32,-8.79,99.93,59.24,7.22,30.86,7.33,1.8,97.70000000000009
369.68,28.29,71.56,-8.77,99.93,59.07,7.22,30.78,7.33,1.8,97.80000000000008
369.68,28.29,71.56,-8.77,99.93,59.07,7.22,30.78,7.33,1.8,97.90000000000009
369.68,28.29,71.56,-8.77,99.93,59.07,7.22,30.78,7.33,1.8,98.00000000000009
372.31,28.44,72.52,-8.68,99.94,58.5,7.21,30.53,7.33,1.8,98.10000000000008
372.31,28.44,72.52,-8.68,99.94,58.5,7.21,30.53,7.33,1.8,98.20000000000009
372.31,28.44,72.52,-8.68,99.94,58.5,7.21,30.53,7.33,1.8,98.30000000000008
372.31,28.44,72.52,-8.68,99.94,58.5,7.21,30.53,7.33,1.8,98.40000000000009
372.31,28.44,72.52,-8.68,99.94,58.5,7.21,30.53,7.33,1.8,98.50000000000009
372.31,28.44,72.52,-8.68,99.94,58.5,7.21,30.53,7.33,1.8,98.60000000000008
372.31,28.44,72.52,-8.68,99.94,58.5,7.21,30.53,7.33,1.8,98.70000000000009
372.31,28.44,72.52,-8.68,99.94,58.5,7.21,30.53,7.33,1.8,98.80000000000008
372.31,28.44,72.52,-8.68,99.94,58.5,7.21,30.53,7.33,1.8,98.90000000000009
372.31,28.44,72.52,-8.68,99.94,58.5,7.21,30.53,7.33,1.8,99.00000000000009
372.31,28.44,72.52,-8.68,99.94,58.5,7.21,30.53,7.33,1.8,99.1000000000001
372.31,28.44,72.52,-8.68,99.94,58.5,7.21,30.53,7.33,1.8,99.20000000000009
372.31,28.44,72.52,-8.68,99.94,58.5,7.21,30.53,7.33,1.8,99.30000000000008
372.31,28.44,72.52,-8.68,99.94,58.5,7.21,30.53,7.33,1.8,99.40000000000009
372.31,28.44,72.52,-8.68,99.94,58.5,7.21,30.53,7.33,1.8,99.50000000000009
372.31,28.44,72.52,-8.68,99.94,58.5,7.21,30.53,7.33,1.8,99.6000000000001
372.31,28.44,72.52,-8.68,99.94,58.5,7.21,30.53,7.33,1.8,99.70000000000009
372.31,28.44,72.52,-8.68,99.94,58.5,7.21,30.53,7.33,1.8,99.80000000000008
372.31,28.44,72.52,-8.68,99.94,58.5,7.21,30.53,7.33,1.8,99.90000000000009
372.31,28.44,72.52,-8.68,99.94,58.5,7.21,30.53,7.33,1.8,100.00000000000009
